order_id,order_date,region,city,product_name,category,quantity,unit_price,total_revenue,customer_id,sales_channel
UK-2026-102067,2026-03-10,Central,Nagpur,Running Sneakers,Fashion,1,2691,2691,CUST-12690,Website
UK-2026-102724,"Apr 9, 2026",West,Surat,Mirrorless Camera Lite,Electronics,1,29519,29519,CUST-51717,Website
UK-2026-100257,2026-01-31,West,Surat,Electric Kettle 1.5L,Home & Kitchen,1,1112,1112,CUST-96349,Website
UK-2026-103342,2026-05-17,West,Mumbai,Ultrabook Air 14,Electronics,1,31070,31070,CUST-13176,Marketplace
UK-2026-101085,2026-02-05,North,Delhi,Silk Saree,Fashion,1,3344,3344,CUST-73548,Website
UK-2026-102225,2026-03-10,West,Surat,Leather Wallet,Fashion,2,883,1766,CUST-14911,App
UK-2026-101933,2026-03-16,North,Noida,Face Wash Combo,Beauty,1,461,461,CUST-19680,App
UK-2026-104814,2026-06-24,North,Delhi,Face Wash Combo,Beauty,1,456,456,CUST-27891,App
UK-2026-102807,2026-04-07,Central,Raipur,Noise-Cancelling Headphones,Electronics,2,8637,17274,CUST-51124,App
UK-2026-100903,2026-02-14,West,Surat,Beard Grooming Kit,Beauty,1,995,995,CUST-51052,Website
UK-2026-102756,2026-04-06,South,Bengaluru,Vitamin C Serum   ,Beauty,2,679,1358,CUST-42062,Website
UK-2026-102448,2026-04-11,East,Bhubaneswar,Ionic Hair Dryer,Beauty,1,1840,1840,CUST-71231,Website
UK-2026-102419,2026-04-05,South,Chennai,Matte Lipstick Set,Beauty,2,894,1788,CUST-19250,App
UK-2026-100553,2026-01-10,North,Chandigarh,Bluetooth Speaker Mini,Electronics,1,1522,1522,CUST-31373,Website
UK-2026-102049,2026-03-02,South,Chennai,Air Fryer 5L,Home & Kitchen,1,5667,5667,CUST-81848,App
UK-2026-104059,2026-06-06,West,Mumbai,Air Fryer 5L,Home & Kitchen,1,5656,5656,CUST-47211,Website
UK-2026-104261,2026-06-12,North,Chandigarh,Air Fryer 5L,Home & Kitchen,1,5675,,CUST-97284,App
UK-2026-100854,2026-02-05,Central,Nagpur,Modern Wall Clock,Home & Kitchen,1,828,828,CUST-79986,App
UK-2026-102852,2026-04-29,East,Guwahati,43-inch Smart TV,Electronics,2,26216,52432,CUST-63648,Marketplace
UK-2026-103588,2026-05-13,South,Hyderabad,Running Sneakers,Fashion,1,2669,"₹2,669",CUST-79223,App
UK-2026-103375,2026-05-31,West,Ahmedabad,Face Wash Combo,Beauty,2,452,904,CUST-22961,App
UK-2026-100751,2026-02-01,Central,Indore,Leather Wallet,Fashion,1,925,925,CUST-12487,App
UK-2026-103726,2026-05-28,East,Kolkata,Mixer Grinder 750W,Home & Kitchen,2,3136,6272,CUST-93583,Marketplace
UK-2026-101268,2026-02-25,West,Ahmedabad,Ultrabook Air 14,Electronics,1,29469,29469,CUST-83646,App
UK-2026-103097,2026-05-25,South,Kochi,43-inch Smart TV,Electronics,1,26201,26201,CUST-27562,App
UK-2026-101379,2026-02-25,East,Kolkata,Robot Vacuum R7,Home & Kitchen,2,19244,38488,CUST-54483,Website
UK-2026-104358,2026-06-07,West,Pune,Cotton Kurta Set,Fashion,4,1262,5048,CUST-97049,Website
UK-2026-102632,2026-04-28,Central,Indore,Cotton Bedsheet Set,Home & Kitchen,1,1420,1420,CUST-52479,App
UK-2026-103442,2026-05-10,North,Chandigarh,Formal Shirt,Fashion,1,1117,1117,CUST-10034,App
UK-2026-103246,2026-05-28,East,Bhubaneswar,Cotton Bedsheet Set,Home & Kitchen,2,1386,2772,CUST-49831,Website
UK-2026-104384,2026-06-24,East,Kolkata,Yoga Mat Pro,Sports,1,1173,1173,CUST-41537,Website
UK-2026-101716,2026-03-20,East,Guwahati,Robot Vacuum R7,Home & Kitchen,1,18122,18122,CUST-97554,Website
UK-2026-104429,2026-06-29,South,Hyderabad,43-inch Smart TV,Electronics,1,24871,24871,CUST-78005,Marketplace
UK-2026-103232,2026-05-26,South,Hyderabad,Cotton Bedsheet Set,Home & Kitchen,1,1362,1362,CUST-73346,App
UK-2026-104106,2026-06-10,South,BLR,Gym Gloves,Sports,2,493,986,CUST-48673,Website
UK-2026-102173,2026-03-21,South,Bengaluru,Modern Wall Clock,Home & Kitchen,1,814,814,CUST-30121,App
UK-2026-101782,2026-03-11,Central,Nagpur,Cotton Bedsheet Set,Home & Kitchen,1,1457,1457,CUST-52993,Website
UK-2026-104503,2026-06-10,South,Bengaluru,Noise-Cancelling Headphones,Electronics,1,8868,8868,CUST-24188,Marketplace
UK-2026-103911,2026-05-07,West,Mumbai,Smart Watch X2,Electronics,1,4699,4699,CUST-58174,Website
UK-2026-100675,2026-01-22,South,Bengaluru,Cotton Kurta Set,Fashion,2,1342,2684,CUST-95759,App
UK-2026-102441,2026-04-04,North,Chandigarh,Air Fryer 5L,Home & Kitchen,1,5403,5403,CUST-75818,Website
UK-2026-104262,2026-06-27,East,Kolkata,Bluetooth Speaker Mini,Electronics,0,1538,1538,CUST-53037,App
UK-2026-104178,2026-06-12,South,Kochi,Wireless Earbuds Pro,Electronics,1,2874,2874,CUST-26882,Marketplace
UK-2026-102842,2026-04-19,South,Bengaluru,Denim Jacket,Fashion,1,2260,2260,CUST-61490,Marketplace
UK-2026-100673,2026-01-04,West,Mumbai,CRICKET BAT ENGLISH WILLOW,Sports,2,8895,17790,CUST-66670,Website
UK-2026-100956,2026-02-01,North,Chandigarh,Smart Watch X2,Electronics,1,4487,4487,CUST-22791,Website
UK-2026-100121,2026-01-18,East,Patna,Non-Stick Cookware Set,Home & Kitchen,1,2807,2807,CUST-49529,App
UK-2026-103321,2026-05-29,West,Surat,Power Bank 20000mAh,Electronics,1,1769,1769,CUST-86706,Marketplace
UK-2026-104504,2026-06-17,South,Chennai,Badminton Racket Set,Sports,1,2564,2564,CUST-36818,App
UK-2026-102942,2026-04-26,East,Patna,Foldable Treadmill T2,Sports,1,26107,26107,CUST-77458,App
UK-2026-102439,2026-04-23,North,Gurugram,Cricket Bat English Willow,Sports,1,9226,9226,CUST-63648,App
UK-2026-100099,2026-01-08,South,Kochi,Cotton Kurta Set,Fashion,1,1291,1291,CUST-73084,App
UK-2026-103980,2026-05-31,North,Chandigarh,Cotton Kurta Set,Fashion,1,1308,1308,CUST-53360,App
UK-2026-101102,2026-02-22,South,Chennai,Matte Lipstick Set,Beauty,1,936,936,CUST-76457,Website
UK-2026-104741,2026-06-25,South,Chennai,Smart Watch X2,Electronics,2,4579,9158,CUST-45535,Website
UK-2026-104716,2026-06-12,South,Hyderabad,Ultrabook Air 14,Electronics,2,29203,58406,CUST-68919,Marketplace
UK-2026-100785,2026-02-10,Central,Bhopal,Leather Wallet,Fashion,2,894,1788,CUST-98932,Marketplace
UK-2026-102394,2026-04-13,West,Pune,Smart Watch X2,Electronics,1,4410,4410,CUST-48647,App
UK-2026-100412,2026-01-24,North,Noida,Running Sneakers,Fashion,2,2673,5346,CUST-36504,App
UK-2026-100861,2026-02-06,South,Kochi,Noise-Cancelling Headphones,Electronics,1,8721,8721,CUST-82203,App
UK-2026-100047,"Jan 5, 2026",South,Hyderabad,Mixer Grinder 750W,Home & Kitchen,1,3171,3171,CUST-97058,Website
UK-2026-104051,2026-06-24,West,Ahmedabad,Bluetooth Speaker Mini,Electronics,1,1535,1535,CUST-12690,Website
UK-2026-102181,2026-03-04,North,Delhi,Leather Wallet,Fashion,1,876,876,CUST-27765,Website
UK-2026-101637,2026-03-31,North,Delhi,Robot Vacuum R7,Home & Kitchen,1,19429,19429,CUST-42166,App
UK-2026-100987,2026-02-08,West,Surat,Bluetooth Speaker Mini,Electronics,1,1525,1525,CUST-69911,Marketplace
UK-2026-102364,2026-04-14,East,Patna,Badminton Racket Set,Sports,1,2575,2575,CUST-84263,Website
UK-2026-100690,2026-01-03,West,Bombay,Noise-Cancelling Headphones,Electronics,4,9172,36688,CUST-71026,App
UK-2026-102399,2026-04-23,Central,Raipur,Formal Shirt,Fashion,1,1050,1050,CUST-15053,App
UK-2026-104519,2026-06-01,West,Mumbai,Beard Grooming Kit,Beauty,2,963,1926,CUST-25188,App
UK-2026-102350,2026-04-25,West,Ahmedabad,Smart Watch X2,Electronics,2,4643,9286,CUST-88090,App
UK-2026-104806,2026-06-08,South,Chennai,Formal Shirt,Fashion,1,1096,1096,CUST-95433,Marketplace
UK-2026-102472,2026-04-28,,Bhubaneswar,43-inch Smart TV,Electronics,1,26323,26323,CUST-17708,Website
UK-2026-101646,2026-03-21,East,Kolkata,Smart Watch X2,Electronics,2,4413,8826,CUST-86124,Marketplace
UK-2026-104769,2026-06-09,East,Patna,Denim Jacket,Fashion,2,2303,4606,CUST-36192,App
UK-2026-100056,2026-01-11,Central,Indore,Mirrorless Camera Lite,Electronics,1,28639,28639,CUST-16556,App
UK-2026-102137,2026-03-07,North,Chandigarh,Cycling Helmet,Sports,1,1661,1661,CUST-32241,App
UK-2026-104104,2026-06-29,South,Hyderabad,Power Bank 20000mAh,Electronics,1,1859,1859,CUST-79565,Website
UK-2026-103886,2026-05-12,North,Gurugram,Robot Vacuum R7,Home & Kitchen,1,18612,18612,CUST-74495,App
UK-2026-102562,2026-04-11,Central,Bhopal,Power Bank 20000mAh,Electronics,2,1822,3644,CUST-88001,App
UK-2026-103605,2026-05-27,North,Noida,Cotton Bedsheet Set,Home & Kitchen,1,1460,1460,CUST-69367,Website
UK-2026-100596,2026-01-18,West,Ahmedabad,Beard Grooming Kit,Beauty,1,999,999,CUST-77873,Website
UK-2026-103848,2026-05-24,West,Ahmedabad,Mirrorless Camera Lite,Electronics,1,28048,28048,CUST-85850,Marketplace
UK-2026-102841,2026-04-07,South,Hyderabad,Badminton Racket Set,Sports,1,2426,2426,CUST-53943,App
UK-2026-101967,2026-03-24,North,Chandigarh,Mixer Grinder 750W,Home & Kitchen,2,3302,6604,CUST-94925,Marketplace
UK-2026-101015,2026-02-11,East,Kolkata,Power Bank 20000mAh,Electronics,2,1807,3614,CUST-23029,Website
UK-2026-100623,21/01/2026,West,Ahmedabad,Leather Wallet,Fashion,1,942,942,CUST-77142,Website
UK-2026-103939,2026-05-09,West,Ahmedabad,Denim Jacket,Fashion,1,2192,2192,CUST-34916,App
UK-2026-103715,2026-05-28,South,Kochi,Slim Fit Jeans,Fashion,1,1549,1549,CUST-77346,App
UK-2026-103075,08-04-26,West,Surat,Noise-Cancelling Headphones,Electronics,1,8910,8910,CUST-68587,Website
UK-2026-101283,2026-02-01,North,Noida,Silk Saree,Fashion,1,3650,3650,CUST-19329,App
UK-2026-101932,2026-03-31,South,Bengaluru,43-inch Smart TV,Electronics,2,27178,54356,CUST-63707,App
UK-2026-104207,2026-06-23,North,Gurugram,Electric Kettle 1.5L,Home & Kitchen,1,1140,1140,CUST-73084,Website
UK-2026-101269,2026-02-23,West,Ahmedabad,43-inch Smart TV   ,Electronics,1,25527,25527,CUST-66896,Marketplace
UK-2026-100119,2026-01-21,South,Chennai,Cotton Bedsheet Set,Home & Kitchen,1,1416,1416,CUST-73346,Website
UK-2026-104038,2026-06-19,South,Chennai,Smart Watch X2,Electronics,1,4676,4676 INR,CUST-72610,Marketplace
UK-2026-100436,2026-01-14,East,Bhubaneswar,Football Size 5,Sports,2,896,1792,CUST-78672,App
UK-2026-103327,2026-05-26,North,Chandigarh,Yoga Mat Pro,Sports,2,1215,2430,CUST-36369,Marketplace
UK-2026-103190,2026-05-07,East,Bhubaneswar,Modern Wall Clock,Home & Kitchen,1,788,788,CUST-48122,App
UK-2026-101174,2026-02-25,South,Chennai,Cotton Kurta Set,Fashion,1,1310,1310,CUST-54109,Website
UK-2026-102150,2026-03-07,West,Pune,Noise-Cancelling Headphones,Electronics,1,9102,9102,CUST-73757,App
UK-2026-102584,2026-04-17,North,Gurugram,Leather Wallet,Fashion,1,926,926,CUST-43452,Marketplace
UK-2026-103755,2026-05-28,East,Guwahati,Makeup Brush Set,Beauty,1,1260,1260,CUST-37241,Website
UK-2026-104687,2026-06-04,South,Chennai,Cotton Kurta Set,Fashion,1,1350,1350,CUST-33919,Website
UK-2026-104335,2026-06-13,Central,Nagpur,Noise-Cancelling Headphones,Electronics,1,8850,8850,CUST-43426,Website
UK-2026-104316,2026-06-09,East,Bhubaneswar,Cotton Bedsheet Set,Home & Kitchen,1,1372,1372,CUST-96110,App
UK-2026-102812,2026-04-01,West,Surat,Ultrabook Air 14,Electronics,1,30682,30682,CUST-43420,App
UK-2026-104637,2026-06-23,Central,Bhopal,Robot Vacuum R7,Home & Kitchen,4,19922,79688,CUST-40857,App
UK-2026-101555,2026-03-17,South,Madras,Ultrabook Air 14,Electronics,1,29553,29553,CUST-33527,Marketplace
UK-2026-101616,2026-03-18,South,Kochi,Denim Jacket,Fashion,1,2141,2141,CUST-98951,App
UK-2026-103072,2026-04-19,South,Hyderabad,Electric Kettle 1.5L,Home & Kitchen,2,1124,2248,CUST-28313,App
UK-2026-104764,2026-06-17,South,Bengaluru,Power Bank 20000mAh,Electronics,2,1790,3580,CUST-41285,Marketplace
UK-2026-103148,2026-05-30,South,Chennai,Noise-Cancelling Headphones,Electronics,2,8734,17468,CUST-45418,Website
UK-2026-102032,2026-03-29,South,Bengaluru,Face Wash Combo,Beauty,1,433,433,CUST-27502,App
UK-2026-104917,2026-06-10,West,Surat,Dinner Set 24pc,Home & Kitchen,2,2397,4794,CUST-47370,App
UK-2026-101154,2026-02-16,East,Kolkata,Cricket Bat English Willow,Sports,1,8555,8555,CUST-62829,Website
UK-2026-100871,2026-02-28,South,Hyderabad,Power Bank 20000mAh,Electronics,1,1888,1888,CUST-93800,Marketplace
UK-2026-100372,2026-01-07,West,Pune,Adjustable Dumbbells 15kg,Sports,1,4844,4844,CUST-15226,App
UK-2026-100593,2026-01-13,South,Kochi,Adjustable Dumbbells 15kg,Sports,1,5237,5237,CUST-81646,App
UK-2026-101855,2026-03-12,North,Delhi,Cotton Kurta Set,Fashion,1,1236,1236,CUST-61457,App
UK-2026-104086,2026-06-25,East,Patna,Air Fryer 5L,Home & Kitchen,2,5315,10630,CUST-31468,App
UK-2026-101009,2026-02-18,North,Noida,Robot Vacuum R7,Home & Kitchen,2,19844,39688,CUST-99360,App
UK-2026-103716,2026-05-15,North,Noida,Cycling Helmet,Sports,1,1655,1655,CUST-69356,App
UK-2026-102889,2026-04-13,South,Bengaluru,Mirrorless Camera Lite,Electronics,1,28728,28728,CUST-54209,Marketplace
UK-2026-101084,2026-02-14,East,Guwahati,Power Bank 20000mAh,Electronics,1,1886,1886,CUST-63358,App
UK-2026-104173,2026-06-21,North,Noida,Ultrabook Air 14,Electronics,3,28684,86052,CUST-95040,App
UK-2026-103554,2026-05-28,West,Ahmedabad,Smart Watch X2,Electronics,1,4460,4460,CUST-73757,Marketplace
UK-2026-104231,2026-06-10,South,Kochi,Leather Wallet,Fashion,1,928,928,CUST-97141,Website
UK-2026-103182,2026-05-27,Central,Raipur,Slim Fit Jeans,Fashion,2,1635,3270,CUST-30685,Website
UK-2026-103712,2026-05-23,North,Noida,Beard Grooming Kit,Beauty,1,987,987,CUST-89825,App
UK-2026-103189,2026-05-13,South,Chennai,Denim Jacket,Fashion,3,2133,6399,CUST-60679,Website
UK-2026-102845,2026-04-16,Central,Indore,Cotton Bedsheet Set,Home & Kitchen,1,1386,1386,CUST-63595,Marketplace
UK-2026-100229,2026-01-27,North,Gurugram,Cotton Bedsheet Set,Home & Kitchen,2,1465,2930,CUST-32538,Marketplace
UK-2026-104209,2026-06-22,North,Gurugram,Slim Fit Jeans,Fashion,2,1660,3320,CUST-98124,Marketplace
UK-2026-104952,2026-06-14,North,Delhi,Robot Vacuum R7,Home & Kitchen,1,19875,"19,875.00",CUST-21293,App
UK-2026-103100,2026-05-25,South,Kochi,Formal Shirt,Fashion,1,1123,1123,CUST-95433,App
UK-2026-100712,2026-01-09,North,Delhi,Mixer Grinder 750W,Home & Kitchen,1,3260,3260,CUST-80508,App
UK-2026-103656,2026-05-13,Central,Indore,Sunscreen SPF50,Beauty,1,550,550,CUST-71653,App
UK-2026-104841,2026-06-01,,Surat,Air Fryer 5L,Home & Kitchen,1,5484,5484,CUST-68364,App
UK-2026-100734,2026-02-22,West,Mumbai,Formal Shirt,Fashion,1,1093,1093,CUST-88162,Website
UK-2026-103813,2026-05-16,South,Chennai,Denim Jacket,Fashion,1,2231,2231,CUST-52993,Website
UK-2026-102024,2026-03-29,South,BLR,Running Sneakers,Fashion,1,2925,2925,CUST-28233,App
UK-2026-100279,2026-01-22,Central,Bhopal,Ethnic Dupatta,Fashion,2,479,958,CUST-40819,Website
UK-2026-103782,2026-05-18,North,Chandigarh,Formal Shirt,Fashion,1,1098,1098,CUST-19427,Website
UK-2026-100304,2026-01-16,West,Mumbai,Cycling Helmet,Sports,1,1632,1632,CUST-63358,Website
UK-2026-100916,2026-02-13,North,Gurugram,Face Wash Combo,Beauty,1,451,451,CUST-77599,App
UK-2026-103509,2026-05-10,West,Pune,Slim Fit Jeans,Fashion,2,1583,3166,CUST-90119,Marketplace
UK-2026-104809,2026-06-09,Central,Raipur,Ultrabook Air 14,Electronics,2,29655,59310,CUST-68769,App
UK-2026-103668,2026-05-20,West,Ahmedabad,Cotton Kurta Set,Fashion,1,1320,1320,CUST-34976,App
UK-2026-101927,2026-03-23,East,Patna,Yoga Mat Pro,Sports,1,1155,1155,CUST-19712,Website
UK-2026-104605,2026-06-23,North,Chandigarh,Eau de Parfum 100ml,Beauty,1,1974,,CUST-91439,Website
UK-2026-103657,2026-05-02,West,Surat,Vitamin C Serum,Beauty,1,689,689,CUST-47837,App
UK-2026-101234,2026-02-13,West,Surat,Cotton Bedsheet Set,Home & Kitchen,1,1400,1400,CUST-42624,Website
UK-2026-102953,2026-04-11,East,Patna,Cotton Kurta Set,Fashion,1,1274,1274,CUST-86308,App
UK-2026-100101,2026-01-02,North,Chandigarh,Robot Vacuum R7,Home & Kitchen,1,18724,18724,CUST-73811,Website
UK-2026-104166,2026-06-06,North,Gurugram,Smart Watch X2,Electronics,1,4603,4603,CUST-65675,Marketplace
UK-2026-100719,2026-01-01,South,Hyderabad,Robot Vacuum R7,Home & Kitchen,1,19916,19916,CUST-30227,Website
UK-2026-102669,2026-04-02,North,Delhi,Cycling Helmet,Sports,2,1619,3238,CUST-74292,App
UK-2026-104562,2026-06-18,South,Bengaluru,43-inch Smart TV,Electronics,1,25111,25111,CUST-91878,App
UK-2026-103899,2026-05-01,North,Noida,Slim Fit Jeans,Fashion,4,1599,6396,CUST-46361,Website
UK-2026-104186,2026-06-15,South,Kochi,Cricket Bat English Willow,Sports,1,9167,9167,CUST-86706,App
UK-2026-101639,2026-03-13,East,Kolkata,Sunscreen SPF50,Beauty,1,570,570,CUST-97049,Marketplace
UK-2026-101711,2026-03-31,South,Hyderabad,43-inch Smart TV,Electronics,1,26354,26354,CUST-17706,Marketplace
UK-2026-102534,2026-04-19,North,Noida,Noise-Cancelling Headphones,Electronics,1,8570,8570,CUST-78893,App
UK-2026-100832,2026-02-13,North,Delhi,Denim Jacket,Fashion,1,2280,2280,CUST-28808,App
UK-2026-102983,2026-04-27,East,Guwahati,Cotton Bedsheet Set,Home & Kitchen,1,1341,1341,CUST-29579,App
UK-2026-102131,21-03-26,West,Ahmedabad,Running Sneakers,Fashion,1,2798,2798,CUST-49407,Marketplace
UK-2026-101248,2026-02-21,South,Chennai,Electric Kettle 1.5L,Home & Kitchen,1,1096,1096,CUST-42433,Website
UK-2026-101709,2026-03-28,,Noida,Ethnic Dupatta,Fashion,2,496,992,CUST-27455,App
UK-2026-101852,2026-03-20,North,Gurugram,Football Size 5,Sports,1,936,936,CUST-23472,Website
UK-2026-104000,2026-05-05,Central,Indore,Slim Fit Jeans,Fashion,1,1623,1623,CUST-19159,App
UK-2026-103203,2026-05-21,South,Hyderabad,Makeup Brush Set,Beauty,4,1313,5252,CUST-98801,Website
UK-2026-102817,2026-04-27,South,Chennai,Vitamin C Serum,Beauty,1,723,723,CUST-83274,App
UK-2026-101994,2026-03-18,North,Noida,Modern Wall Clock,Home & Kitchen,1,762,762,CUST-77972,App
UK-2026-102597,2026-04-06,West,Ahmedabad,Cotton Bedsheet Set,Home & Kitchen,2,1441,2882,CUST-71665,App
UK-2026-102615,2026-04-08,South,Hyderabad,Modern Wall Clock,Home & Kitchen,1,833,833,CUST-27638,Website
UK-2026-101563,2026-03-19,East,Patna,Wireless Earbuds Pro,Electronics,1,2919,2919,CUST-39889,Website
UK-2026-100463,2026-01-18,West,Surat,Silk Saree,Fashion,1,3608,3608,CUST-42624,App
UK-2026-100929,2026-02-06,West,Pune,43-inch Smart TV,Electronics,1,25277,25277,CUST-89518,Marketplace
UK-2026-100608,2026-01-27,East,Guwahati,Denim Jacket,Fashion,1,2125,2125,CUST-76207,App
UK-2026-101875,2026-03-02,South,Bengaluru,Air Fryer 5L,Home & Kitchen,3,5241,15723,CUST-68120,Marketplace
UK-2026-102922,2026-04-01,North,Delhi,Ethnic Dupatta,Fashion,1,497,497,CUST-79681,App
UK-2026-101774,2026-03-31,South,Bengaluru,Face Wash Combo,Beauty,1,434,434,CUST-63279,App
UK-2026-102545,2026-04-10,Central,Raipur,Air Fryer 5L,Home & Kitchen,2,5571,11142,CUST-65806,Website
UK-2026-102258,2026-04-02,South,Chennai,Ultrabook Air 14,Electronics,1,29631,29631,CUST-24554,Marketplace
UK-2026-101702,2026-03-09,West,Surat,Wireless Earbuds Pro,Electronics,4,3015,12060,CUST-63648,Marketplace
UK-2026-101964,2026-03-04,East,Kolkata,Formal Shirt,Fashion,1,1097,1097,CUST-29517,App
UK-2026-103508,2026-05-31,East,Guwahati,Ethnic Dupatta,Fashion,2,509,1018,CUST-16843,App
UK-2026-103697,2026-05-25,East,Patna,43-inch Smart TV,Electronics,1,26865,26865,CUST-15012,Website
UK-2026-101695,2026-03-22,East,Guwahati,Silk Saree,Fashion,2,3635,7270,CUST-28015,Marketplace
UK-2026-100114,2026-01-04,East,Bhubaneswar,Badminton Racket Set,Sports,3,2572,7716,CUST-59444,App
UK-2026-103447,2026-05-23,North,Noida,Wireless Earbuds Pro,Electronics,1,3106,3106,CUST-38548,Marketplace
UK-2026-100306,2026-01-20,West,Surat,Wireless Earbuds Pro,Electronics,1,3029,3029,CUST-76270,Marketplace
UK-2026-104926,2026-06-03,Central,Bhopal,Cotton Kurta Set,Fashion,1,1252,1252,CUST-31549,App
UK-2026-103948,2026-05-12,East,Guwahati,Cotton Bedsheet Set,Home & Kitchen,1,1394,1394,CUST-98761,App
UK-2026-103586,2026-05-26,West,Mumbai,Power Bank 20000mAh,Electronics,1,1855,1855,CUST-47775,App
UK-2026-100284,2026-01-31,South,Bengaluru,Ethnic Dupatta,Fashion,1,490,490,CUST-27820,App
UK-2026-101659,2026-03-09,West,Ahmedabad,Denim Jacket,Fashion,1,2278,2278,CUST-56121,App
UK-2026-102928,2026-04-03,North,Chandigarh,Running Sneakers,Fashion,1,2808,2808,CUST-13624,App
UK-2026-102576,2026-04-27,West,Mumbai,43-inch Smart TV,Electronics,1,26457,26457,CUST-54714,App
UK-2026-102464,2026-04-23,West,Ahmedabad,Silk Saree,Fashion,2,3560,7120,CUST-42544,Marketplace
UK-2026-100927,2026-02-21,West,Bombay,Running Sneakers,Fashion,1,2759,2759,CUST-99396,Website
UK-2026-100336,2026-01-30,South,Chennai,Face Wash Combo,Beauty,2,463,926,CUST-12837,Website
UK-2026-102969,2026-04-10,West,Ahmedabad,Ionic Hair Dryer,Beauty,1,1911,1911,CUST-24682,App
UK-2026-102712,2026-04-28,Central,Raipur,Modern Wall Clock,Home & Kitchen,2,763,1526,CUST-85422,App
UK-2026-100469,2026-01-20,East,Patna,Foldable Treadmill T2,Sports,1,23825,23825,CUST-73548,App
UK-2026-104837,29/06/2026,Central,Bhopal,Cricket Bat English Willow,Sports,2,8862,17724,CUST-90448,Marketplace
UK-2026-100770,2026-02-05,South,Bengaluru,Beard Grooming Kit,Beauty,2,1008,2016,CUST-99941,Marketplace
UK-2026-103838,2026-05-09,West,Pune,Dinner Set 24pc,Home & Kitchen,1,2543,2543,CUST-77008,Website
UK-2026-103369,2026-05-10,West,Pune,Dinner Set 24pc,Home & Kitchen,2,2477,4954,CUST-24860,Website
UK-2026-100281,2026-01-30,West,Pune,Mixer Grinder 750W,Home & Kitchen,1,3156,3156,CUST-35517,Marketplace
UK-2026-101912,2026-03-07,West,Ahmedabad,Air Fryer 5L,Home & Kitchen,1,5261,,CUST-74809,App
UK-2026-104216,2026-06-18,South,Bengaluru,Ethnic Dupatta,Fashion,1,497,497,CUST-43364,Website
UK-2026-102280,2026-04-07,North,Chandigarh,Silk Saree,Fashion,1,3365,,CUST-28477,App
UK-2026-102380,2026-04-06,South,Hyderabad,Ethnic Dupatta,Fashion,1,499,499,CUST-95357,App
UK-2026-103140,2026-05-15,West,Ahmedabad,Formal Shirt,Fashion,1,1046,1046,CUST-83590,Website
UK-2026-100869,22/02/2026,South,Bengaluru,Foldable Treadmill T2,Sports,4,24300,97200,CUST-53037,Website
UK-2026-101623,2026-03-19,East,Patna,Dinner Set 24pc,Home & Kitchen,1,2575,2575,CUST-82203,App
UK-2026-102305,2026-04-03,West,Surat,Vitamin C Serum,Beauty,2,705,1410,CUST-52718,App
UK-2026-103541,20/05/2026,West,Mumbai,Football Size 5,Sports,1,886,886,CUST-46625,App
UK-2026-100435,2026-01-31,North,Delhi,Adjustable Dumbbells 15kg,Sports,1,4775,4775,CUST-66995,Marketplace
UK-2026-104730,2026-06-30,North,Gurugram,Eau de Parfum 100ml,Beauty,1,1976,1976,CUST-18598,Marketplace
UK-2026-101624,2026-03-11,South,Chennai,Robot Vacuum R7,Home & Kitchen,1,18998,18998,CUST-36443,Website
UK-2026-103552,2026-05-12,Central,Nagpur,Eau de Parfum 100ml,Beauty,-2,2055,6165,CUST-26216,Website
UK-2026-102033,2026-03-21,East,Bhubaneswar,Smart Watch X2,Electronics,1,4538,"4,538.00",CUST-43872,Marketplace
UK-2026-103484,2026-05-30,West,Mumbai,Modern Wall Clock,Home & Kitchen,1,832,832,CUST-89123,Website
UK-2026-102693,2026-04-06,West,Ahmedabad,Beard Grooming Kit,Beauty,1,1039,1039,CUST-74984,App
UK-2026-101681,2026-03-12,South,Chennai,Cricket Bat English Willow,Sports,1,8829,8829,CUST-26335,Marketplace
UK-2026-104004,2026-05-28,East,Patna,Vitamin C Serum,Beauty,1,665,665,CUST-16630,Marketplace
UK-2026-103550,2026-05-28,South,Bengaluru,Gym Gloves,Sports,1,489,489,CUST-65041,App
UK-2026-101934,2026-03-10,North,Delhi,Eau de Parfum 100ml,Beauty,2,1961,3922,CUST-71782,App
UK-2026-104113,2026-06-30,South,Bengaluru,Foldable Treadmill T2,Sports,1,25080,25080,CUST-36965,Website
UK-2026-103191,2026-05-31,South,Bengaluru,Dinner Set 24pc,Home & Kitchen,1,2431,2431,CUST-48587,App
UK-2026-103812,2026-05-21,East,Kolkata,43-inch Smart TV,Electronics,1,25967,25967,CUST-27765,Website
UK-2026-104212,2026-06-20,West,Pune,Football Size 5,Sports,2,913,1826,CUST-68587,App
UK-2026-101327,2026-02-21,South,Kochi,Yoga Mat Pro,Sports,2,1171,2342,CUST-86193,App
UK-2026-100622,2026-01-22,West,Ahmedabad,Smart Watch X2,Electronics,1,4302,4302,CUST-64658,Marketplace
UK-2026-100710,2026-01-18,North,Noida,Vitamin C Serum,Beauty,1,721,721,CUST-42565,App
UK-2026-103810,2026-05-18,South,Bengaluru,Cycling Helmet,Sports,1,1571,1571,CUST-97999,Marketplace
UK-2026-102609,04-04-26,West,Pune,Power Bank 20000mAh,Electronics,1,1840,1840,CUST-81409,Marketplace
UK-2026-100167,2026-01-15,South,Kochi,Denim Jacket,Fashion,1,2145,2145,CUST-68235,App
UK-2026-104994,2026-06-06,East,Patna,Robot Vacuum R7,Home & Kitchen,1,18170,18170,CUST-94105,Marketplace
UK-2026-104648,2026-06-10,West,Mumbai,Formal Shirt,Fashion,2,1064,2128,CUST-53390,Website
UK-2026-102952,2026-04-09,South,Hyderabad,Leather Wallet,Fashion,1,935,935,CUST-70508,Marketplace
UK-2026-101665,2026-03-08,,Patna,Yoga Mat Pro,Sports,1,1179,1179,CUST-41537,App
UK-2026-103820,2026-05-25,South,Chennai,Smart Watch X2,Electronics,2,4416,8832,CUST-99205,Marketplace
UK-2026-102175,2026-03-03,South,Chennai,Beard Grooming Kit,Beauty,1,1016,1016,CUST-78251,App
UK-2026-104674,2026-06-02,Central,Nagpur,Mixer Grinder 750W,Home & Kitchen,1,3368,3368,CUST-12333,Website
UK-2026-103156,2026-05-11,East,Bhubaneswar,Sunscreen SPF50,Beauty,2,526,1052,CUST-81646,Marketplace
UK-2026-102864,2026-04-18,East,Patna,Cotton Kurta Set,Fashion,2,1285,2570,CUST-71543,Marketplace
UK-2026-101206,2026-02-26,West,Ahmedabad,Dinner Set 24pc,Home & Kitchen,1,2575,2575,CUST-45581,App
UK-2026-100448,2026-01-11,South,Chennai,Football Size 5,Sports,1,861,861,CUST-41504,Website
UK-2026-101445,06-02-26,West,Ahmedabad,Cricket Bat English Willow,Sports,4,8925,35700,CUST-24891,App
UK-2026-100887,"Feb 5, 2026",East,Bhubaneswar,Dinner Set 24pc,Home & Kitchen,2,2504,5008,CUST-61021,App
UK-2026-102044,2026-03-20,North,Noida,Ethnic Dupatta,Fashion,1,516,516,CUST-54201,Marketplace
UK-2026-101307,2026-02-10,Central,Nagpur,Cotton Kurta Set,Fashion,1,1246,1246,CUST-31805,Website
UK-2026-100163,2026-01-24,North,Noida,Modern Wall Clock,Home & Kitchen,2,768,1536,CUST-20552,App
UK-2026-103102,2026-05-02,Central,Nagpur,Smart Watch X2,Electronics,1,4360,4360,CUST-24872,Website
UK-2026-102863,2026-04-15,Central,Nagpur,Makeup Brush Set,Beauty,1,1286,1286,CUST-59186,App
UK-2026-104374,2026-06-14,South,Bengaluru,Ethnic Dupatta,Fashion,4,523,2092,CUST-70357,App
UK-2026-102039,2026-03-08,West,Pune,Adjustable Dumbbells 15kg,Sports,1,5011,5011,CUST-24682,Website
UK-2026-100293,2026-01-11,West,Surat,Smart Watch X2,Electronics,1,4674,4674,CUST-24872,App
UK-2026-101915,2026-03-25,South,Bengaluru,43-inch Smart TV,Electronics,1,26866,26866,CUST-41325,Website
UK-2026-103548,2026-05-07,South,Kochi,Badminton Racket Set,Sports,2,2478,4956,CUST-99055,App
UK-2026-100149,2026-01-30,West,Pune,Robot Vacuum R7,Home & Kitchen,1,19399,19399,CUST-21860,Website
UK-2026-100924,2026-02-09,North,Noida,Leather Wallet,Fashion,2,942,1884,CUST-68282,Website
UK-2026-103952,2026-05-06,North,Noida,Ultrabook Air 14,Electronics,1,30814,30814,CUST-94902,Website
UK-2026-102868,2026-04-11,West,Surat,Leather Wallet,Fashion,2,874,1748,CUST-43364,Website
UK-2026-101848,2026-03-13,West,Mumbai,Air Fryer 5L,Home & Kitchen,2,5283,10566,CUST-51717,App
UK-2026-102708,2026-04-20,North,Chandigarh,Ultrabook Air 14,Electronics,1,31394,31394,CUST-43727,Website
UK-2026-103410,2026-05-15,West,Surat,Ethnic Dupatta,Fashion,1,504,504,CUST-52245,Website
UK-2026-103990,2026-05-01,East,Guwahati,Badminton Racket Set,Sports,2,2521,5042,CUST-40665,App
UK-2026-102030,2026-03-13,West,Surat,Smart Watch X2,Electronics,2,4564,9128 INR,CUST-61271,App
UK-2026-101475,2026-03-01,West,Mumbai,Makeup Brush Set,Beauty,1,1265,1265,CUST-66337,App
UK-2026-100238,2026-01-04,Central,Raipur,Ionic Hair Dryer,Beauty,3,1925,5775,CUST-15771,App
UK-2026-100007,2026-01-25,Central,Bhopal,Formal Shirt,Fashion,1,1093,1093,CUST-11099,App
UK-2026-104194,2026-06-01,West,Mumbai,Gym Gloves,Sports,3,492,1476,CUST-52953,App
UK-2026-102636,2026-04-27,North,Chandigarh,Cotton Bedsheet Set,Home & Kitchen,,1399,2798,CUST-67784,Website
UK-2026-103039,2026-04-15,North,Chandigarh,Silk Saree,Fashion,1,3367,3367,CUST-37411,Website
UK-2026-101575,2026-03-08,East,Patna,Slim Fit Jeans,Fashion,1,1632,1632,CUST-30254,Website
UK-2026-100185,2026-01-14,West,Surat,Air Fryer 5L,Home & Kitchen,1,5662,5662,CUST-76499,Website
UK-2026-101414,2026-02-15,North,Gurugram,Football Size 5,Sports,1,922,922,CUST-71998,Marketplace
UK-2026-101340,2026-02-26,West,Ahmedabad,Bluetooth Speaker Mini,Electronics,4,1466,5864,CUST-64991,Marketplace
UK-2026-101641,2026-03-29,West,Surat,Ultrabook Air 14,Electronics,1,29507,29507,CUST-57164,Marketplace
UK-2026-102886,2026-04-30,West,Pune,Ultrabook Air 14,Electronics,3,31146,93438,CUST-75592,Marketplace
UK-2026-101686,2026-03-07,South,Kochi,Makeup Brush Set,Beauty,3,1284,3852,CUST-44911,App
UK-2026-102757,2026-04-23,North,Chandigarh,Non-Stick Cookware Set,Home & Kitchen,2,2915,5830,CUST-37706,App
UK-2026-102301,2026-04-18,West,Ahmedabad,Silk Saree,Fashion,1,3387,3387,CUST-32540,Website
UK-2026-100314,2026-01-26,West,Pune,Mixer Grinder 750W,Home & Kitchen,1,3335,3335,CUST-97284,Website
UK-2026-100932,2026-02-10,East,Patna,Electric Kettle 1.5L,Home & Kitchen,1,1056,1056,CUST-70207,App
UK-2026-104467,2026-06-22,South,Bengaluru,Dinner Set 24pc,Home & Kitchen,1,2578,2578,CUST-20201,Website
UK-2026-100145,2026-01-27,North,Delhi,Dinner Set 24pc,Home & Kitchen,1,2410,2410,CUST-54981,Website
UK-2026-103355,2026-05-16,North,Chandigarh,Bluetooth Speaker Mini,Electronics,1,1429,1429,CUST-50958,Marketplace
UK-2026-104579,2026-06-21,South,Bengaluru,Wireless Earbuds Pro,Electronics,2,2881,5762,CUST-80770,App
UK-2026-104134,2026-06-27,West,Pune,Vitamin C Serum,Beauty,1,715,715,CUST-66789,App
UK-2026-101973,2026-03-22,North,Delhi,Formal Shirt,Fashion,1,1141,1141,CUST-38510,App
UK-2026-100844,2026-02-14,South,Kochi,Ethnic Dupatta,Fashion,2,477,954,CUST-57430,Website
UK-2026-102396,2026-04-24,South,Hyderabad,Mixer Grinder 750W,Home & Kitchen,1,3391,3391,CUST-14815,Marketplace
UK-2026-104921,2026-06-03,North,Gurugram,Smart Watch X2,Electronics,1,4613,4613,CUST-82730,Marketplace
UK-2026-100587,2026-01-07,East,Guwahati,Dinner Set 24pc,Home & Kitchen,2,2484,4968,CUST-91701,Website
UK-2026-103933,19/05/2026,West,Mumbai,Cycling Helmet,Sports,1,1588,1588,CUST-19427,Marketplace
UK-2026-103478,2026-05-19,Central,Indore,Mixer Grinder 750W,Home & Kitchen,1,3320,3320,CUST-73960,Website
UK-2026-103130,2026-05-06,North,Noida,Matte Lipstick Set,Beauty,2,938,1876,CUST-89701,Website
UK-2026-104256,2026-06-10,North,Chandigarh,Formal Shirt,Fashion,2,1138,2276,CUST-66671,App
UK-2026-102989,2026-04-08,West,Pune,Wireless Earbuds Pro   ,Electronics,1,3021,3021,CUST-24860,Marketplace
UK-2026-103784,2026-05-03,South,Chennai,Cotton Kurta Set,Fashion,1,1257,1257,CUST-53884,Marketplace
UK-2026-102119,2026-03-27,North,delhi,Dinner Set 24pc,Home & Kitchen,3,2464,7392,CUST-73068,Website
UK-2026-102595,2026-04-27,South,Chennai,Silk Saree,Fashion,1,3543,3543,CUST-77956,Marketplace
UK-2026-100403,2026-01-30,Central,Bhopal,Mixer Grinder 750W,Home & Kitchen,,3432,6864,CUST-47211,App
UK-2026-104498,2026-06-09,East,Patna,Robot Vacuum R7,Home & Kitchen,1,19251,19251,CUST-38508,Marketplace
UK-2026-104942,2026-06-04,West,Pune,Cotton Bedsheet Set,Home & Kitchen,1,1425,1425,CUST-14302,Website
UK-2026-103991,"May 26, 2026",North,Chandigarh,Robot Vacuum R7,Home & Kitchen,2,19429,38858,CUST-57907,Marketplace
UK-2026-101425,2026-02-28,East,Kolkata,Slim Fit Jeans,Fashion,1,1659,1659,CUST-85691,Website
UK-2026-104808,2026-06-09,North,Gurugram,Formal Shirt,Fashion,1,1138,1138,CUST-53360,App
UK-2026-100706,2026-01-08,West,Pune,Running Sneakers,Fashion,1,2819,2819,CUST-81433,Website
UK-2026-102285,2026-04-03,East,Patna,Football Size 5,Sports,1,876,876,CUST-44836,Website
UK-2026-102502,2026-04-01,East,Guwahati,Formal Shirt,Fashion,2,1141,2282,CUST-47794,Website
UK-2026-102208,2026-03-08,South,Kochi,Ultrabook Air 14,Electronics,1,29699,29699,CUST-45581,App
UK-2026-102859,2026-04-05,North,Gurugram,Slim Fit Jeans,Fashion,2,1608,3216,CUST-80044,Website
UK-2026-101768,2026-03-20,South,Bengaluru,Badminton Racket Set,Sports,2,2456,4912,CUST-98941,Marketplace
UK-2026-101814,2026-03-10,North,Gurugram,Denim Jacket,Fashion,2,2234,4468,CUST-57932,App
UK-2026-100421,2026-01-29,South,Kochi,Slim Fit Jeans,Fashion,1,1592,1592,CUST-70358,Marketplace
UK-2026-101130,2026-02-09,South,Chennai,Mixer Grinder 750W,Home & Kitchen,1,3236,3236,CUST-80688,Website
UK-2026-101002,2026-02-23,South,Hyderabad,Running Sneakers,Fashion,2,2894,5788,CUST-71782,App
UK-2026-103166,2026-05-04,South,BLR,Electric Kettle 1.5L,Home & Kitchen,1,1068,1068,CUST-56133,App
UK-2026-103890,2026-05-28,South,Bengaluru,Vitamin C Serum,Beauty,1,714,714,CUST-71841,Website
UK-2026-103096,2026-05-23,West,Pune,Mixer Grinder 750W,Home & Kitchen,3,3455,10365,CUST-92204,Marketplace
UK-2026-104458,2026-06-09,,Pune,Cotton Kurta Set,Fashion,1,1258,1258,CUST-94318,Marketplace
UK-2026-102433,2026-04-30,Central,Raipur,Face Wash Combo,Beauty,1,441,441,CUST-80044,App
UK-2026-102422,2026-04-26,East,Bhubaneswar,43-inch Smart TV,Electronics,1,24771,24771,CUST-49340,App
UK-2026-103655,2026-05-12,South,Bengaluru,43-inch Smart TV,Electronics,1,25168,25168,CUST-39226,Marketplace
UK-2026-101498,2026-03-13,South,Kochi,Wireless Earbuds Pro,Electronics,1,3082,3082,CUST-38694,Website
UK-2026-100376,2026-01-24,North,Gurugram,Cotton Bedsheet Set,Home & Kitchen,1,1418,1418,CUST-40008,Website
UK-2026-101256,2026-02-19,Central,Indore,Silk Saree,Fashion,1,3464,3464,CUST-43806,Website
UK-2026-100484,2026-01-07,South,Chennai,Electric Kettle 1.5L,Home & Kitchen,2,1140,2280,CUST-79575,Marketplace
UK-2026-100541,2026-01-10,South,Chennai,Foldable Treadmill T2,Sports,1,25024,25024,CUST-53943,Website
UK-2026-102774,2026-04-14,Central,Indore,Cotton Kurta Set,Fashion,1,1320,1320,CUST-23021,Website
UK-2026-101715,"Mar 27, 2026",Central,Indore,Denim Jacket,Fashion,2,2124,4248,CUST-78776,Marketplace
UK-2026-101006,2026-02-08,South,Chennai,Slim Fit Jeans,Fashion,1,1540,1540,CUST-89685,Website
UK-2026-104642,2026-06-19,South,Kochi,Bluetooth Speaker Mini,Electronics,2,1568,3136,CUST-77856,Marketplace
UK-2026-102768,2026-04-06,East,Guwahati,Cotton Kurta Set,Fashion,1,1355,1355,CUST-92471,Website
UK-2026-103869,2026-05-23,North,Gurugram,Football Size 5,Sports,1,860,860,CUST-47517,App
UK-2026-101038,2026-02-24,South,Chennai,Cycling Helmet,Sports,1,1570,1570,CUST-23258,Website
UK-2026-102877,2026-04-23,East,Guwahati,Badminton Racket Set,Sports,1,2434,2434,CUST-24865,App
UK-2026-104980,2026-06-21,East,Patna,Cricket Bat English Willow,Sports,1,9386,9386,CUST-15771,Marketplace
UK-2026-101706,2026-03-04,South,Chennai,Wireless Earbuds Pro,Electronics,1,2983,2983,CUST-94443,Website
UK-2026-100106,2026-01-24,West,Mumbai,Smart Watch X2,Electronics,2,4359,8718,CUST-84407,App
UK-2026-104802,2026-06-15,Central,Bhopal,Noise-Cancelling Headphones,Electronics,1,8600,8600,CUST-13840,Website
UK-2026-101862,2026-03-13,South,Chennai,Badminton Racket Set,Sports,1,2599,2599,CUST-26163,Website
UK-2026-100842,2026-02-06,South,Bengaluru,Makeup Brush Set,Beauty,2,1237,2474,CUST-45783,App
UK-2026-100828,2026-02-03,West,Pune,Football Size 5,Sports,1,894,894,CUST-77578,App
UK-2026-102262,2026-04-15,West,Pune,Cotton Bedsheet Set,Home & Kitchen,1,1421,1421,CUST-45833,Website
UK-2026-103103,2026-05-26,South,Hyderabad,Foldable Treadmill T2,Sports,1,25807,25807,CUST-71115,Marketplace
UK-2026-101221,2026-02-21,East,Bhubaneswar,Ethnic Dupatta,Fashion,2,508,1016,CUST-48066,App
UK-2026-104712,2026-06-18,North,Chandigarh,43-inch Smart TV,Electronics,2,25851,51702,CUST-29619,App
UK-2026-104924,2026-06-25,East,Patna,Cotton Kurta Set,Fashion,1,1256,1256,CUST-39946,Website
UK-2026-101489,26-03-26,Central,Indore,Badminton Racket Set,Sports,1,2599,2599,CUST-27646,Marketplace
UK-2026-103313,2026-05-12,East,Guwahati,Cotton Kurta Set,Fashion,2,1297,2594,CUST-65750,Marketplace
UK-2026-101446,2026-02-14,Central,Indore,Robot Vacuum R7,Home & Kitchen,2,18902,37804,CUST-53458,Website
UK-2026-100176,2026-01-17,Central,Indore,Face Wash Combo,Beauty,,447,447,CUST-12797,App
UK-2026-104095,2026-06-12,East,Guwahati,Mirrorless Camera Lite,Electronics,1,27715,27715,CUST-24891,App
UK-2026-103510,2026-05-24,North,Chandigarh,Bluetooth Speaker Mini,Electronics,1,1504,1504,CUST-14813,App
UK-2026-102596,2026-04-11,East,Kolkata,Air Fryer 5L,Home & Kitchen,1,5686,5686,CUST-59629,App
UK-2026-102453,2026-04-25,Central,Bhopal,Air Fryer 5L,Home & Kitchen,1,5256,5256,CUST-31930,Website
UK-2026-103863,2026-05-30,West,Mumbai,Ethnic Dupatta,Fashion,2,510,1020,CUST-46285,Marketplace
UK-2026-103547,2026-05-15,Central,Nagpur,Adjustable Dumbbells 15kg   ,Sports,1,4918,4918,CUST-61089,App
UK-2026-102730,2026-04-30,North,Gurugram,Wireless Earbuds Pro,Electronics,2,2936,5872,CUST-14983,Marketplace
UK-2026-102973,2026-04-24,South,Chennai,Silk Saree,Fashion,2,3582,7164,CUST-93556,App
UK-2026-102943,2026-04-29,North,Delhi,Vitamin C Serum,Beauty,1,707,707,CUST-51712,App
UK-2026-101620,2026-03-24,West,Surat,43-inch Smart TV,Electronics,1,25937,25937,CUST-45136,App
UK-2026-102763,2026-04-17,North,Noida,Mixer Grinder 750W,Home & Kitchen,2,3247,6494,CUST-45066,App
UK-2026-102979,2026-04-16,South,Chennai,Non-Stick Cookware Set,Home & Kitchen,1,2875,2875,CUST-39785,Marketplace
UK-2026-103283,2026-05-20,North,Chandigarh,Noise-Cancelling Headphones,Electronics,1,8959,8959,CUST-97304,Marketplace
UK-2026-104972,2026-06-07,West,Pune,Wireless Earbuds Pro,Electronics,1,3022,3022,CUST-77873,Marketplace
UK-2026-103472,2026-05-06,Central,Indore,Cotton Bedsheet Set,Home & Kitchen,2,1467,2934,CUST-25279,App
UK-2026-102325,2026-04-30,North,Gurugram,Foldable Treadmill T2,Sports,2,24170,48340,CUST-42521,Marketplace
UK-2026-102066,2026-03-26,West,Ahmedabad,Denim Jacket,Fashion,4,2142,8568,CUST-96368,Website
UK-2026-100385,2026-01-27,West,Ahmedabad,Air Fryer 5L,Home & Kitchen,2,5573,11146,CUST-87069,Website
UK-2026-103627,2026-05-17,South,Hyderabad,Dinner Set 24pc,Home & Kitchen,1,2486,2486,CUST-65211,App
UK-2026-103368,2026-05-10,South,Chennai,Dinner Set 24pc,Home & Kitchen,2,2474,4948,CUST-84774,App
UK-2026-103946,2026-05-10,North,Gurugram,Cycling Helmet,Sports,2,1656,3312,CUST-94441,Website
UK-2026-104269,2026-06-12,South,Bengaluru,Power Bank 20000mAh,Electronics,1,1864,1864 INR,CUST-50818,Marketplace
UK-2026-100874,2026-02-12,North,Noida,Vitamin C Serum,Beauty,1,671,671,CUST-33261,App
UK-2026-103244,2026-05-28,North,Chandigarh,Smart Watch X2,Electronics,1,4309,4309,CUST-64333,Website
UK-2026-102742,2026-04-28,Central,Indore,Eau de Parfum 100ml,Beauty,1,1925,1925,CUST-27820,App
UK-2026-100875,2026-02-12,West,Ahmedabad,Ultrabook Air 14,Electronics,1,31141,31141,CUST-48102,App
UK-2026-102552,2026-04-24,North,Noida,Eau de Parfum 100ml,Beauty,1,1939,1939,CUST-89518,Marketplace
UK-2026-100724,2026-02-22,South,Chennai,Ultrabook Air 14,Electronics,1,28965,28965,CUST-52872,App
UK-2026-102450,2026-04-11,South,Chennai,Power Bank 20000mAh,Electronics,1,1746,1746,CUST-22185,Website
UK-2026-101361,2026-02-11,West,Pune,Bluetooth Speaker Mini,Electronics,1,1483,1483,CUST-17068,Website
UK-2026-101440,2026-02-09,South,Chennai,Cricket Bat English Willow,Sports,1,8833,8833,CUST-17902,Website
UK-2026-104424,2026-06-10,North,Delhi,Formal Shirt,Fashion,1,1075,1075,CUST-95541,Website
UK-2026-101661,2026-03-29,North,Noida,Ionic Hair Dryer,Beauty,2,1887,,CUST-77125,Marketplace
UK-2026-102627,2026-04-23,North,Delhi,Ultrabook Air 14,Electronics,1,28918,28918,CUST-54981,Website
UK-2026-103235,2026-05-02,West,Surat,Slim Fit Jeans,Fashion,1,1601,1601,CUST-57932,Marketplace
UK-2026-101892,2026-03-06,West,Pune,Robot Vacuum R7,Home & Kitchen,2,18580,37160,CUST-79167,Website
UK-2026-100171,2026-01-21,South,Hyderabad,Denim Jacket,Fashion,1,2133,2133,CUST-94441,Website
UK-2026-104720,2026-06-09,North,GGN,Air Fryer 5L,Home & Kitchen,1,5404,5404,CUST-52559,Marketplace
UK-2026-103031,2026-04-08,South,Hyderabad,Dinner Set 24pc,Home & Kitchen,1,2587,2587,CUST-77129,App
UK-2026-101418,2026-02-22,West,Mumbai,Denim Jacket,Fashion,3,2262,6786,CUST-57992,Website
UK-2026-103906,2026-05-24,South,Kochi,Leather Wallet,Fashion,1,925,925,CUST-11966,App
UK-2026-103871,2026-05-24,South,Bengaluru,Face Wash Combo,Beauty,2,460,920,CUST-67503,App
UK-2026-104538,2026-06-13,West,Ahmedabad,Slim Fit Jeans,Fashion,1,1525,1525,CUST-61610,Website
UK-2026-103407,2026-05-15,East,Bhubaneswar,Sunscreen SPF50,Beauty,1,567,567,CUST-80688,App
UK-2026-100040,2026-01-12,North,Gurugram,Modern Wall Clock,Home & Kitchen,0,802,802,CUST-27640,App
UK-2026-103258,2026-05-19,West,Pune,Foldable Treadmill T2,Sports,1,25681,25681,CUST-73713,Website
UK-2026-101329,2026-02-22,South,Chennai,Silk Saree,Fashion,1,3516,3516,CUST-17142,Marketplace
UK-2026-100324,2026-01-05,West,Ahmedabad,Cricket Bat English Willow,Sports,1,9294,9294,CUST-59011,Website
UK-2026-102146,2026-03-07,North,Delhi,Smart Watch X2,Electronics,1,4324,4324 INR,CUST-47760,App
UK-2026-101469,2026-03-03,North,Gurugram,Modern Wall Clock,Home & Kitchen,1,801,801,CUST-55191,App
UK-2026-100798,2026-02-16,North,Noida,Dinner Set 24pc,Home & Kitchen,1,2489,2489,CUST-42359,Marketplace
UK-2026-103666,2026-05-20,West,Surat,Vitamin C Serum,Beauty,1,681,681,CUST-86241,App
UK-2026-102683,2026-04-30,North,Gurugram,Badminton Racket Set,Sports,1,2476,2476,CUST-50527,Website
UK-2026-102799,2026-04-02,North,Delhi,Badminton Racket Set,Sports,1,2440,2440,CUST-29579,App
UK-2026-100992,2026-02-01,Central,Bhopal,Eau de Parfum 100ml,Beauty,1,2081,2081,CUST-27858,Website
UK-2026-100358,2026-01-17,Central,Nagpur,Face Wash Combo,Beauty,1,428,428,CUST-54201,Website
UK-2026-103015,2026-04-02,West,Ahmedabad,Ionic Hair Dryer,Beauty,1,1976,1976,CUST-52209,Website
UK-2026-102196,2026-03-01,East,Patna,Football Size 5,Sports,1,858,858,CUST-90067,Marketplace
UK-2026-104436,2026-06-08,West,Pune,Smart Watch X2,Electronics,1,4596,4596,CUST-32056,Marketplace
UK-2026-100063,2026-01-12,West,Pune,Silk Saree,Fashion,2,3538,7076,CUST-49598,App
UK-2026-102478,2026-04-05,West,Pune,Cotton Bedsheet Set,Home & Kitchen,4,1366,,CUST-58333,Website
UK-2026-100880,2026-02-19,Central,Raipur,Adjustable Dumbbells 15kg,Sports,2,4807,9614,CUST-59962,Website
UK-2026-102479,2026-04-18,West,Mumbai,Bluetooth Speaker Mini,Electronics,1,1456,1456,CUST-39162,Marketplace
UK-2026-101770,2026-03-10,West,Pune,Slim Fit Jeans,Fashion,1,1539,1539,CUST-27562,Website
UK-2026-100500,2026-01-11,West,Pune,Mirrorless Camera Lite,Electronics,1,28426,28426,CUST-81687,Website
UK-2026-104956,2026-06-19,North,Delhi,43-inch Smart TV,Electronics,3,27139,81417,CUST-41504,App
UK-2026-104811,2026-06-17,West,Surat,Leather Wallet,Fashion,1,883,883,CUST-88898,App
UK-2026-100917,2026-02-07,Central,Raipur,Air Fryer 5L,Home & Kitchen,1,5674,5674,CUST-93355,App
UK-2026-102689,2026-04-05,West,Surat,Mirrorless Camera Lite,Electronics,1,29842,29842,CUST-90434,Website
UK-2026-102477,2026-04-14,Central,Bhopal,Mirrorless Camera Lite,Electronics,2,29958,59916,CUST-27768,Marketplace
UK-2026-104704,2026-06-06,West,Pune,Slim Fit Jeans,Fashion,1,1671,1671,CUST-55728,Marketplace
UK-2026-104116,2026-06-15,East,Bhubaneswar,Dinner Set 24pc,Home & Kitchen,1,2616,2616,CUST-27303,App
UK-2026-103722,2026-05-29,West,Mumbai,Ultrabook Air 14,Electronics,1,28628,28628,CUST-53648,Website
UK-2026-101318,2026-02-07,North,Gurugram,Slim Fit Jeans,Fashion,1,1553,1553,CUST-78016,Website
UK-2026-101584,2026-03-08,South,Hyderabad,Beard Grooming Kit,Beauty,1,1013,1013,CUST-14159,Marketplace
UK-2026-104237,2026-06-06,North,Chandigarh,Yoga Mat Pro,Sports,1,1226,1226,CUST-76342,Marketplace
UK-2026-103921,2026-05-19,South,Bengaluru,Ultrabook Air 14,Electronics,1,29129,29129,CUST-99502,App
UK-2026-100493,2026-01-12,Central,Nagpur,Noise-Cancelling Headphones,Electronics,1,9247,9247,CUST-78776,Marketplace
UK-2026-104063,27/06/2026,North,Noida,Ethnic Dupatta,Fashion,1,485,485,CUST-50818,Website
UK-2026-103821,2026-05-22,West,Pune,Ethnic Dupatta,Fashion,2,499,998,CUST-45269,App
UK-2026-100110,2026-01-17,North,Delhi,Foldable Treadmill T2,Sports,1,24919,"₹24,919",CUST-50998,App
UK-2026-100984,2026-02-16,South,BLR,Matte Lipstick Set,Beauty,1,930,930,CUST-60761,App
UK-2026-102866,2026-04-14,West,Mumbai,Silk Saree,Fashion,2,3459,6918,CUST-11641,App
UK-2026-102342,2026-04-19,South,Kochi,Electric Kettle 1.5L,Home & Kitchen,1,1082,1082,CUST-41910,Website
UK-2026-103920,2026-05-18,North,Noida,Badminton Racket Set,Sports,2,2405,4810,CUST-67255,Website
UK-2026-100374,2026-01-28,West,Surat,Air Fryer 5L,Home & Kitchen,1,5570,5570,CUST-31494,Website
UK-2026-100646,2026-01-10,East,Guwahati,Badminton Racket Set,Sports,1,2404,2404,CUST-28808,App
UK-2026-101535,2026-03-13,South,Kochi,Formal Shirt,Fashion,2,1117,2234,CUST-37729,App
UK-2026-100551,2026-01-05,South,Chennai,Smart Watch X2,Electronics,1,4615,4615,CUST-16637,Marketplace
UK-2026-103610,2026-05-04,North,Noida,Leather Wallet,Fashion,1,910,910,CUST-23498,Website
UK-2026-102111,2026-03-13,South,Bengaluru,Formal Shirt,Fashion,1,1128,1128,CUST-75317,Marketplace
UK-2026-102786,2026-04-12,Central,Nagpur,Non-Stick Cookware Set,Home & Kitchen,2,2846,5692,CUST-50785,Website
UK-2026-100643,2026-01-26,West,Ahmedabad,Running Sneakers,Fashion,1,2663,2663,CUST-97986,Website
UK-2026-102800,2026-04-25,Central,Nagpur,Ionic Hair Dryer,Beauty,1,1908,1908,CUST-31672,App
UK-2026-104598,2026-06-25,South,Bengaluru,Cotton Bedsheet Set,Home & Kitchen,2,1380,2760,CUST-17873,App
UK-2026-100715,27-01-26,South,Hyderabad,Badminton Racket Set,Sports,1,2491,2491,CUST-69028,App
UK-2026-104999,2026-06-27,North,Gurugram,Mirrorless Camera Lite,Electronics,1,30376,30376,CUST-32056,Marketplace
UK-2026-100548,2026-01-30,South,Bengaluru,Sunscreen SPF50,Beauty,1,571,571,CUST-44189,App
UK-2026-104403,2026-06-14,Central,Bhopal,Smart Watch X2,Electronics,2,4705,9410,CUST-37130,App
UK-2026-103227,2026-05-18,North,Delhi,43-inch Smart TV,Electronics,1,25771,25771,CUST-45967,Marketplace
UK-2026-100914,2026-02-06,Central,Indore,Electric Kettle 1.5L,Home & Kitchen,,1125,2250,CUST-71493,App
UK-2026-103653,2026-05-16,South,Bengaluru,Denim Jacket,Fashion,2,2100,4200,CUST-86241,App
UK-2026-101219,2026-02-24,Central,Indore,43-inch Smart TV,Electronics,1,25228,25228,CUST-70011,Website
UK-2026-103567,2026-05-12,Central,Raipur,Cotton Bedsheet Set,Home & Kitchen,2,1329,2658,CUST-73739,App
UK-2026-104218,2026-06-08,East,Patna,Dinner Set 24pc,Home & Kitchen,1,2456,2456,CUST-49405,Marketplace
UK-2026-102719,2026-04-02,West,Ahmedabad,Makeup Brush Set,Beauty,2,1311,2622,CUST-23464,Marketplace
UK-2026-100328,2026-01-19,South,Kochi,Bluetooth Speaker Mini,Electronics,1,1492,1492,CUST-45100,Website
UK-2026-100978,2026-02-03,North,Gurugram,Wireless Earbuds Pro,Electronics,1,2887,2887,CUST-45794,Website
UK-2026-104121,2026-06-13,West,Ahmedabad,Noise-Cancelling Headphones,Electronics,2,8812,17624,CUST-94191,Marketplace
UK-2026-102999,2026-04-30,East,Guwahati,Ethnic Dupatta,Fashion,1,509,509,CUST-52245,Marketplace
UK-2026-101376,2026-02-17,South,Chennai,Football Size 5,Sports,1,864,864,CUST-31864,App
UK-2026-101723,2026-03-31,East,Guwahati,Face Wash Combo,Beauty,1,468,468,CUST-83709,Website
UK-2026-104536,2026-06-26,North,Chandigarh,Silk Saree,Fashion,1,3575,3575,CUST-77856,Website
UK-2026-100427,2026-01-10,North,Chandigarh,Dinner Set 24pc,Home & Kitchen,1,2571,2571,CUST-80415,App
UK-2026-104320,2026-06-16,West,Mumbai,43-inch Smart TV,Electronics,1,25941,25941,CUST-48715,Website
UK-2026-100878,2026-02-10,West,Ahmedabad,Ionic Hair Dryer,Beauty,1,1843,1843,CUST-53638,Website
UK-2026-102511,2026-04-12,North,Chandigarh,Makeup Brush Set,Beauty,2,1325,2650,CUST-24723,App
UK-2026-103419,2026-05-20,West,Mumbai,Ionic Hair Dryer,Beauty,1,1974,1974,CUST-15143,Marketplace
UK-2026-104959,2026-06-06,South,Bengaluru,Formal Shirt,Fashion,1,1101,1101,CUST-75232,Website
UK-2026-102197,2026-03-17,South,Bengaluru,Modern Wall Clock,Home & Kitchen,1,802,802,CUST-34959,Website
UK-2026-104180,2026-06-21,North,Chandigarh,Bluetooth Speaker Mini,Electronics,1,1530,1530,CUST-85691,App
UK-2026-103878,2026-05-24,East,Bhubaneswar,silk saree,Fashion,2,3507,7014,CUST-49853,Website
UK-2026-103622,2026-05-19,North,Noida,Air Fryer 5L,Home & Kitchen,2,5512,11024,CUST-35125,Marketplace
UK-2026-102557,2026-04-28,West,Ahmedabad,Ethnic Dupatta,Fashion,3,493,1479,CUST-52115,Website
UK-2026-103259,2026-05-10,South,Kochi,Power Bank 20000mAh,Electronics,1,1882,1882,CUST-76457,App
UK-2026-103069,2026-04-29,North,Gurugram,Foldable Treadmill T2,Sports,-1,25521,25521,CUST-22948,Website
UK-2026-104405,2026-06-16,South,Hyderabad,Vitamin C Serum,Beauty,1,705,705,CUST-34238,App
UK-2026-103281,2026-05-20,North,Gurugram,Wireless Earbuds Pro,Electronics,1,3129,3129,CUST-49552,Marketplace
UK-2026-101713,2026-03-26,Central,Raipur,Cotton Kurta Set,Fashion,2,1307,2614,CUST-36532,App
UK-2026-101784,2026-03-29,North,Noida,Ultrabook Air 14,Electronics,,29928,29928,CUST-36686,App
UK-2026-102804,2026-04-29,East,Bhubaneswar,Robot Vacuum R7,Home & Kitchen,1,18367,18367,CUST-28243,Website
UK-2026-103245,2026-05-27,West,Ahmedabad,Non-Stick Cookware Set,Home & Kitchen,1,2827,2827,CUST-36332,Website
UK-2026-102273,2026-04-21,South,Chennai,Electric Kettle 1.5L,Home & Kitchen,2,1068,2136,CUST-16843,Marketplace
UK-2026-101649,2026-03-14,North,Chandigarh,Formal Shirt,Fashion,1,1119,1119,CUST-66789,Marketplace
UK-2026-103136,2026-05-29,Central,Indore,Yoga Mat Pro,Sports,3,1202,3606,CUST-56121,App
UK-2026-100946,2026-02-28,Central,Indore,Ultrabook Air 14,Electronics,1,29782,29782,CUST-83213,App
UK-2026-103531,2026-05-11,South,Hyderabad,Slim Fit Jeans,Fashion,1,1528,1528,CUST-46218,Website
UK-2026-102263,2026-04-22,East,Bhubaneswar,silk saree,Fashion,1,3391,3391,CUST-23472,App
UK-2026-101771,2026-03-17,North,Chandigarh,Formal Shirt,Fashion,2,1131,2262,CUST-54251,Marketplace
UK-2026-101451,2026-03-01,East,Bhubaneswar,Bluetooth Speaker Mini,Electronics,3,1429,4287,CUST-95040,App
UK-2026-101753,2026-03-21,South,Kochi,Running Sneakers,Fashion,1,2788,2788,CUST-55621,App
UK-2026-101812,2026-03-17,West,Surat,Mixer Grinder 750W,Home & Kitchen,1,3297,3297,CUST-17873,Marketplace
UK-2026-103572,15-05-26,West,Pune,Formal Shirt,Fashion,1,1147,1147,CUST-58099,App
UK-2026-102156,2026-03-12,Central,Nagpur,Ethnic Dupatta,Fashion,1,515,515 INR,CUST-45418,Website
UK-2026-103551,2026-05-27,North,Noida,Football Size 5,Sports,1,926,926,CUST-85460,App
UK-2026-104631,2026-06-12,North,Delhi,Football Size 5,Sports,3,917,"₹2,751",CUST-31864,Website
UK-2026-102237,2026-03-03,Central,Indore,Running Sneakers,Fashion,,2789,2789,CUST-40335,App
UK-2026-102981,2026-04-30,South,Kochi,Silk Saree,Fashion,1,3406,3406,CUST-50150,App
UK-2026-101740,2026-03-25,West,Pune,Denim Jacket,Fashion,1,2229,2229,CUST-46876,Website
UK-2026-102233,2026-03-02,West,Surat,Cricket Bat English Willow,Sports,1,8667,8667,CUST-77823,Marketplace
UK-2026-103115,2026-05-17,South,Madras,Slim Fit Jeans,Fashion,1,1538,1538,CUST-49155,App
UK-2026-102766,2026-04-10,North,Delhi,Ethnic Dupatta,Fashion,1,524,524,CUST-28951,Marketplace
UK-2026-100781,2026-02-28,South,Kochi,Noise-Cancelling Headphones,Electronics,1,9169,9169,CUST-27308,App
UK-2026-101339,2026-02-08,North,Gurugram,Formal Shirt,Fashion,1,1154,1154,CUST-78005,Website
UK-2026-101118,2026-02-25,South,Bengaluru,Denim Jacket,Fashion,2,2115,4230,CUST-25279,Website
UK-2026-102424,2026-04-28,Central,Raipur,Foldable Treadmill T2,Sports,1,25914,25914,CUST-85145,App
UK-2026-102490,2026-04-12,West,Ahmedabad,Ionic Hair Dryer,Beauty,1,1857,1857,CUST-48078,Website
UK-2026-104969,2026-06-22,West,Surat,Wireless Earbuds Pro,Electronics,1,3042,3042,CUST-48094,Marketplace
UK-2026-103972,01/05/2026,West,Mumbai,Cotton Kurta Set,Fashion,2,1263,2526,CUST-57286,Website
UK-2026-104694,2026-06-10,North,Delhi,Gym Gloves,Sports,2,498,996,CUST-41910,App
UK-2026-102939,2026-04-02,East,Patna,Face Wash Combo,Beauty,1,458,₹458,CUST-98761,Website
UK-2026-101138,2026-02-04,West,Ahmedabad,Slim Fit Jeans,Fashion,1,1589,1589,CUST-29384,App
UK-2026-101817,2026-03-29,Central,Indore,Ultrabook Air 14,Electronics,2,29130,58260,CUST-29829,Marketplace
UK-2026-103757,2026-05-22,Central,Raipur,Denim Jacket,Fashion,2,2145,4290,CUST-94739,Website
UK-2026-104552,2026-06-16,West,Pune,Foldable Treadmill T2,Sports,2,23824,47648,CUST-83172,Marketplace
UK-2026-104101,2026-06-20,West,Surat,Matte Lipstick Set,Beauty,1,900,900,CUST-62618,App
UK-2026-103395,2026-05-13,Central,Bhopal,Running Sneakers,Fashion,1,2866,2866,CUST-48715,Website
UK-2026-103853,2026-05-15,West,Mumbai,  Mixer Grinder 750W,Home & Kitchen,2,3229,6458,CUST-52788,Marketplace
UK-2026-104859,2026-06-05,Central,Bhopal,Cotton Bedsheet Set,Home & Kitchen,2,1345,2690,CUST-51124,Marketplace
UK-2026-104029,2026-06-15,South,Cochin,Cotton Bedsheet Set,Home & Kitchen,1,1463,1463,CUST-52559,App
UK-2026-100240,2026-01-18,South,Bengaluru,Power Bank 20000mAh,Electronics,1,1841,1841,CUST-91748,Website
UK-2026-104983,2026-06-16,South,Hyderabad,Football Size 5,Sports,2,908,1816,CUST-23323,App
UK-2026-100896,2026-02-28,North,Noida,Sunscreen SPF50,Beauty,1,523,523,CUST-11427,App
UK-2026-103626,2026-05-31,North,Chandigarh,Wireless Earbuds Pro,Electronics,1,3110,3110,CUST-29966,Website
UK-2026-101690,2026-03-21,South,Kochi,43-inch Smart TV,Electronics,4,25117,100468,CUST-50964,App
UK-2026-101492,2026-03-10,West,Mumbai,Makeup Brush Set,Beauty,1,1306,1306,CUST-72442,App
UK-2026-104653,2026-06-08,North,Delhi,Non-Stick Cookware Set,Home & Kitchen,1,2859,2859,CUST-31941,Marketplace
UK-2026-104731,2026-06-15,North,Noida,Mirrorless Camera Lite,Electronics,1,30311,30311,CUST-97510,Website
UK-2026-101240,2026-02-11,West,Pune,Face Wash Combo,Beauty,1,457,457,CUST-45083,App
UK-2026-104574,2026-06-02,North,Delhi,Adjustable Dumbbells 15kg,Sports,1,5065,5065,CUST-84323,Marketplace
UK-2026-100525,2026-01-21,North,Delhi,Formal Shirt,Fashion,1,1059,1059,CUST-78016,App
UK-2026-104401,2026-06-21,East,Patna,Foldable Treadmill T2,Sports,2,25380,50760,CUST-41171,Marketplace
UK-2026-103516,2026-05-08,North,Chandigarh,Mirrorless Camera Lite,Electronics,1,27998,27998,CUST-85350,App
UK-2026-103456,2026-05-26,Central,Bhopal,Slim Fit Jeans,Fashion,1,1629,1629,CUST-79378,App
UK-2026-101261,2026-02-16,South,Chennai,Denim Jacket,Fashion,3,2259,6777,CUST-41593,App
UK-2026-102757,2026-04-23,North,Chandigarh,Non-Stick Cookware Set,Home & Kitchen,2,2915,5830,CUST-37706,App
UK-2026-102249,2026-04-22,West,Mumbai,Denim Jacket,Fashion,2,2180,4360,CUST-15711,App
UK-2026-103535,2026-05-01,West,Surat,Badminton Racket Set,Sports,1,2611,2611,CUST-32519,Marketplace
UK-2026-101947,2026-03-15,North,Noida,Football Size 5,Sports,1,907,907,CUST-66672,Website
UK-2026-101896,27-03-26,South,Kochi,Leather Wallet,Fashion,1,912,912,CUST-61066,App
UK-2026-102405,2026-04-14,South,Madras,Modern Wall Clock,Home & Kitchen,1,794,794,CUST-75906,Marketplace
UK-2026-101076,15/02/2026,West,Mumbai,Mixer Grinder 750W,Home & Kitchen,1,3244,3244,CUST-26051,App
UK-2026-102718,2026-04-06,North,Delhi,Eau de Parfum 100ml,Beauty,1,1967,1967,CUST-61000,App
UK-2026-103704,2026-05-19,North,Gurugram,Mirrorless Camera Lite,Electronics,2,29654,59308,CUST-93445,Marketplace
UK-2026-101913,2026-03-28,South,Kochi,Noise-Cancelling Headphones,Electronics,1,8587,8587,CUST-48078,Website
UK-2026-100370,2026-01-01,East,Kolkata,Modern Wall Clock,Home & Kitchen,1,818,818,CUST-45418,Website
UK-2026-102594,2026-04-23,,Surat,Air Fryer 5L,Home & Kitchen,1,5676,5676,CUST-41815,App
UK-2026-103961,2026-05-21,East,Patna,Sunscreen SPF50,Beauty,2,538,"₹1,076",CUST-55354,App
UK-2026-104084,2026-06-19,West,Ahmedabad,Smart Watch X2,Electronics,1,4401,4401,CUST-48753,Marketplace
UK-2026-104268,2026-06-04,Central,Nagpur,Noise-Cancelling Headphones,Electronics,1,9024,9024,CUST-61409,App
UK-2026-102318,2026-04-21,South,Hyderabad,Dinner Set 24pc,Home & Kitchen,1,2504,2504,CUST-96398,App
UK-2026-100455,2026-01-06,West,Mumbai,Slim Fit Jeans,Fashion,1,1629,1629,CUST-37376,App
UK-2026-103207,2026-05-11,West,Surat,Denim Jacket,Fashion,1,2217,2217,CUST-24208,Website
UK-2026-104136,2026-06-24,North,Noida,Silk Saree,Fashion,1,3605,3605,CUST-76836,Marketplace
UK-2026-102731,2026-04-16,North,Gurugram,Denim Jacket,Fashion,1,2118,2118,CUST-48673,App
UK-2026-101648,2026-03-26,West,Surat,  Wireless Earbuds Pro,Electronics,2,3032,6064,CUST-94191,Marketplace
UK-2026-100498,2026-01-29,Central,Indore,Wireless Earbuds Pro,Electronics,2,3130,6260,CUST-92760,Marketplace
UK-2026-103019,2026-04-17,East,Kolkata,Smart Watch X2,Electronics,1,4477,4477,CUST-83424,Website
UK-2026-102840,2026-04-19,West,Ahmedabad,Cotton Kurta Set,Fashion,1,1286,1286,CUST-46625,App
UK-2026-103026,2026-04-29,North,Noida,Dinner Set 24pc,Home & Kitchen,1,2507,2507,CUST-11308,App
UK-2026-103159,2026-05-20,West,Mumbai,Slim Fit Jeans,Fashion,2,1631,3262,CUST-82468,Website
UK-2026-100012,2026-01-17,North,Delhi,Ultrabook Air 14,Electronics,1,30867,30867,CUST-67948,Marketplace
UK-2026-104421,2026-06-28,South,Kochi,Dinner Set 24pc,Home & Kitchen,1,2462,2462,CUST-73548,Marketplace
UK-2026-104371,2026-06-23,Central,Bhopal,Mixer Grinder 750W,Home & Kitchen,1,3357,3357,CUST-10661,Marketplace
UK-2026-101443,2026-02-19,North,Delhi,Robot Vacuum R7,Home & Kitchen,2,18798,37596,CUST-19128,Marketplace
UK-2026-104396,2026-06-19,Central,Indore,Dinner Set 24pc,Home & Kitchen,1,2432,2432,CUST-14895,App
UK-2026-103870,2026-05-19,East,Bhubaneswar,Vitamin C Serum,Beauty,1,715,715,CUST-17222,App
UK-2026-101790,2026-03-17,East,Kolkata,Cotton Kurta Set,Fashion,1,1299,1299,CUST-47110,Website
UK-2026-103607,2026-05-16,North,Gurugram,Formal Shirt,Fashion,1,1132,1132,CUST-30291,App
UK-2026-104089,2026-06-06,South,Bengaluru,Dinner Set 24pc,Home & Kitchen,1,2521,2521,CUST-77008,Marketplace
UK-2026-102430,2026-04-03,Central,Raipur,Gym Gloves,Sports,1,507,507,CUST-94902,Website
UK-2026-102704,2026-04-16,South,Kochi,Mirrorless Camera Lite,Electronics,0,30385,30385,CUST-67301,Marketplace
UK-2026-100918,2026-02-14,South,Kochi,Denim Jacket,Fashion,1,2110,2110,CUST-19817,App
UK-2026-100100,2026-01-26,South,Chennai,Ionic Hair Dryer,Beauty,1,1887,1887,CUST-35125,App
UK-2026-100741,2026-02-11,North,Gurugram,Smart Watch X2,Electronics,2,4277,8554,CUST-37849,Marketplace
UK-2026-103566,2026-05-27,North,Gurugram,Slim Fit Jeans,Fashion,1,1672,1672,CUST-98939,App
UK-2026-102368,2026-04-19,East,Bhubaneswar,Power Bank 20000mAh,Electronics,1,1759,1759,CUST-68838,App
UK-2026-103501,2026-05-10,South,Hyderabad,Electric Kettle 1.5L,Home & Kitchen,1,1046,1046,CUST-12283,Website
UK-2026-103570,2026-05-27,North,Delhi,Badminton Racket Set,Sports,4,2382,9528,CUST-38724,Website
UK-2026-100164,2026-01-12,North,Noida,Eau de Parfum 100ml,Beauty,1,1989,1989,CUST-28447,Website
UK-2026-102992,2026-04-24,North,Gurugram,Leather Wallet,Fashion,1,867,867,CUST-44929,App
UK-2026-100477,2026-01-07,North,Gurugram,Vitamin C Serum,Beauty,1,695,695,CUST-52115,Website
UK-2026-101901,2026-03-05,West,Pune,Electric Kettle 1.5L,Home & Kitchen,1,1073,1073,CUST-40742,App
UK-2026-103621,2026-05-31,West,Pune,Yoga Mat Pro,Sports,2,1238,"₹2,476",CUST-25006,Website
UK-2026-101842,2026-03-19,North,Chandigarh,Dinner Set 24pc,Home & Kitchen,1,2383,2383,CUST-27455,Website
UK-2026-101922,2026-03-31,East,Bhubaneswar,Slim Fit Jeans,Fashion,1,1530,,CUST-28838,App
UK-2026-100582,2026-01-28,West,Surat,Running Sneakers,Fashion,1,2761,2761,CUST-70357,App
UK-2026-101717,2026-03-30,South,Kochi,Gym Gloves,Sports,1,493,493,CUST-62618,App
UK-2026-101177,2026-02-07,North,Chandigarh,Badminton Racket Set,Sports,1,2577,2577,CUST-39162,Website
UK-2026-103529,2026-05-24,North,Noida,Cotton Bedsheet Set,Home & Kitchen,2,1397,2794,CUST-28546,App
UK-2026-102957,2026-04-27,West,Pune,Silk Saree,Fashion,1,3603,3603,CUST-60761,App
UK-2026-104072,2026-06-24,West,Ahmedabad,Leather Wallet,Fashion,1,875,875,CUST-95309,App
UK-2026-101044,2026-02-13,Central,Bhopal,Dinner Set 24pc,Home & Kitchen,1,2414,2414,CUST-63613,App
UK-2026-102221,2026-03-19,West,Ahmedabad,Ionic Hair Dryer,Beauty,1,1948,1948,CUST-71773,App
UK-2026-103577,2026-05-04,South,Bangalore,Non-Stick Cookware Set,Home & Kitchen,1,2832,2832,CUST-13986,App
UK-2026-102108,2026-03-05,South,Bengaluru,Slim Fit Jeans,Fashion,1,1641,1641,CUST-36572,Website
UK-2026-100628,2026-01-03,South,Chennai,Air Fryer 5L,Home & Kitchen,1,5530,5530,CUST-20394,Marketplace
UK-2026-101479,2026-03-05,North,Chandigarh,Robot Vacuum R7,Home & Kitchen,2,19476,38952,CUST-46361,Website
UK-2026-104312,2026-06-22,South,Chennai,Eau de Parfum 100ml,Beauty,1,1953,1953,CUST-32355,App
UK-2026-103494,2026-05-14,South,Hyderabad,Ultrabook Air 14,Electronics,2,28525,57050,CUST-43192,Website
UK-2026-103845,2026-05-01,West,Mumbai,Power Bank 20000mAh,Electronics,1,1802,1802,CUST-23831,Website
UK-2026-103585,2026-05-30,South,Kochi,Slim Fit Jeans,Fashion,1,1592,1592,CUST-40652,App
UK-2026-102129,2026-03-27,West,Ahmedabad,Noise-Cancelling Headphones,Electronics,1,8642,8642,CUST-20413,Website
UK-2026-101950,2026-03-21,Central,Nagpur,Formal Shirt,Fashion,1,1086,1086,CUST-38315,Website
UK-2026-101516,2026-03-04,North,Chandigarh,Modern Wall Clock,Home & Kitchen,1,768,768,CUST-67983,Website
UK-2026-102657,2026-04-04,North,Gurugram,Mixer Grinder 750W,Home & Kitchen,1,3183,3183,CUST-27063,Website
UK-2026-101216,2026-02-27,East,Bhubaneswar,Denim Jacket,Fashion,1,2251,2251,CUST-40742,Website
UK-2026-102017,2026-03-11,North,Gurugram,43-inch Smart TV,Electronics,2,24919,49838,CUST-71748,App
UK-2026-102287,2026-04-14,South,Hyderabad,Smart Watch X2,Electronics,1,4570,4570,CUST-84168,App
UK-2026-100836,2026-02-28,North,Noida,Ethnic Dupatta,Fashion,2,523,1046,CUST-98932,Website
UK-2026-104661,2026-06-26,,Hyderabad,Power Bank 20000mAh,Electronics,4,1864,7456,CUST-31628,Marketplace
UK-2026-103339,2026-05-12,South,Chennai,Bluetooth Speaker Mini,Electronics,2,1515,3030,CUST-10856,Marketplace
UK-2026-101760,2026-03-09,East,  Bhubaneswar,Robot Vacuum R7,Home & Kitchen,1,18135,18135,CUST-27412,Website
UK-2026-101759,2026-03-29,Central,Nagpur,43-inch Smart TV,Electronics,2,25213,50426,CUST-30094,Marketplace
UK-2026-101503,2026-03-03,Central,Bhopal,Matte Lipstick Set,Beauty,1,926,926,CUST-37376,Marketplace
UK-2026-103360,2026-05-28,South,Hyderabad,Sunscreen SPF50,Beauty,,559,559,CUST-56448,Website
UK-2026-104923,2026-06-29,South,Kochi,Bluetooth Speaker Mini,Electronics,2,1444,2888,CUST-27412,Website
UK-2026-100457,2026-01-24,East,Patna,Cotton Kurta Set,Fashion,2,1301,,CUST-89201,App
UK-2026-101839,2026-03-28,Central,Nagpur,Running Sneakers,Fashion,1,2853,2853,CUST-74639,Marketplace
UK-2026-102699,2026-04-27,South,Chennai,Ultrabook Air 14,Electronics,1,31183,31183,CUST-82468,Marketplace
UK-2026-102114,2026-03-22,North,Delhi,Adjustable Dumbbells 15kg,Sports,1,4980,4980,CUST-99361,Marketplace
UK-2026-101891,2026-03-06,Central,Indore,Smart Watch X2,Electronics,,4314,17256,CUST-42624,App
UK-2026-104977,2026-06-10,West,Surat,Cotton Kurta Set,Fashion,1,1270,1270,CUST-99634,App
UK-2026-100685,2026-01-29,South,Chennai,Robot Vacuum R7,Home & Kitchen,1,18438,18438,CUST-89518,Website
UK-2026-102692,2026-04-15,East,Bhubaneswar,Mixer Grinder 750W,Home & Kitchen,1,3413,,CUST-54981,Website
UK-2026-104919,2026-06-01,South,Hyderabad,Cotton Kurta Set,Fashion,1,1320,"₹1,320",CUST-63466,App
UK-2026-100631,2026-01-13,Central,Bhopal,Modern Wall Clock,Home & Kitchen,1,763,763,CUST-67147,Marketplace
UK-2026-101658,2026-03-11,Central,Raipur,Badminton Racket Set,Sports,1,2458,2458,CUST-50771,App
UK-2026-100556,2026-01-26,South,Bengaluru,Wireless Earbuds Pro,Electronics,1,2956,2956,CUST-50704,App
UK-2026-103698,2026-05-13,North,Chandigarh,Dinner Set 24pc,Home & Kitchen,3,2381,7143,CUST-35015,App
UK-2026-102987,2026-04-20,East,Patna,Wireless Earbuds Pro,Electronics,1,3062,3062,CUST-62140,App
UK-2026-102526,2026-04-07,South,Kochi,Leather Wallet,Fashion,1,874,874,CUST-43727,Marketplace
UK-2026-102255,2026-04-22,East,Bhubaneswar,Mixer Grinder 750W,Home & Kitchen,1,3412,3412,CUST-66871,App
UK-2026-101688,2026-03-20,South,Hyderabad,Sunscreen SPF50,Beauty,1,539,539,CUST-70685,Marketplace
UK-2026-102536,2026-04-09,South,Chennai,Matte Lipstick Set,Beauty,1,863,863,CUST-51511,App
UK-2026-101858,2026-03-02,Central,Bhopal,Yoga Mat Pro,Sports,2,1242,2484,CUST-75317,Website
UK-2026-102743,2026-04-10,West,Mumbai,Formal Shirt,Fashion,2,1097,2194,CUST-64408,Marketplace
UK-2026-101786,2026-03-12,East,Guwahati,Air Fryer 5L,Home & Kitchen,1,5347,5347,CUST-46297,Website
UK-2026-104448,2026-06-26,South,Chennai,Badminton Racket Set,Sports,1,2558,2558,CUST-68042,App
UK-2026-103594,2026-05-23,North,Noida,Adjustable Dumbbells 15kg,Sports,3,4812,14436,CUST-59732,Website
UK-2026-104834,2026-06-23,Central,Indore,Silk Saree,Fashion,,3470,3470,CUST-10275,Marketplace
UK-2026-102575,2026-04-26,West,Ahmedabad,Foldable Treadmill T2,Sports,2,26242,52484,CUST-33261,App
UK-2026-104294,19-06-26,Central,Indore,Smart Watch X2,Electronics,2,4529,9058,CUST-98799,Marketplace
UK-2026-101911,2026-03-16,,Noida,Running Sneakers,Fashion,2,2754,5508,CUST-85145,Marketplace
UK-2026-104058,2026-06-26,East,Guwahati,Power Bank 20000mAh,Electronics,1,1782,1782,CUST-30227,App
UK-2026-104475,2026-06-24,East,Bhubaneswar,Smart Watch X2,Electronics,2,4593,9186,CUST-57430,Marketplace
UK-2026-101831,2026-03-21,Central,Bhopal,Ultrabook Air 14,Electronics,3,31085,93255,CUST-73713,Website
UK-2026-101093,2026-02-01,West,Surat   ,Modern Wall Clock,Home & Kitchen,1,812,812,CUST-90179,Marketplace
UK-2026-102574,2026-04-04,East,Patna,Air Fryer 5L,Home & Kitchen,1,5253,5253,CUST-93800,Website
UK-2026-103037,2026-04-12,East,Bhubaneswar,Air Fryer 5L,Home & Kitchen,1,5747,5747,CUST-26882,Website
UK-2026-103706,2026-05-22,South,Bengaluru,Power Bank 20000mAh,Electronics,3,1802,5406,CUST-95309,Marketplace
UK-2026-103537,2026-05-01,North,Delhi,Sunscreen SPF50,Beauty,1,564,564,CUST-94171,App
UK-2026-104162,2026-06-27,East,Kolkata,Leather Wallet,Fashion,1,872,872,CUST-19427,Website
UK-2026-102746,2026-04-27,West,Mumbai,Badminton Racket Set,Sports,2,2484,4968,CUST-32793,Marketplace
UK-2026-104092,2026-06-18,West,Mumbai,Modern Wall Clock,Home & Kitchen,1,825,825,CUST-66304,App
UK-2026-102578,2026-04-26,West,Pune,Makeup Brush Set,Beauty,1,1300,1300,CUST-63344,App
UK-2026-100161,2026-01-23,South,Hyderabad,Mirrorless Camera Lite,Electronics,1,29504,29504,CUST-91935,Marketplace
UK-2026-100438,2026-01-13,North,Chandigarh,Slim Fit Jeans,Fashion,1,1565,1565,CUST-20377,Website
UK-2026-101021,2026-02-17,North,Chandigarh,Modern Wall Clock,Home & Kitchen,1,776,776,CUST-15242,App
UK-2026-102084,2026-03-28,North,Gurugram,43-inch Smart TV,Electronics,2,25704,51408,CUST-71700,App
UK-2026-103808,2026-05-13,North,Delhi,Denim Jacket,Fashion,1,2108,2108,CUST-10863,App
UK-2026-103659,2026-05-13,South,Hyderabad,Foldable Treadmill T2,Sports,1,24892,24892,CUST-51374,Website
UK-2026-103433,2026-05-02,East,Kolkata,Power Bank 20000mAh,Electronics,1,1888,1888,CUST-51820,Website
UK-2026-100827,2026-02-01,South,Chennai,Eau de Parfum 100ml,Beauty,2,1911,3822,CUST-62829,App
UK-2026-102353,2026-04-13,West,Surat,Ethnic Dupatta,Fashion,1,493,493,CUST-53156,App
UK-2026-103763,2026-05-26,South,Chennai,Makeup Brush Set,Beauty,1,1243,1243,CUST-40631,Website
UK-2026-100228,2026-01-20,West,Ahmedabad,Matte Lipstick Set,Beauty,1,915,915,CUST-19675,App
UK-2026-102558,2026-04-04,North,Delhi,Air Fryer 5L,Home & Kitchen,2,5628,11256,CUST-15950,App
UK-2026-103167,2026-05-24,East,Bhubaneswar,Bluetooth Speaker Mini,Electronics,1,1504,1504,CUST-22961,Marketplace
UK-2026-103709,2026-05-27,North,Delhi,Robot Vacuum R7,Home & Kitchen,1,19497,19497,CUST-24872,App
UK-2026-100766,2026-02-14,South,Kochi,43-inch Smart TV,Electronics,1,26040,26040,CUST-77956,Marketplace
UK-2026-100123,2026-01-17,South,Chennai,Face Wash Combo,Beauty,2,432,864,CUST-59033,Website
UK-2026-100029,2026-01-06,South,Chennai,EAU DE PARFUM 100ML,Beauty,1,1948,1948,CUST-68769,App
UK-2026-100691,2026-01-16,South,Bengaluru,Ionic Hair Dryer,Beauty,2,1977,3954,CUST-81687,Website
UK-2026-100626,2026-01-23,South,Bengaluru,Modern Wall Clock,Home & Kitchen,1,834,834,CUST-53277,Website
UK-2026-100055,2026-01-02,South,Bengaluru,Ultrabook Air 14,Electronics,3,29398,88194,CUST-62752,App
UK-2026-103855,2026-05-08,North,Noida,Denim Jacket,Fashion,1,2151,2151,CUST-72056,Marketplace
UK-2026-104850,2026-06-12,,Nagpur,Wireless Earbuds Pro,Electronics,1,3065,3065,CUST-76583,Website
UK-2026-102188,2026-03-01,North,Gurugram,Electric Kettle 1.5L,Home & Kitchen,1,1053,1053,CUST-89419,Website
UK-2026-102687,2026-04-22,South,Hyderabad,Robot Vacuum R7,Home & Kitchen,2,18111,36222 INR,CUST-83172,Website
UK-2026-103542,2026-05-01,West,Pune,Formal Shirt,Fashion,1,1151,1151,CUST-83424,App
UK-2026-103175,2026-05-21,East,Guwahati,Matte Lipstick Set,Beauty,2,885,1770,CUST-95984,App
UK-2026-100508,2026-01-25,North,Delhi,Eau de Parfum 100ml,Beauty,1,1921,1921,CUST-13493,App
UK-2026-103367,2026-05-25,Central,Raipur,Formal Shirt,Fashion,1,1076,1076,CUST-71841,Website
UK-2026-100948,2026-02-20,East,Patna,Silk Saree,Fashion,1,3347,3347,CUST-14253,Website
UK-2026-100759,2026-02-06,North,Noida,Gym Gloves,Sports,1,514,514,CUST-73757,App
UK-2026-101400,2026-02-01,East,Guwahati,Power Bank 20000mAh,Electronics,1,1793,1793,CUST-19680,App
UK-2026-102276,2026-04-27,West,Pune,Beard Grooming Kit,Beauty,1,964,964,CUST-45811,Website
UK-2026-101925,2026-03-31,North,Chandigarh,Non-Stick Cookware Set,Home & Kitchen,1,2941,2941,CUST-69878,Website
UK-2026-102153,2026-03-09,West,Pune,Bluetooth Speaker Mini,Electronics,1,1475,1475,CUST-20568,App
UK-2026-104483,2026-06-14,North,Gurugram,Face Wash Combo,Beauty,1,439,439,CUST-25129,App
UK-2026-100920,2026-02-08,North,Chandigarh,Eau de Parfum 100ml,Beauty,0,2058,6174,CUST-53699,App
UK-2026-102781,2026-04-14,South,Hyderabad,Bluetooth Speaker Mini,Electronics,3,1504,4512,CUST-17004,Marketplace
UK-2026-101274,2026-02-21,East,Bhubaneswar,Formal Shirt,Fashion,2,1152,2304,CUST-89540,App
UK-2026-102386,2026-04-02,South,Chennai,Ultrabook Air 14,Electronics,2,29679,59358,CUST-61731,Website
UK-2026-103187,2026-05-20,West,Surat,Ultrabook Air 14,Electronics,2,29767,59534,CUST-25928,Marketplace
UK-2026-101490,2026-03-13,West,Pune,Sunscreen SPF50,Beauty,2,561,1122,CUST-52091,App
UK-2026-100367,2026-01-13,South,Cochin,Cotton Bedsheet Set,Home & Kitchen,2,1373,2746,CUST-42239,Website
UK-2026-104204,2026-06-13,East,Kolkata,Cotton Bedsheet Set,Home & Kitchen,1,1382,1382,CUST-96283,Website
UK-2026-100155,2026-01-18,North,Noida,Wireless Earbuds Pro,Electronics,3,3008,9024,CUST-31941,Website
UK-2026-104672,2026-06-13,North,Noida,Leather Wallet,Fashion,2,882,1764,CUST-35240,App
UK-2026-100468,2026-01-19,East,Patna,Sunscreen SPF50,Beauty,1,541,,CUST-60545,App
UK-2026-103756,2026-05-08,East,Kolkata,Denim Jacket,Fashion,1,2182,2182,CUST-24865,App
UK-2026-104096,2026-06-28,Central,Nagpur,Slim Fit Jeans,Fashion,1,1648,1648,CUST-26335,Website
UK-2026-101803,2026-03-19,North,Gurugram,Ethnic Dupatta,Fashion,1,475,475,CUST-21293,App
UK-2026-101436,2026-02-16,East,Guwahati,Ethnic Dupatta,Fashion,1,487,487,CUST-84561,Website
UK-2026-102436,2026-04-01,East,Patna,Wireless Earbuds Pro,Electronics,1,3112,3112,CUST-21278,Website
UK-2026-104564,2026-06-17,Central,Raipur,Ultrabook Air 14,Electronics,1,31399,31399,CUST-84561,App
UK-2026-102625,2026-04-12,West,Surat,Sunscreen SPF50,Beauty,2,559,1118,CUST-36168,App
UK-2026-101629,2026-03-13,South,Bengaluru,Bluetooth Speaker Mini,Electronics,1,1447,1447,CUST-15067,Marketplace
UK-2026-101143,2026-02-01,South,Bengaluru,Ultrabook Air 14,Electronics,4,31399,125596,CUST-37130,Website
UK-2026-104488,2026-06-20,South,Kochi,Cotton Bedsheet Set,Home & Kitchen,1,1339,1339,CUST-41011,App
UK-2026-102501,2026-04-03,North,Gurugram,Cotton Kurta Set,Fashion,1,1247,1247,CUST-76585,Website
UK-2026-104821,2026-06-29,East,Kolkata,Adjustable Dumbbells 15kg,Sports,1,4943,4943,CUST-20413,App
UK-2026-100215,2026-01-09,South,Chennai,Yoga Mat Pro,Sports,1,1212,1212,CUST-91935,App
UK-2026-103351,2026-05-21,North,Gurugram,Noise-Cancelling Headphones,Electronics,3,9080,27240,CUST-24866,Marketplace
UK-2026-102648,2026-04-04,East,Patna,Wireless Earbuds Pro,Electronics,1,2990,2990,CUST-52788,App
UK-2026-104510,2026-06-14,South,Chennai,43-inch Smart TV,Electronics,1,27191,27191,CUST-45269,Website
UK-2026-101951,2026-03-31,West,Pune,Slim Fit Jeans,Fashion,3,1624,4872,CUST-40008,Marketplace
UK-2026-102806,2026-04-24,West,Surat,Foldable Treadmill T2,Sports,1,25327,25327,CUST-56764,Marketplace
UK-2026-100984,2026-02-16,South,BLR,Matte Lipstick Set,Beauty,1,930,930,CUST-60761,App
UK-2026-104677,2026-06-04,Central,Nagpur,Noise-Cancelling Headphones,Electronics,1,8716,8716,CUST-52220,Marketplace
UK-2026-102392,2026-04-17,North,Gurugram,Mirrorless Camera Lite,Electronics,1,28331,28331,CUST-15542,App
UK-2026-104153,2026-06-22,South,Hyderabad,Sunscreen SPF50,Beauty,2,539,1078,CUST-41954,App
UK-2026-100782,02/02/2026,Central,Indore,Sunscreen SPF50,Beauty,1,548,548,CUST-65979,App
UK-2026-100557,2026-01-28,North,Gurugram,43-inch Smart TV,Electronics,4,26359,105436,CUST-15242,App
UK-2026-100362,2026-01-05,North,Chandigarh,Noise-Cancelling Headphones,Electronics,1,8858,8858,CUST-76583,Website
UK-2026-101032,2026-02-10,West,Surat,Denim Jacket,Fashion,2,2228,4456,CUST-58174,Website
UK-2026-100169,2026-01-07,South,Kochi,Cotton Kurta Set,Fashion,1,1353,1353,CUST-45947,App
UK-2026-102359,2026-04-02,South,Hyderabad,Leather Wallet,Fashion,1,899,899,CUST-52953,Marketplace
UK-2026-104028,2026-06-16,Central,Indore,Yoga Mat Pro,Sports,2,1176,2352,CUST-37362,App
UK-2026-101561,2026-03-30,South,Kochi,Beard Grooming Kit,Beauty,1,967,967,CUST-17527,Website
UK-2026-100351,2026-01-11,North,Noida,Wireless Earbuds Pro,Electronics,2,2976,5952,CUST-42239,Marketplace
UK-2026-100849,2026-02-24,West,Mumbai,Gym Gloves,Sports,0,498,498,CUST-47794,Website
UK-2026-104155,2026-06-27,East,Kolkata,Leather Wallet,Fashion,1,888,888,CUST-60679,App
UK-2026-100962,2026-02-02,East,Kolkata,Smart Watch X2,Electronics,2,4607,9214,CUST-89744,Website
UK-2026-101470,2026-03-18,South,Kochi,Formal Shirt,Fashion,1,1086,1086,CUST-75022,App
UK-2026-103623,2026-05-15,Central,Raipur,Running Sneakers,Fashion,2,2882,5764,CUST-58522,Website
UK-2026-102696,2026-04-08,South,Hyderabad,Football Size 5,Sports,1,911,911,CUST-46322,App
UK-2026-104073,2026-06-09,South,Bengaluru,Eau de Parfum 100ml,Beauty,1,1962,1962,CUST-15242,App
UK-2026-102857,2026-04-05,South,Hyderabad,Robot Vacuum R7,Home & Kitchen,1,19092,19092,CUST-81646,Marketplace
UK-2026-103087,2026-04-04,South,Kochi,Ultrabook Air 14,Electronics,2,30579,61158,CUST-78893,App
UK-2026-102408,2026-04-20,South,Hyderabad,Mixer Grinder 750W,Home & Kitchen,2,3411,6822,CUST-57664,App
UK-2026-103934,2026-05-07,Central,Nagpur,Badminton Racket Set,Sports,1,2512,2512,CUST-44962,Marketplace
UK-2026-102856,2026-04-08,East,Patna,Electric Kettle 1.5L,Home & Kitchen,1,1119,1119,CUST-23260,Website
UK-2026-100109,2026-01-05,West,Ahmedabad,Gym Gloves,Sports,1,491,491,CUST-64451,Website
UK-2026-100590,2026-01-02,Central,Raipur,Eau de Parfum 100ml,Beauty,2,2082,4164,CUST-26051,App
UK-2026-104727,2026-06-17,East,Kolkata,Cotton Bedsheet Set,Home & Kitchen,1,1459,"1,459.00",CUST-45947,Website
UK-2026-102058,2026-03-01,West,Ahmedabad,Non-Stick Cookware Set,Home & Kitchen,1,2922,2922,CUST-97929,App
UK-2026-104587,2026-06-21,South,Madras,Slim Fit Jeans,Fashion,1,1566,1566,CUST-74020,Marketplace
UK-2026-104135,2026-06-17,West,Mumbai,Dinner Set 24pc,Home & Kitchen,1,2558,2558,CUST-68846,App
UK-2026-102705,2026-04-04,East,Guwahati,Formal Shirt,Fashion,2,1075,2150,CUST-31777,App
UK-2026-102052,2026-03-14,Central,Raipur,Silk Saree,Fashion,2,3368,6736,CUST-51124,App
UK-2026-103074,2026-04-14,North,Noida,Wireless Earbuds Pro,Electronics,1,2914,2914,CUST-49529,App
UK-2026-102998,2026-04-18,North,Noida,Sunscreen SPF50,Beauty,1,563,563,CUST-34002,Website
UK-2026-102560,2026-04-14,Central,Raipur,Ionic Hair Dryer,Beauty,2,1818,3636,CUST-28477,App
UK-2026-103872,2026-05-08,North,Chandigarh,Running Sneakers,Fashion,1,2755,2755,CUST-41285,Website
UK-2026-103959,2026-05-08,West,Pune,Gym Gloves,Sports,2,493,986,CUST-27370,Marketplace
UK-2026-100883,2026-02-02,North,Delhi,Sunscreen SPF50,Beauty,2,576,1152,CUST-68350,App
UK-2026-104348,2026-06-10,North,Chandigarh,Beard Grooming Kit,Beauty,2,960,1920,CUST-42122,App
UK-2026-103236,2026-05-12,North,Delhi,Gym Gloves,Sports,1,488,488,CUST-88428,App
UK-2026-101725,2026-03-26,North,Chandigarh,Cotton Bedsheet Set,Home & Kitchen,2,1424,2848,CUST-53304,App
UK-2026-100955,2026-02-28,South,Chennai,Robot Vacuum R7,Home & Kitchen,3,19722,59166,CUST-33886,App
UK-2026-100417,2026-01-23,Central,Nagpur,Badminton Racket Set   ,Sports,1,2383,2383,CUST-75086,App
UK-2026-101170,2026-02-07,Central,Bhopal,Ionic Hair Dryer,Beauty,1,1984,1984,CUST-67479,Website
UK-2026-100753,2026-02-05,West,Surat,Modern Wall Clock,Home & Kitchen,1,826,826,CUST-12283,Website
UK-2026-101286,2026-02-10,Central,Indore,Football Size 5,Sports,1,870,,CUST-30311,App
UK-2026-104322,2026-06-15,North,Chandigarh,Badminton Racket Set,Sports,3,2380,7140,CUST-36686,Marketplace
UK-2026-101763,2026-03-11,North,Chandigarh,Matte Lipstick Set,Beauty,1,879,879,CUST-48715,App
UK-2026-101411,2026-02-13,North,Chandigarh,Ethnic Dupatta,Fashion,1,483,483,CUST-90645,Website
UK-2026-101683,2026-03-07,South,Kochi,Smart Watch X2,Electronics,2,4335,8670,CUST-26947,App
UK-2026-102607,2026-04-05,North,Gurugram,Football Size 5,Sports,1,904,904,CUST-56955,Website
UK-2026-101559,2026-03-06,East,Guwahati,Gym Gloves,Sports,2,493,986,CUST-76128,Marketplace
UK-2026-103637,"May 9, 2026",South,Kochi,Cotton Bedsheet Set,Home & Kitchen,1,1378,1378,CUST-19307,App
UK-2026-102358,2026-04-04,North,Noida,Denim Jacket,Fashion,1,2189,2189,CUST-82748,App
UK-2026-101204,2026-02-24,East,Guwahati,Slim Fit Jeans,Fashion,1,1627,1627,CUST-66676,Website
UK-2026-101940,2026-03-19,West,Mumbai,Cycling Helmet,Sports,1,1603,1603,CUST-24331,App
UK-2026-101045,2026-02-24,North,Noida,Formal Shirt,Fashion,1,1146,1146,CUST-19128,Website
UK-2026-102653,2026-04-12,North,Delhi,Vitamin C Serum,Beauty,2,685,1370,CUST-14545,App
UK-2026-100042,2026-01-06,East,Guwahati,Smart Watch X2,Electronics,1,4569,4569,CUST-45581,App
UK-2026-104247,2026-06-17,East,Patna,Cotton Kurta Set,Fashion,2,1237,2474,CUST-30712,Website
UK-2026-100409,2026-01-06,South,Hyderabad,Ethnic Dupatta,Fashion,1,496,496,CUST-14983,App
UK-2026-100501,2026-01-14,North,Delhi,43-inch Smart TV,Electronics,1,24985,24985,CUST-32934,Website
UK-2026-103408,2026-05-06,South,Hyderabad,Electric Kettle 1.5L,Home & Kitchen,4,1103,4412,CUST-84323,App
UK-2026-102593,2026-04-17,South,Chennai,Bluetooth Speaker Mini,Electronics,2,1463,2926,CUST-99747,App
UK-2026-104193,2026-06-05,South,Bengaluru,Modern Wall Clock,Home & Kitchen,1,793,793,CUST-67148,App
UK-2026-102442,2026-04-18,South,Hyderabad,Robot Vacuum R7,Home & Kitchen,-1,18949,37898,CUST-12333,Website
UK-2026-102376,2026-04-29,South,Kochi,Running Sneakers,Fashion,4,2922,11688,CUST-79961,Marketplace
UK-2026-101531,2026-03-24,East,Patna,Formal Shirt,Fashion,3,1114,3342,CUST-19700,Website
UK-2026-103059,2026-04-25,Central,Nagpur,Power Bank 20000mAh,Electronics,1,1720,1720,CUST-61271,Website
UK-2026-104274,2026-06-30,West,Surat,Formal Shirt,Fashion,1,1136,1136,CUST-58183,Website
UK-2026-102819,2026-04-18,West,Mumbai,Robot Vacuum R7,Home & Kitchen,1,19821,19821,CUST-63929,Website
UK-2026-103128,11-05-26,West,Mumbai,Leather Wallet,Fashion,2,901,1802,CUST-55090,Website
UK-2026-104438,2026-06-09,East,Patna,Power Bank 20000mAh,Electronics,1,1790,1790,CUST-61490,Marketplace
UK-2026-101179,2026-02-26,North,Chandigarh,Noise-Cancelling Headphones,Electronics,2,9388,18776,CUST-54483,Website
UK-2026-103584,2026-05-12,South,Chennai,Non-Stick Cookware Set,Home & Kitchen,1,3037,3037,CUST-32496,Website
UK-2026-103992,2026-05-10,West,Mumbai,Smart Watch X2,Electronics,1,4309,4309,CUST-48440,App
UK-2026-103765,2026-05-13,Central,Nagpur,Ethnic Dupatta,Fashion,1,516,516,CUST-99877,Website
UK-2026-100075,2026-01-11,North,Chandigarh,Silk Saree,Fashion,1,3504,3504,CUST-86841,App
UK-2026-104232,2026-06-24,South,Kochi,Air Fryer 5L,Home & Kitchen,1,5639,5639,CUST-28546,App
UK-2026-100718,2026-01-27,East,Kolkata,COTTON KURTA SET,Fashion,1,1312,1312,CUST-66304,Marketplace
UK-2026-104618,2026-06-12,Central,Indore,Cricket Bat English Willow,Sports,2,8595,17190,CUST-12161,Marketplace
UK-2026-104107,2026-06-14,South,Kochi,Beard Grooming Kit,Beauty,1,952,952,CUST-56762,App
UK-2026-103969,2026-05-21,East,Guwahati,Mirrorless Camera Lite,Electronics,2,29162,58324,CUST-71087,App
UK-2026-101100,2026-02-16,South,Hyderabad,Mixer Grinder 750W,Home & Kitchen,3,3164,9492,CUST-67451,App
UK-2026-104608,2026-06-04,Central,Raipur,Formal Shirt,Fashion,1,1064,1064,CUST-31939,App
UK-2026-102896,2026-04-16,West,Bombay,Cotton Bedsheet Set,Home & Kitchen,2,1413,2826,CUST-54090,Website
UK-2026-104368,2026-06-18,West,Mumbai,Adjustable Dumbbells 15kg,Sports,1,4969,4969,CUST-97304,Marketplace
UK-2026-104865,2026-06-15,North,Noida,Cotton Kurta Set,Fashion,2,1336,2672,CUST-23183,App
UK-2026-102103,2026-03-22,North,Delhi,Badminton Racket Set,Sports,1,2527,2527 INR,CUST-83534,App
UK-2026-103663,12-05-26,West,Ahmedabad,Matte Lipstick Set,Beauty,1,858,858,CUST-87908,Website
UK-2026-100772,"Feb 11, 2026",East,Guwahati,Leather Wallet,Fashion,1,914,914,CUST-23226,App
UK-2026-103658,2026-05-11,South,Madras,Mirrorless Camera Lite,Electronics,1,30336,30336,CUST-32029,Marketplace
UK-2026-102571,2026-04-28,Central,Bhopal,Mirrorless Camera Lite,Electronics,1,30255,30255,CUST-24146,Website
UK-2026-100178,2026-01-07,North,Chandigarh,Silk Saree,Fashion,1,3620,3620,CUST-78616,Marketplace
UK-2026-102677,2026-04-10,North,Gurugram,Ultrabook Air 14,Electronics,1,28551,28551,CUST-46374,Marketplace
UK-2026-103983,2026-05-13,South,Bengaluru,Mixer Grinder 750W,Home & Kitchen,1,3381,3381,CUST-85201,App
UK-2026-103033,2026-04-16,East,Guwahati,Beard Grooming Kit,Beauty,1,973,973,CUST-89268,Website
UK-2026-101606,2026-03-12,,Mumbai,Badminton Racket Set,Sports,1,2562,2562,CUST-28447,Website
UK-2026-104220,2026-06-25,North,Delhi,Ultrabook Air 14,Electronics,2,30188,60376,CUST-71664,Website
UK-2026-104816,2026-06-18,East,Kolkata,Ethnic Dupatta,Fashion,1,491,491,CUST-99336,App
UK-2026-103928,2026-05-24,West,Ahmedabad,ULTRABOOK AIR 14,Electronics,1,28702,28702,CUST-36703,App
UK-2026-101546,2026-03-16,North,Noida,Electric Kettle 1.5L,Home & Kitchen,1,1057,1057,CUST-54714,Website
UK-2026-103690,2026-05-29,West,Ahmedabad,Formal Shirt,Fashion,1,1134,1134,CUST-70685,Website
UK-2026-103609,2026-05-15,Central,Indore,Gym Gloves,Sports,4,511,2044,CUST-10815,Website
UK-2026-101652,2026-03-23,South,Bengaluru,Modern Wall Clock,Home & Kitchen,1,816,816,CUST-81260,App
UK-2026-100760,2026-02-21,Central,Nagpur,Cotton Kurta Set,Fashion,1,1361,1361,CUST-76450,Website
UK-2026-103066,2026-04-28,South,Chennai,Football Size 5,Sports,1,885,885,CUST-69957,App
UK-2026-102031,2026-03-20,East,Kolkata,Ultrabook Air 14,Electronics,2,29082,58164,CUST-36332,App
UK-2026-103025,2026-04-22,Central,Indore,Football Size 5,Sports,1,909,909,CUST-15900,App
UK-2026-100559,2026-01-25,North,Chandigarh,Noise-Cancelling Headphones,Electronics,1,9021,9021,CUST-27800,Marketplace
UK-2026-102320,2026-04-06,West,Mumbai,Badminton Racket Set,Sports,1,2489,2489,CUST-69911,App
UK-2026-104580,2026-06-09,South,Kochi,Smart Watch X2,Electronics,1,4393,4393,CUST-24891,Website
UK-2026-100258,2026-01-24,South,Bengaluru,Power Bank 20000mAh,Electronics,1,1747,1747,CUST-65249,Website
UK-2026-102967,2026-04-05,South,Bengaluru,Bluetooth Speaker Mini,Electronics,1,1535,1535,CUST-19427,App
UK-2026-100817,2026-02-26,North,Gurugram,Matte Lipstick Set,Beauty,1,911,911,CUST-37849,App
UK-2026-102750,17-04-26,Central,Nagpur,Badminton Racket Set,Sports,3,2537,7611,CUST-64090,App
UK-2026-100982,2026-02-22,North,Noida,Vitamin C Serum,Beauty,1,694,694,CUST-29341,Website
UK-2026-100350,2026-01-24,Central,Indore,Mixer Grinder 750W,Home & Kitchen,2,3413,6826,CUST-78893,App
UK-2026-101873,2026-03-15,North,Gurgaon,Formal Shirt,Fashion,2,1079,2158,CUST-94105,Marketplace
UK-2026-101786,2026-03-12,East,Guwahati,Air Fryer 5L,Home & Kitchen,1,5347,5347,CUST-46297,Website
UK-2026-100546,2026-01-02,Central,Nagpur,Robot Vacuum R7,Home & Kitchen,1,18880,18880,CUST-37849,App
UK-2026-103766,2026-05-19,Central,Raipur,Silk Saree,Fashion,2,3469,6938,CUST-14232,Website
UK-2026-100756,2026-02-06,West,Pune,Wireless Earbuds Pro,Electronics,1,2927,2927,CUST-11099,Website
UK-2026-100183,2026-01-08,North,Delhi,Badminton Racket Set,Sports,1,2549,2549,CUST-40008,Website
UK-2026-104534,2026-06-29,South,Kochi,Bluetooth Speaker Mini,Electronics,2,1572,3144,CUST-86793,App
UK-2026-102601,2026-04-02,South,Bengaluru,Formal Shirt,Fashion,1,1104,"₹1,104",CUST-67784,App
UK-2026-101388,2026-02-03,Central,Bhopal,Football Size 5,Sports,1,892,892,CUST-95699,Marketplace
UK-2026-103274,2026-05-27,West,Mumbai,Air Fryer 5L,Home & Kitchen,3,5312,15936,CUST-12797,App
UK-2026-101068,2026-02-16,South,Bengaluru,Dinner Set 24pc,Home & Kitchen,1,2538,2538,CUST-71653,Website
UK-2026-103788,2026-05-09,South,Bengaluru,Face Wash Combo,Beauty,1,455,455,CUST-72022,Website
UK-2026-100411,2026-01-01,South,Kochi,Running Sneakers,Fashion,1,2876,2876,CUST-78759,App
UK-2026-102185,2026-03-09,North,Gurugram,Badminton Racket Set,Sports,1,2442,2442,CUST-46297,Marketplace
UK-2026-101920,"Mar 8, 2026",South,Hyderabad,Running Sneakers,Fashion,1,2817,2817,CUST-90849,Website
UK-2026-101465,2026-03-17,North,Chandigarh,Denim Jacket,Fashion,2,2289,4578,CUST-64368,Website
UK-2026-103402,2026-05-04,West,Surat,Cycling Helmet,Sports,2,1618,3236,CUST-37184,Website
UK-2026-103155,2026-05-22,South,Kochi,43-inch Smart TV,Electronics,1,26777,26777,CUST-73713,Marketplace
UK-2026-103135,2026-05-13,North,Chandigarh,Matte Lipstick Set,Beauty,1,944,944,CUST-39946,App
UK-2026-104827,2026-06-17,South,Kochi,Badminton Racket Set,Sports,1,2425,2425,CUST-53639,App
UK-2026-104334,2026-06-25,North,Chandigarh,Formal Shirt,Fashion,1,1099,1099,CUST-51052,Website
UK-2026-100295,2026-01-10,South,Bengaluru,Cricket Bat English Willow,Sports,1,9369,9369,CUST-50117,Website
UK-2026-103089,2026-04-10,North,Gurugram,Running Sneakers,Fashion,1,2858,2858,CUST-26335,App
UK-2026-103569,2026-05-07,East,Patna,Matte Lipstick Set,Beauty,1,860,860,CUST-41015,App
UK-2026-101931,2026-03-25,Central,Nagpur,Gym Gloves,Sports,2,489,978,CUST-82203,Marketplace
UK-2026-103599,2026-05-09,West,Ahmedabad,Adjustable Dumbbells 15kg,Sports,1,5197,5197,CUST-79378,Website
UK-2026-104592,2026-06-13,South,Kochi,Yoga Mat Pro,Sports,1,1227,1227,CUST-65750,App
UK-2026-102662,2026-04-05,North,Delhi,Wireless Earbuds Pro,Electronics,1,3065,3065,CUST-46495,Website
UK-2026-101735,2026-03-05,West,Pune,Ionic Hair Dryer,Beauty,1,1829,1829,CUST-42624,App
UK-2026-100762,2026-02-12,South,Bengaluru,Bluetooth Speaker Mini,Electronics,1,1547,1547,CUST-84369,App
UK-2026-102100,2026-03-12,,Chennai,Cotton Kurta Set,Fashion,3,1296,3888,CUST-93858,Marketplace
UK-2026-104659,2026-06-19,Central,Indore,Noise-Cancelling Headphones,Electronics,2,8910,,CUST-77437,App
UK-2026-100364,2026-01-11,West,Pune,Mirrorless Camera Lite,Electronics,3,29843,"89,529.00",CUST-12283,App
UK-2026-102016,2026-03-06,East,Patna,Foldable Treadmill T2,Sports,1,23886,23886,CUST-83709,Marketplace
UK-2026-102759,2026-04-24,South,Chennai,Sunscreen SPF50,Beauty,1,562,562,CUST-24331,App
UK-2026-100601,2026-01-12,West,Bombay,Beard Grooming Kit,Beauty,1,1042,1042,CUST-23323,Website
UK-2026-103929,2026-05-30,West,Surat,Slim Fit Jeans,Fashion,1,1674,1674,CUST-97554,Website
UK-2026-102148,2026-03-30,Central,Raipur,Face Wash Combo,Beauty,2,468,936,CUST-68551,App
UK-2026-103091,2026-05-30,North,Delhi,Power Bank 20000mAh,Electronics,1,1711,1711,CUST-40916,App
UK-2026-104047,2026-06-20,West,Pune,Power Bank 20000mAh,Electronics,1,1848,1848,CUST-89049,Marketplace
UK-2026-100885,2026-02-25,Central,Indore,Ultrabook Air 14,Electronics,1,30304,30304,CUST-56220,Website
UK-2026-101811,2026-03-15,,Chandigarh,Running Sneakers,Fashion,3,2833,8499,CUST-42239,App
UK-2026-103138,2026-05-13,Central,Bhopal,Gym Gloves,Sports,1,519,519,CUST-26882,Website
UK-2026-102367,2026-04-18,East,Patna,Power Bank 20000mAh,Electronics,2,1832,3664,CUST-17893,App
UK-2026-100456,2026-01-19,Central,Raipur,Dinner Set 24pc,Home & Kitchen,1,2596,2596,CUST-69705,Website
UK-2026-100672,2026-01-14,West,Pune,Formal Shirt,Fashion,1,1089,1089,CUST-62990,Marketplace
UK-2026-104227,2026-06-21,North,New Delhi,Power Bank 20000mAh,Electronics,1,1877,1877,CUST-90418,Website
UK-2026-104123,2026-06-22,South,Hyderabad,Air Fryer 5L,Home & Kitchen,2,5716,11432,CUST-69028,Website
UK-2026-100521,2026-01-24,East,Bhubaneswar,Power Bank 20000mAh,Electronics,3,1862,5586,CUST-68965,Website
UK-2026-104168,2026-06-16,Central,Nagpur,Gym Gloves,Sports,1,477,477,CUST-95273,Website
UK-2026-104569,2026-06-05,South,Kochi,Makeup Brush Set,Beauty,2,1271,2542,CUST-99442,App
UK-2026-100585,2026-01-03,West,Mumbai,Smart Watch X2,Electronics,1,4446,4446,CUST-90932,Marketplace
UK-2026-104862,2026-06-06,South,Hyderabad,Wireless Earbuds Pro,Electronics,1,2952,2952,CUST-47477,Website
UK-2026-100797,2026-02-11,West,Mumbai,Smart Watch X2,Electronics,1,4555,4555,CUST-37204,Website
UK-2026-104965,2026-06-26,East,Patna,Non-Stick Cookware Set,Home & Kitchen,2,3002,6004,CUST-75906,App
UK-2026-103022,2026-04-23,North,Gurugram,Noise-Cancelling Headphones,Electronics,1,8551,8551,CUST-60545,Marketplace
UK-2026-103708,2026-05-13,East,Bhubaneswar,Leather Wallet,Fashion,,887,887,CUST-21278,App
UK-2026-104570,2026-06-07,West,Pune,Mixer Grinder 750W,Home & Kitchen,1,3254,3254,CUST-31941,App
UK-2026-100591,2026-01-11,North,Chandigarh,Bluetooth Speaker Mini,Electronics,1,1554,1554,CUST-19329,App
UK-2026-102401,2026-04-29,West,Mumbai,43-inch Smart TV,Electronics,1,25074,25074,CUST-71998,App
UK-2026-103958,2026-05-15,North,Delhi,Beard Grooming Kit,Beauty,3,1026,3078,CUST-30783,App
UK-2026-104283,2026-06-11,Central,Nagpur,Adjustable Dumbbells 15kg,Sports,2,5235,10470,CUST-98801,Website
UK-2026-100532,2026-01-31,South,Hyderabad,Cricket Bat English Willow,Sports,1,8698,8698,CUST-50964,App
UK-2026-100225,2026-01-27,West,Ahmedabad,Power Bank 20000mAh,Electronics,1,1885,1885,CUST-54109,Marketplace
UK-2026-101738,2026-03-17,North,Chandigarh,Smart Watch X2,Electronics,1,4555,4555,CUST-36534,App
UK-2026-100272,2026-01-20,Central,Indore,Mirrorless Camera Lite,Electronics,2,28564,57128,CUST-77578,App
UK-2026-100505,2026-01-24,West,mumbai,Mirrorless Camera Lite,Electronics,1,30084,30084,CUST-71087,Marketplace
UK-2026-102456,2026-04-16,South,Kochi,Modern Wall Clock,Home & Kitchen,2,772,1544,CUST-45136,App
UK-2026-100252,2026-01-09,South,Hyderabad,Sunscreen SPF50,Beauty,1,525,525,CUST-30291,App
UK-2026-102530,2026-04-26,South,Bengaluru,Cycling Helmet,Sports,1,1597,1597,CUST-85850,App
UK-2026-103907,01/05/2026,West,Mumbai,Beard Grooming Kit,Beauty,1,1045,1045,CUST-16630,App
UK-2026-101955,2026-03-31,North,Delhi,Cycling Helmet,Sports,1,1646,1646,CUST-34976,App
UK-2026-102136,2026-03-26,East,Bhubaneswar,NON-STICK COOKWARE SET,Home & Kitchen,1,2885,2885,CUST-42433,Marketplace
UK-2026-103404,2026-05-03,South,Chennai,Cycling Helmet,Sports,1,1667,1667,CUST-27412,App
UK-2026-102664,2026-04-29,West,Mumbai,Mixer Grinder 750W,Home & Kitchen,2,3460,6920,CUST-58828,Marketplace
UK-2026-102723,2026-04-24,West,Pune,Air Fryer 5L,Home & Kitchen,2,5471,10942,CUST-55229,App
UK-2026-100032,2026-01-05,East,Bhubaneswar,Silk Saree,Fashion,2,3350,6700,CUST-60154,App
UK-2026-100552,2026-01-04,South,Bengaluru,Cycling Helmet,Sports,3,1644,4932,CUST-85360,App
UK-2026-102122,2026-03-27,South,Bengaluru,Power Bank 20000mAh,Electronics,2,1784,3568,CUST-99336,App
UK-2026-103612,2026-05-18,West,Surat,Mixer Grinder 750W,Home & Kitchen,4,3211,12844,CUST-72056,App
UK-2026-103825,2026-05-16,South,Chennai,Air Fryer 5L,Home & Kitchen,1,5303,5303,CUST-20562,App
UK-2026-100989,2026-02-21,North,Chandigarh,Ultrabook Air 14,Electronics,1,28511,28511,CUST-51374,App
UK-2026-104439,2026-06-04,Central,Raipur,Cricket Bat English Willow,Sports,1,9216,9216,CUST-76990,App
UK-2026-101948,06/03/2026,North,Delhi,Air Fryer 5L,Home & Kitchen,3,5410,16230,CUST-97842,Website
UK-2026-103493,2026-05-15,North,Chandigarh,Denim Jacket,Fashion,1,2133,2133,CUST-44116,App
UK-2026-102381,28/04/2026,South,Hyderabad,Ionic Hair Dryer,Beauty,1,1844,1844,CUST-87883,Website
UK-2026-100168,2026-01-31,North,Gurugram,Cotton Kurta Set,Fashion,1,1300,1300,CUST-52706,App
UK-2026-101916,2026-03-16,West,Mumbai,Denim Jacket,Fashion,2,2124,4248,CUST-35231,Website
UK-2026-102076,2026-03-08,West,Pune,Dinner Set 24pc,Home & Kitchen,1,2591,2591,CUST-24950,App
UK-2026-100491,2026-01-04,West,Ahmedabad,Denim Jacket,Fashion,1,2118,2118,CUST-46495,App
UK-2026-103021,2026-04-17,Central,Raipur,Ultrabook Air 14,Electronics,2,29940,59880,CUST-24860,Marketplace
UK-2026-104426,2026-06-02,Central,Bhopal,Dinner Set 24pc,Home & Kitchen,2,2407,"4,814.00",CUST-95759,App
UK-2026-101575,2026-03-08,East,Patna,Slim Fit Jeans,Fashion,1,1632,1632,CUST-30254,Website
UK-2026-103815,2026-05-20,North,Gurugram,Slim Fit Jeans,Fashion,1,1558,1558,CUST-81800,App
UK-2026-101279,2026-02-04,South,Chennai,Running Sneakers,Fashion,1,2874,2874,CUST-73886,Marketplace
UK-2026-101572,2026-03-24,South,Kochi,Ethnic Dupatta,Fashion,1,507,507,CUST-73961,Website
UK-2026-100522,2026-01-13,West,Pune,Cotton Bedsheet Set,Home & Kitchen,1,1441,1441,CUST-76832,App
UK-2026-100137,2026-01-27,North,Chandigarh,Matte Lipstick Set,Beauty,2,942,1884,CUST-98940,Website
UK-2026-104144,2026-06-07,Central,Nagpur,Sunscreen SPF50,Beauty,1,544,544,CUST-14433,App
UK-2026-104697,2026-06-09,Central,Nagpur,Non-Stick Cookware Set,Home & Kitchen,2,3042,6084,CUST-71653,Marketplace
UK-2026-103773,2026-05-21,North,Noida,Non-Stick Cookware Set,Home & Kitchen,1,2790,2790,CUST-50781,Website
UK-2026-102645,2026-04-09,West,Mumbai,Air Fryer 5L,Home & Kitchen,1,5419,5419,CUST-53082,App
UK-2026-100726,"Feb 11, 2026",South,Bengaluru,Vitamin C Serum,Beauty,1,686,686,CUST-94171,App
UK-2026-101173,2026-02-13,East,Guwahati,Dinner Set 24pc,Home & Kitchen,2,2552,,CUST-43767,Website
UK-2026-101464,"Mar 12, 2026",North,Chandigarh,Electric Kettle 1.5L,Home & Kitchen,4,1140,4560,CUST-34976,App
UK-2026-100843,2026-02-01,East,Bhubaneswar,Ionic Hair Dryer,Beauty,-2,1891,1891,CUST-29709,App
UK-2026-101283,2026-02-01,North,Noida,Silk Saree,Fashion,1,3650,3650,CUST-19329,App
UK-2026-104928,2026-06-21,North,Noida,Cotton Bedsheet Set,Home & Kitchen,1,1448,1448,CUST-71543,Marketplace
UK-2026-104818,2026-06-29,West,Mumbai,Badminton Racket Set,Sports,1,2378,2378,CUST-11966,App
UK-2026-103587,2026-05-06,North,Chandigarh,Cotton Kurta Set,Fashion,1,1302,1302,CUST-74292,App
UK-2026-101001,2026-02-19,South,Hyderabad,Adjustable Dumbbells 15kg,Sports,1,4812,4812,CUST-33261,App
UK-2026-101939,2026-03-24,South,Chennai,Electric Kettle 1.5L,Home & Kitchen,2,1132,2264,CUST-34591,Marketplace
UK-2026-102373,2026-04-28,East,Kolkata,Mirrorless Camera Lite,Electronics,1,29697,"₹29,697",CUST-49433,Marketplace
UK-2026-100407,2026-01-25,North,Gurugram,BEARD GROOMING KIT,Beauty,1,1040,1040,CUST-32934,App
UK-2026-102047,2026-03-19,West,Ahmedabad,Formal Shirt,Fashion,1,1149,1149,CUST-99396,Marketplace
UK-2026-100220,2026-01-06,North,Gurugram,Cycling Helmet,Sports,1,1636,1636,CUST-82158,App
UK-2026-101146,2026-02-07,Central,Raipur,Running Sneakers,Fashion,1,2772,2772,CUST-61416,Website
UK-2026-103591,2026-05-29,South,Hyderabad,Cotton Kurta Set,Fashion,2,1323,2646,CUST-60280,App
UK-2026-102810,2026-04-06,South,Hyderabad,Cricket Bat English Willow,Sports,1,8878,8878,CUST-52885,App
UK-2026-100721,2026-02-23,West,Mumbai,Cotton Kurta Set,Fashion,1,1351,1351,CUST-49248,Website
UK-2026-104202,"Jun 14, 2026",South,Bengaluru,Mixer Grinder 750W,Home & Kitchen,2,3285,6570,CUST-93971,App
UK-2026-103124,2026-05-06,West,Ahmedabad,Wireless Earbuds Pro,Electronics,1,2919,2919,CUST-72425,App
UK-2026-100005,2026-01-25,North,New Delhi,Noise-Cancelling Headphones,Electronics,2,8833,17666,CUST-45588,App
UK-2026-102494,2026-04-28,West,Surat,Robot Vacuum R7,Home & Kitchen,1,19117,19117,CUST-93561,App
UK-2026-102635,2026-04-27,Central,Bhopal,Adjustable Dumbbells 15kg,Sports,1,5034,5034,CUST-96349,App
UK-2026-103212,2026-05-20,North,Noida,Bluetooth Speaker Mini,Electronics,2,1535,3070,CUST-72737,Marketplace
UK-2026-101648,2026-03-26,West,Surat,  Wireless Earbuds Pro,Electronics,2,3032,6064,CUST-94191,Marketplace
UK-2026-104098,2026-06-17,,Nagpur,Wireless Earbuds Pro,Electronics,2,3107,6214,CUST-87546,Website
UK-2026-103421,2026-05-01,South,Chennai,Noise-Cancelling Headphones,Electronics,1,8968,8968,CUST-92115,Marketplace
UK-2026-100625,2026-01-01,South,Kochi,Smart Watch X2,Electronics,4,4388,17552,CUST-20552,Marketplace
UK-2026-102976,2026-04-20,South,Hyderabad,Ultrabook Air 14,Electronics,1,29279,29279,CUST-66896,App
UK-2026-104622,2026-06-27,Central,Bhopal,Dinner Set 24pc,Home & Kitchen,2,2552,5104,CUST-87214,Marketplace
UK-2026-103527,2026-05-06,East,Guwahati,Yoga Mat Pro,Sports,1,1144,1144,CUST-26335,App
UK-2026-100663,2026-01-08,South,Bengaluru,Running Sneakers,Fashion,1,2826,2826,CUST-70685,App
UK-2026-104786,2026-06-01,North,Gurugram,Cricket Bat English Willow,Sports,4,9223,36892,CUST-97108,Marketplace
UK-2026-104812,2026-06-25,South,Bengaluru,Dinner Set 24pc,Home & Kitchen,1,2529,2529,CUST-22840,App
UK-2026-101120,2026-02-08,West,Mumbai,Mixer Grinder 750W,Home & Kitchen,1,3184,3184,CUST-71653,Website
UK-2026-104781,2026-06-23,West,Mumbai,Cycling Helmet,Sports,1,1617,1617,CUST-16816,Website
UK-2026-100226,2026-01-18,Central,Indore,Cricket Bat English Willow,Sports,1,9114,9114,CUST-11099,App
UK-2026-100200,2026-01-30,South,Bengaluru,Cotton Bedsheet Set,Home & Kitchen,1,1376,1376,CUST-91878,App
UK-2026-102735,2026-04-11,South,Chennai,Mixer Grinder 750W,Home & Kitchen,1,3216,3216,CUST-94171,Marketplace
UK-2026-100956,2026-02-01,North,Chandigarh,Smart Watch X2,Electronics,1,4487,4487,CUST-22791,Website
UK-2026-104376,2026-06-08,Central,Bhopal,Leather Wallet,Fashion,1,899,899,CUST-57654,Website
UK-2026-101456,2026-03-25,East,Guwahati,Smart Watch X2,Electronics,2,4713,9426,CUST-51820,Marketplace
UK-2026-103012,2026-04-04,South,Cochin,Cricket Bat English Willow,Sports,1,9013,9013,CUST-64390,Website
UK-2026-100251,2026-01-01,South,Kochi,Power Bank 20000mAh,Electronics,1,1755,1755,CUST-51052,Marketplace
UK-2026-103172,2026-05-07,Central,Bhopal,Cotton Bedsheet Set,Home & Kitchen,1,1373,1373,CUST-81041,App
UK-2026-104724,2026-06-15,North,Chandigarh,Mirrorless Camera Lite,Electronics,1,27776,27776,CUST-68902,Marketplace
UK-2026-101396,2026-02-04,East,Bhubaneswar,Dinner Set 24pc,Home & Kitchen,2,2605,5210,CUST-39667,Website
UK-2026-104505,2026-06-03,South,Bengaluru,Cricket Bat English Willow,Sports,2,8936,17872,CUST-93583,App
UK-2026-104627,2026-06-21,West,Mumbai,Ethnic Dupatta,Fashion,1,487,487,CUST-64307,App
UK-2026-100845,2026-02-05,Central,Indore,Matte Lipstick Set,Beauty,1,928,928,CUST-37849,App
UK-2026-100157,2026-01-13,West,Mumbai,Modern Wall Clock,Home & Kitchen,1,793,793 INR,CUST-21293,Website
UK-2026-104324,2026-06-25,North,Gurgaon,Power Bank 20000mAh,Electronics,1,1878,1878,CUST-40819,Website
UK-2026-104030,2026-06-17,West,Mumbai,Modern Wall Clock,Home & Kitchen,4,763,3052,CUST-60366,Website
UK-2026-100833,2026-02-16,North,Chandigarh,Noise-Cancelling Headphones,Electronics,1,8626,8626,CUST-40819,Marketplace
UK-2026-103919,2026-05-01,North,Delhi,Power Bank 20000mAh,Electronics,1,1712,1712,CUST-52245,App
UK-2026-104279,2026-06-12,West,Mumbai,Eau de Parfum 100ml,Beauty,1,2048,2048,CUST-45827,Website
UK-2026-104825,2026-06-02,North,Chandigarh,Smart Watch X2,Electronics,1,4719,4719,CUST-90849,App
UK-2026-102138,2026-03-30,East,Patna,Formal Shirt,Fashion,2,1103,2206,CUST-52718,App
UK-2026-102470,2026-04-09,South,Hyderabad,Wireless Earbuds Pro,Electronics,1,2926,2926,CUST-90210,Marketplace
UK-2026-102269,2026-04-11,West,Mumbai,Mirrorless Camera Lite,Electronics,1,28891,28891,CUST-13935,App
UK-2026-101010,2026-02-23,North,New Delhi,Slim Fit Jeans,Fashion,1,1644,1644,CUST-55006,App
UK-2026-102949,2026-04-19,South,Chennai,Matte Lipstick Set,Beauty,1,919,919,CUST-93583,Website
UK-2026-103194,2026-05-07,West,Surat,Electric Kettle 1.5L,Home & Kitchen,1,1109,1109,CUST-85145,App
UK-2026-101148,2026-02-12,South,Bengaluru,Eau de Parfum 100ml,Beauty,3,1907,5721,CUST-43767,App
UK-2026-101146,2026-02-07,Central,Raipur,Running Sneakers,Fashion,1,2772,2772,CUST-61416,Website
UK-2026-104760,2026-06-20,North,Chandigarh,Wireless Earbuds Pro,Electronics,2,2918,5836,CUST-10210,Website
UK-2026-100969,2026-02-22,South,Kochi,Dinner Set 24pc,Home & Kitchen,1,2378,2378,CUST-39162,App
UK-2026-104085,2026-06-18,West,Pune,Bluetooth Speaker Mini,Electronics,1,1485,1485,CUST-66291,Website
UK-2026-101326,2026-02-01,North,Gurugram,Vitamin C Serum,Beauty,2,699,1398,CUST-85691,App
UK-2026-102494,2026-04-28,West,Surat,Robot Vacuum R7,Home & Kitchen,1,19117,19117,CUST-93561,App
UK-2026-104916,16-06-26,West,Mumbai,Noise-Cancelling Headphones,Electronics,1,8639,8639,CUST-28698,App
UK-2026-100294,10-01-26,South,Chennai,Ethnic Dupatta,Fashion,1,522,522,CUST-52788,Website
UK-2026-103797,2026-05-09,South,Bengaluru,Denim Jacket,Fashion,3,2138,6414,CUST-51511,App
UK-2026-102931,2026-04-24,North,Gurugram,Sunscreen SPF50,Beauty,1,523,523,CUST-66520,Website
UK-2026-103875,2026-05-19,West,Mumbai,Power Bank 20000mAh,Electronics,1,1871,1871,CUST-86858,App
UK-2026-104127,2026-06-07,South,Chennai,Formal Shirt,Fashion,2,1087,2174,CUST-92023,App
UK-2026-100862,2026-02-03,East,Kolkata,Cotton Bedsheet Set,Home & Kitchen,2,1435,2870,CUST-31373,Website
UK-2026-101608,2026-03-30,West,Pune,Electric Kettle 1.5L,Home & Kitchen,1,1059,1059,CUST-69133,App
UK-2026-100527,2026-01-13,West,Surat,Beard Grooming Kit,Beauty,1,1017,1017,CUST-55756,App
UK-2026-102658,2026-04-11,West,Pune,Electric Kettle 1.5L,Home & Kitchen,1,1049,1049,CUST-89957,App
UK-2026-102186,2026-03-01,Central,Bhopal,43-inch Smart TV,Electronics,1,25161,25161,CUST-67784,App
UK-2026-102403,2026-04-04,West,Ahmedabad,Non-Stick Cookware Set,Home & Kitchen,1,2809,2809,CUST-80248,Website
UK-2026-101835,2026-03-06,South,Chennai,Badminton Racket Set,Sports,2,2474,4948,CUST-67622,Website
UK-2026-102962,2026-04-12,East,Kolkata,Matte Lipstick Set,Beauty,2,928,1856,CUST-55090,Website
UK-2026-103178,2026-05-30,North,Gurugram,Beard Grooming Kit,Beauty,1,1010,1010,CUST-28497,Website
UK-2026-101434,2026-02-21,East,Kolkata,43-inch Smart TV,Electronics,1,25046,25046,CUST-13089,App
UK-2026-103250,2026-05-26,South,Hyderabad,Formal Shirt,Fashion,1,1081,1081,CUST-69359,App
UK-2026-102903,2026-04-13,North,Gurugram,Air Fryer 5L,Home & Kitchen,1,5499,5499,CUST-35231,Website
UK-2026-102140,2026-03-15,South,chennai,Ultrabook Air 14,Electronics,1,29084,29084,CUST-80415,Marketplace
UK-2026-101011,2026-02-26,South,Bengaluru,Wireless Earbuds Pro,Electronics,1,2864,2864,CUST-25920,Marketplace
UK-2026-101514,2026-03-29,East,Kolkata,Running Sneakers,Fashion,1,2744,2744,CUST-54931,App
UK-2026-104563,2026-06-22,North,Chandigarh,Dinner Set 24pc,Home & Kitchen,1,2493,2493,CUST-90448,Website
UK-2026-100416,2026-01-06,North,Chandigarh,Adjustable Dumbbells 15kg,Sports,1,4914,4914,CUST-44962,App
UK-2026-101656,2026-03-16,North,Gurugram,Running Sneakers,Fashion,1,2820,2820,CUST-88277,Website
UK-2026-103891,2026-05-19,East,Guwahati,Gym Gloves,Sports,2,515,1030,CUST-53804,Website
UK-2026-103674,2026-05-17,North,Noida,Running Sneakers,Fashion,1,2726,2726,CUST-35774,App
UK-2026-101903,2026-03-09,West,Mumbai,Wireless Earbuds Pro,Electronics,1,2971,2971,CUST-19112,Website
UK-2026-103908,2026-05-31,West,Mumbai,Denim Jacket,Fashion,1,2093,2093,CUST-69578,Marketplace
UK-2026-100297,2026-01-03,North,Gurugram,Leather Wallet,Fashion,1,890,890,CUST-81514,Website
UK-2026-102064,03/03/2026,Central,Bhopal,Modern Wall Clock,Home & Kitchen,1,812,812,CUST-63820,App
UK-2026-103500,2026-05-01,South,Kochi,Denim Jacket,Fashion,1,2191,2191,CUST-55389,App
UK-2026-103519,2026-05-13,Central,Indore,Modern Wall Clock,Home & Kitchen,1,805,805,CUST-21011,App
UK-2026-100347,2026-01-21,Central,Bhopal,Football Size 5,Sports,1,924,924,CUST-52204,Website
UK-2026-104925,2026-06-06,Central,Raipur,Electric Kettle 1.5L,Home & Kitchen,1,1126,1126,CUST-44535,App
UK-2026-102326,2026-04-03,West,Ahmedabad,Smart Watch X2,Electronics,1,4658,4658,CUST-47416,App
UK-2026-101742,2026-03-27,North,Delhi,Robot Vacuum R7,Home & Kitchen,1,19444,19444,CUST-52024,Website
UK-2026-104861,2026-06-25,North,Chandigarh,43-inch Smart TV,Electronics,1,26600,26600,CUST-24315,Website
UK-2026-101149,2026-02-07,North,Delhi,Silk Saree,Fashion,1,3358,3358,CUST-85691,App
UK-2026-104131,2026-06-19,East,Bhubaneswar,Mixer Grinder 750W,Home & Kitchen,2,3237,6474 INR,CUST-34697,App
UK-2026-102647,2026-04-06,South,Bengaluru,Electric Kettle 1.5L,Home & Kitchen,3,1066,3198,CUST-34932,App
UK-2026-104517,2026-06-01,Central,Bhopal,Wireless Earbuds Pro,Electronics,1,3140,3140,CUST-94366,App
UK-2026-101237,2026-02-27,South,Kochi,Running Sneakers,Fashion,3,2774,8322,CUST-36980,Website
UK-2026-101022,2026-02-10,North,Gurugram,Electric Kettle 1.5L,Home & Kitchen,1,1133,1133,CUST-58950,App
UK-2026-101144,2026-02-03,Central,Raipur,Robot Vacuum R7,Home & Kitchen,1,18599,18599,CUST-33321,Website
UK-2026-100210,2026-01-26,North,Chandigarh,Smart Watch X2,Electronics,1,4526,4526,CUST-30394,Website
UK-2026-101866,2026-03-13,Central,Bhopal,Ultrabook Air 14,Electronics,1,30592,30592,CUST-35504,Website
UK-2026-100361,2026-01-08,Central,Bhopal,Football Size 5,Sports,1,903,903,CUST-66291,Website
UK-2026-100196,2026-01-02,West,Ahmedabad,Cotton Bedsheet Set,Home & Kitchen,2,1451,2902,CUST-28313,Website
UK-2026-104823,2026-06-25,North,Noida,Makeup Brush Set,Beauty,3,1297,3891,CUST-86253,App
UK-2026-103202,2026-05-27,South,Bengaluru,Noise-Cancelling Headphones,Electronics,1,9124,9124,CUST-27550,Marketplace
UK-2026-104982,2026-06-26,East,Bhubaneswar,Slim Fit Jeans,Fashion,1,1645,1645,CUST-17761,Website
UK-2026-100884,2026-02-27,South,Hyderabad,Beard Grooming Kit,Beauty,1,967,967,CUST-85691,Website
UK-2026-100233,2026-01-21,West,Ahmedabad,Ultrabook Air 14,Electronics,-2,31460,94380,CUST-63344,Marketplace
UK-2026-102681,2026-04-10,East,Guwahati,Ethnic Dupatta,Fashion,1,504,504,CUST-99877,App
UK-2026-100028,2026-01-15,North,Gurugram,43-inch Smart TV,Electronics,1,27077,27077,CUST-31494,Website
UK-2026-102203,2026-03-31,North,Noida,Modern Wall Clock,Home & Kitchen,4,825,3300,CUST-71543,Website
UK-2026-101949,"Mar 25, 2026",East,Bhubaneswar,Cotton Kurta Set,Fashion,2,1248,2496,CUST-58174,App
UK-2026-103752,2026-05-09,South,Bengaluru,Noise-Cancelling Headphones,Electronics,2,8866,17732,CUST-30208,Marketplace
UK-2026-102142,2026-03-13,North,Delhi,robot vacuum r7,Home & Kitchen,1,19538,19538,CUST-88369,Website
UK-2026-101255,2026-02-26,South,Bengaluru,Sunscreen SPF50,Beauty,1,575,575,CUST-55756,Marketplace
UK-2026-103267,2026-05-21,East,Guwahati,Smart Watch X2,Electronics,2,4380,8760,CUST-39317,Website
UK-2026-104351,2026-06-05,Central,Nagpur,Running Sneakers,Fashion,2,2829,5658,CUST-17705,Marketplace
UK-2026-103955,21-05-26,West,Pune,Leather Wallet,Fashion,1,904,904,CUST-41690,App
UK-2026-100076,2026-01-05,West,Pune,Yoga Mat Pro,Sports,1,1146,1146,CUST-50332,App
UK-2026-100124,2026-01-13,East,Bhubaneswar,Gym Gloves,Sports,,487,487,CUST-39889,Website
UK-2026-103683,2026-05-27,South,Hyderabad,Slim Fit Jeans,Fashion,1,1571,1571,CUST-67273,Website
UK-2026-103088,2026-04-13,West,Pune,Ethnic Dupatta,Fashion,1,505,505,CUST-98577,App
UK-2026-101583,2026-03-04,West,Pune,Smart Watch X2,Electronics,2,4331,8662,CUST-10382,Marketplace
UK-2026-102056,2026-03-10,Central,Bhopal,Modern Wall Clock,Home & Kitchen,1,762,762,CUST-29829,App
UK-2026-101300,2026-02-11,North,Gurugram,Bluetooth Speaker Mini,Electronics,1,1473,1473,CUST-22076,Website
UK-2026-100882,2026-02-16,North,Gurugram,Silk Saree,Fashion,1,3499,3499,CUST-16213,Website
UK-2026-101189,2026-02-22,South,Chennai,Face Wash Combo,Beauty,3,434,1302,CUST-53790,App
UK-2026-104796,2026-06-21,Central,Bhopal,Mixer Grinder 750W,Home & Kitchen,1,3285,3285,CUST-14815,Website
UK-2026-104393,2026-06-15,South,Bengaluru,43-inch Smart TV,Electronics,1,25569,25569,CUST-37180,App
UK-2026-103689,2026-05-16,North,Chandigarh,Electric Kettle 1.5L,Home & Kitchen,1,1119,1119,CUST-16843,App
UK-2026-103676,2026-05-15,West,Pune,43-inch Smart TV,Electronics,,26813,26813,CUST-37764,App
UK-2026-101515,2026-03-07,West,Surat,Slim Fit Jeans,Fashion,1,1670,1670,CUST-16213,Website
UK-2026-102925,2026-04-15,South,Bengaluru,Non-Stick Cookware Set,Home & Kitchen,1,2905,2905,CUST-14512,App
UK-2026-100025,2026-01-21,West,Ahmedabad,Makeup Brush Set,Beauty,2,1336,2672,CUST-95541,Marketplace
UK-2026-101437,2026-02-21,South,Chennai,Foldable Treadmill T2,Sports,1,24442,24442,CUST-72901,Website
UK-2026-104663,2026-06-25,West,Pune,Noise-Cancelling Headphones,Electronics,1,9234,9234,CUST-78867,Marketplace
UK-2026-104556,21-06-26,South,Kochi,Running Sneakers,Fashion,1,2912,2912,CUST-32519,Website
UK-2026-101319,2026-02-11,East,Patna,Mixer Grinder 750W,Home & Kitchen,1,3417,3417,CUST-94902,Website
UK-2026-104773,2026-06-06,North,Chandigarh,Cotton Bedsheet Set,Home & Kitchen,1,1455,1455,CUST-67784,Marketplace
UK-2026-102035,2026-03-12,Central,Bhopal,Wireless Earbuds Pro,Electronics,1,2998,2998,CUST-94171,Marketplace
UK-2026-104323,2026-06-21,North,Delhi,Silk Saree,Fashion,1,3539,3539,CUST-71717,Marketplace
UK-2026-104877,2026-06-23,North,Delhi,Cricket Bat English Willow,Sports,1,8677,8677,CUST-49405,App
UK-2026-100959,2026-02-04,North,Delhi,Robot Vacuum R7,Home & Kitchen,2,19501,39002,CUST-32029,App
UK-2026-104158,2026-06-22,South,Hyderabad,Makeup Brush Set,Beauty,1,1323,1323,CUST-64705,App
UK-2026-103660,2026-05-06,South,Bengaluru,Power Bank 20000mAh,Electronics,4,1841,7364,CUST-45783,Marketplace
UK-2026-103090,2026-04-19,East,Kolkata,Smart Watch X2,Electronics,1,4583,4583,CUST-69133,Marketplace
UK-2026-104487,2026-06-14,Central,Bhopal,Formal Shirt,Fashion,1,1152,1152,CUST-80508,Website
UK-2026-103571,2026-05-03,South,Hyderabad,43-inch Smart TV,Electronics,3,25016,75048,CUST-40122,App
UK-2026-102259,2026-04-06,South,Hyderabad,Badminton Racket Set,Sports,2,2403,4806,CUST-37411,Website
UK-2026-102888,2026-04-18,Central,Indore,Sunscreen SPF50,Beauty,1,525,525,CUST-35859,App
UK-2026-103742,2026-05-05,Central,Nagpur,Noise-Cancelling Headphones,Electronics,2,9311,18622,CUST-58522,Website
UK-2026-100472,2026-01-10,South,Kochi,Cotton Bedsheet Set,Home & Kitchen,1,1360,1360,CUST-12469,App
UK-2026-104596,2026-06-04,North,Delhi,Running Sneakers,Fashion,1,2811,2811,CUST-75229,Marketplace
UK-2026-101993,2026-03-02,West,Surat,43-inch Smart TV,Electronics,1,25706,25706,CUST-40139,App
UK-2026-104991,2026-06-04,Central,Bhopal,Robot Vacuum R7,Home & Kitchen,1,18426,18426,CUST-15982,Website
UK-2026-104259,2026-06-27,North,Chandigarh,Non-Stick Cookware Set,Home & Kitchen,1,2790,2790,CUST-91501,Marketplace
UK-2026-100671,2026-01-02,West,Surat,Wireless Earbuds Pro,Electronics,,3058,3058,CUST-19757,Marketplace
UK-2026-100659,2026-01-14,Central,Indore,Ethnic Dupatta,Fashion,1,500,500,CUST-15950,App
UK-2026-102878,2026-04-07,South,Chennai,Noise-Cancelling Headphones,Electronics,2,9097,18194,CUST-94191,Marketplace
UK-2026-103741,2026-05-03,East,Guwahati,Non-Stick Cookware Set,Home & Kitchen,,2909,2909,CUST-18847,App
UK-2026-103199,2026-05-30,North,Delhi,Sunscreen SPF50,Beauty,1,568,568,CUST-33919,Website
UK-2026-104331,2026-06-03,South,Bengaluru,Silk Saree,Fashion,2,3465,6930,CUST-55243,Website
UK-2026-102540,2026-04-25,,Chennai,Football Size 5,Sports,1,885,885,CUST-42308,Website
UK-2026-103119,"May 25, 2026",North,Delhi,Eau de Parfum 100ml,Beauty,1,2036,2036,CUST-62947,Marketplace
UK-2026-104251,2026-06-06,East,Kolkata,Bluetooth Speaker Mini,Electronics,1,1440,1440,CUST-87720,Marketplace
UK-2026-100995,2026-02-20,South,Hyderabad,Noise-Cancelling Headphones,Electronics,1,9063,9063,CUST-68364,Marketplace
UK-2026-104998,2026-06-14,East,Kolkata,Mirrorless Camera Lite,Electronics,1,28392,28392,CUST-65795,Website
UK-2026-101502,2026-03-04,Central,Bhopal,Cotton Bedsheet Set,Home & Kitchen,1,1373,1373,CUST-64015,App
UK-2026-100886,2026-02-10,North,Delhi,Running Sneakers,Fashion,1,2764,2764,CUST-36369,App
UK-2026-103559,2026-05-11,East,Bhubaneswar,43-inch Smart TV,Electronics,1,24923,24923,CUST-47416,App
UK-2026-103345,2026-05-30,East,Kolkata,Smart Watch X2,Electronics,1,4649,4649,CUST-30153,Website
UK-2026-102447,2026-04-24,North,Delhi,Badminton Racket Set,Sports,1,2590,2590,CUST-19329,App
UK-2026-101919,2026-03-05,East,Kolkata,Slim Fit Jeans,Fashion,1,1572,1572,CUST-90849,App
UK-2026-100877,2026-02-08,West,Mumbai,Formal Shirt,Fashion,1,1113,1113,CUST-85490,App
UK-2026-102921,2026-04-08,East,Bhubaneswar,Makeup Brush Set,Beauty,1,1346,1346,CUST-37362,App
UK-2026-103849,2026-05-06,East,Guwahati,Non-Stick Cookware Set,Home & Kitchen,2,2913,,CUST-29296,Website
UK-2026-103401,2026-05-23,East,Bhubaneswar,Bluetooth Speaker Mini,Electronics,-2,1526,1526,CUST-86850,Website
UK-2026-100972,2026-02-06,West,Mumbai,Noise-Cancelling Headphones,Electronics,2,9367,18734,CUST-78893,App
UK-2026-102469,2026-04-29,South,Kochi,Noise-Cancelling Headphones,Electronics,1,8909,8909,CUST-17605,App
UK-2026-100070,2026-01-20,West,Ahmedabad,Bluetooth Speaker Mini,Electronics,1,1431,1431,CUST-45532,Website
UK-2026-101914,2026-03-30,North,Delhi,Dinner Set 24pc,Home & Kitchen,2,2611,5222,CUST-75086,App
UK-2026-102681,2026-04-10,East,Guwahati,Ethnic Dupatta,Fashion,1,504,504,CUST-99877,App
UK-2026-100983,2026-02-21,East,Bhubaneswar,Cotton Bedsheet Set,Home & Kitchen,1,1350,1350,CUST-91701,Website
UK-2026-100096,"Jan 23, 2026",South,Hyderabad,Smart Watch X2,Electronics,1,4544,4544,CUST-53999,Website
UK-2026-104012,2026-05-25,North,Delhi,Cricket Bat English Willow,Sports,1,8884,8884,CUST-71950,App
UK-2026-104332,2026-06-30,Central,Nagpur,Face Wash Combo,Beauty,2,463,926,CUST-78759,App
UK-2026-103055,2026-04-16,West,Ahmedabad,Cotton Kurta Set,Fashion,2,1276,2552,CUST-74998,App
UK-2026-100473,2026-01-22,South,Hyderabad,Leather Wallet,Fashion,4,875,3500,CUST-53358,Website
UK-2026-102675,2026-04-17,East,Kolkata,Wireless Earbuds Pro,Electronics,1,2868,2868,CUST-81800,Website
UK-2026-101454,2026-03-05,North,Chandigarh,Cotton Bedsheet Set,Home & Kitchen,1,1423,1423,CUST-25877,App
UK-2026-101162,2026-02-09,Central,Raipur,Yoga Mat Pro,Sports,,1216,1216,CUST-41040,Website
UK-2026-101678,2026-03-27,West,Bombay,Yoga Mat Pro,Sports,1,1241,1241,CUST-18440,App
UK-2026-104860,2026-06-10,North,Delhi,43-inch Smart TV,Electronics,4,27203,108812,CUST-12632,Marketplace
UK-2026-103560,2026-05-21,North,Chandigarh,Smart Watch X2,Electronics,1,4480,4480,CUST-70587,App
UK-2026-101458,2026-03-08,West,Ahmedabad,Denim Jacket,Fashion,1,2142,2142,CUST-46257,Marketplace
UK-2026-103405,2026-05-12,South,Hyderabad,Cotton Bedsheet Set,Home & Kitchen,1,1334,,CUST-36339,Marketplace
UK-2026-103745,2026-05-03,South,Bengaluru,Ethnic Dupatta,Fashion,1,512,512,CUST-45593,Website
UK-2026-103693,2026-05-10,West,Pune,Non-Stick Cookware Set,Home & Kitchen,1,2893,2893,CUST-85249,Website
UK-2026-100720,2026-01-03,East,Bhubaneswar,Power Bank 20000mAh,Electronics,1,1735,1735,CUST-92837,App
UK-2026-100035,2026-01-03,South,Bengaluru,Running Sneakers,Fashion,1,2699,2699,CUST-26438,Website
UK-2026-102361,2026-04-14,East,Kolkata,Mirrorless Camera Lite,Electronics,2,28990,57980,CUST-91878,App
UK-2026-102068,2026-03-30,South,Hyderabad,Electric Kettle 1.5L,Home & Kitchen,1,1069,1069,CUST-44220,Marketplace
UK-2026-100942,2026-02-13,North,Gurugram,Ethnic Dupatta,Fashion,2,494,988,CUST-10661,Website
UK-2026-103682,2026-05-07,South,Kochi,Badminton Racket Set,Sports,1,2597,2597,CUST-54931,App
UK-2026-101603,2026-03-12,South,Bengaluru,Cycling Helmet,Sports,4,1567,6268,CUST-13840,App
UK-2026-100780,2026-02-24,East,Kolkata,Modern Wall Clock,Home & Kitchen,1,761,761,CUST-45919,Website
UK-2026-100349,2026-01-28,East,Guwahati,Matte Lipstick Set,Beauty,1,901,901,CUST-51928,App
UK-2026-101314,2026-02-22,North,Delhi,Noise-Cancelling Headphones,Electronics,1,8634,8634,CUST-14734,App
UK-2026-100006,2026-01-07,East,Guwahati,Mixer Grinder 750W,Home & Kitchen,1,3439,3439,CUST-85460,App
UK-2026-101295,2026-02-02,Central,Nagpur,Makeup Brush Set,Beauty,1,1323,1323,CUST-91791,App
UK-2026-103625,2026-05-22,South,Chennai,Power Bank 20000mAh,Electronics,1,1863,1863,CUST-46361,Marketplace
UK-2026-101158,2026-02-16,South,Kochi,Formal Shirt,Fashion,2,1153,2306,CUST-23260,App
UK-2026-104976,2026-06-10,South,Bengaluru,Wireless Earbuds Pro,Electronics,1,3045,3045,CUST-43137,App
UK-2026-102397,2026-04-30,Central,Indore,Dinner Set 24pc,Home & Kitchen,1,2422,2422,CUST-77856,Website
UK-2026-104061,2026-06-06,East,Kolkata,Makeup Brush Set   ,Beauty,1,1291,1291,CUST-75667,Marketplace
UK-2026-100177,2026-01-26,East,Kolkata,Leather Wallet,Fashion,1,872,872,CUST-62918,Website
UK-2026-102383,2026-04-01,East,Kolkata,Ionic Hair Dryer,Beauty,1,1956,1956,CUST-28546,App
UK-2026-100779,2026-02-26,Central,Nagpur,Air Fryer 5L,Home & Kitchen,1,5412,5412,CUST-84407,Website
UK-2026-103163,2026-05-25,West,Ahmedabad,Smart Watch X2,Electronics,2,4450,8900,CUST-37350,Website
UK-2026-103783,2026-05-14,South,Madras,Electric Kettle 1.5L,Home & Kitchen,1,1153,1153,CUST-71492,App
UK-2026-103459,2026-05-12,South,Chennai,Slim Fit Jeans,Fashion,4,1632,6528,CUST-46322,Marketplace
UK-2026-104705,"Jun 25, 2026",East,Bhubaneswar,Vitamin C Serum,Beauty,1,733,733,CUST-67576,App
UK-2026-102183,16-03-26,South,Bengaluru,Noise-Cancelling Headphones,Electronics,1,9229,9229,CUST-55243,App
UK-2026-103065,2026-04-04,North,Gurgaon,Bluetooth Speaker Mini,Electronics,1,1528,1528,CUST-14302,Marketplace
UK-2026-100936,2026-02-16,West,Pune,Gym Gloves,Sports,2,516,1032,CUST-66099,Marketplace
UK-2026-103754,2026-05-05,South,Bengaluru,Cycling Helmet,Sports,1,1598,1598,CUST-81646,App
UK-2026-103809,2026-05-13,North,Noida,Vitamin C Serum,Beauty,2,682,1364,CUST-25862,App
UK-2026-104857,2026-06-07,South,Hyderabad,Beard Grooming Kit,Beauty,1,1006,1006,CUST-15900,App
UK-2026-101845,2026-03-15,South,Kochi,Cycling Helmet,Sports,1,1562,1562,CUST-13188,App
UK-2026-102329,2026-04-01,South,Kochi,Modern Wall Clock,Home & Kitchen,2,834,1668,CUST-40246,App
UK-2026-103793,2026-05-17,West,Surat,Cricket Bat English Willow,Sports,1,9322,9322,CUST-52204,App
UK-2026-101166,2026-02-14,West,Ahmedabad,Denim Jacket,Fashion,1,2247,2247,CUST-18847,App
UK-2026-104899,19-06-26,North,Noida,Modern Wall Clock,Home & Kitchen,1,762,762,CUST-68364,Website
UK-2026-101628,2026-03-24,West,Ahmedabad,Ionic Hair Dryer,Beauty,2,1844,3688,CUST-67273,Marketplace
UK-2026-104333,2026-06-18,West,Surat,Cricket Bat English Willow,Sports,1,8913,8913,CUST-65750,Website
UK-2026-101059,2026-02-02,North,Gurugram,Electric Kettle 1.5L,Home & Kitchen,1,1051,1051,CUST-67922,Website
UK-2026-104748,2026-06-29,South,Chennai,dinner set 24pc,Home & Kitchen,1,2484,2484,CUST-44220,App
UK-2026-101960,2026-03-03,East,Bhubaneswar,Wireless Earbuds Pro,Electronics,2,2877,5754,CUST-72193,Marketplace
UK-2026-103909,2026-05-24,South,Kochi,Ultrabook Air 14,Electronics,2,30119,60238,CUST-46066,App
UK-2026-100146,2026-01-04,East,Guwahati,Modern Wall Clock,Home & Kitchen,1,797,797,CUST-48440,App
UK-2026-100303,2026-01-15,North,Chandigarh,Power Bank 20000mAh,Electronics,1,1723,1723,CUST-49781,Website
UK-2026-101013,2026-02-07,North,Chandigarh,Bluetooth Speaker Mini,Electronics,1,1512,1512,CUST-73548,Marketplace
UK-2026-104871,2026-06-21,East,Patna,Modern Wall Clock,Home & Kitchen,,830,830,CUST-53037,Website
UK-2026-100320,2026-01-07,South,Bengaluru,Ultrabook Air 14,Electronics,4,29047,116188,CUST-66317,Marketplace
UK-2026-101607,2026-03-29,West,Pune,43-inch Smart TV,Electronics,1,26247,26247,CUST-91501,App
UK-2026-103111,2026-05-09,East,Patna,Cricket Bat English Willow,Sports,1,9078,9078,CUST-51623,App
UK-2026-104895,2026-06-13,West,Ahmedabad,Mirrorless Camera Lite,Electronics,3,28165,84495,CUST-43452,App
UK-2026-103700,2026-05-19,North,Noida,Ethnic Dupatta,Fashion,1,523,523,CUST-37350,Website
UK-2026-102947,2026-04-16,South,Bengaluru,Robot Vacuum R7,Home & Kitchen,1,18759,18759,CUST-96525,App
UK-2026-101039,2026-02-15,North,Noida,Electric Kettle 1.5L,Home & Kitchen,1,1108,,CUST-84369,App
UK-2026-103650,2026-05-14,North,Noida,Gym Gloves,Sports,1,477,477,CUST-80682,Website
UK-2026-103046,2026-04-24,West,Surat,Noise-Cancelling Headphones,Electronics,1,9341,9341,CUST-96245,Marketplace
UK-2026-104863,2026-06-25,South,Bengaluru,Leather Wallet,Fashion,2,865,1730,CUST-27638,Marketplace
UK-2026-101532,2026-03-29,North,Delhi,Makeup Brush Set,Beauty,2,1254,2508 INR,CUST-38538,App
UK-2026-104239,2026-06-17,North,Gurugram,Matte Lipstick Set,Beauty,2,910,1820,CUST-16525,Website
UK-2026-102604,"Apr 28, 2026",North,Delhi,Mirrorless Camera Lite,Electronics,1,29693,29693,CUST-65276,App
UK-2026-100789,"Feb 20, 2026",East,Bhubaneswar,Electric Kettle 1.5L,Home & Kitchen,3,1067,3201,CUST-41040,Website
UK-2026-100654,2026-01-15,North,Delhi,Vitamin C Serum,Beauty,1,722,722,CUST-73346,Website
UK-2026-101310,2026-02-12,North,Gurugram,Noise-Cancelling Headphones,Electronics,1,9355,9355,CUST-97747,Website
UK-2026-103834,2026-05-31,North,Delhi,Robot Vacuum R7,Home & Kitchen,1,19823,19823,CUST-63211,Website
UK-2026-100872,2026-02-05,West,Surat,Slim Fit Jeans,Fashion,2,1525,3050,CUST-75022,App
UK-2026-102611,2026-04-07,North,Gurugram,Face Wash Combo,Beauty,1,427,427,CUST-10863,App
UK-2026-102232,2026-03-22,Central,Raipur,Noise-Cancelling Headphones,Electronics,1,9112,9112,CUST-93022,Website
UK-2026-103243,2026-05-06,West,Pune,Cotton Bedsheet Set,Home & Kitchen,1,1458,1458,CUST-14668,App
UK-2026-104573,2026-06-02,South,Hyderabad,Cotton Bedsheet Set,Home & Kitchen,1,1356,1356,CUST-34548,Website
UK-2026-100139,2026-01-20,West,Ahmedabad,Football Size 5,Sports,,905,905,CUST-98799,Website
UK-2026-101305,2026-02-16,South,Kochi,Wireless Earbuds Pro,Electronics,1,3148,3148,CUST-44929,App
UK-2026-104738,2026-06-18,South,Bangalore,Cotton Bedsheet Set,Home & Kitchen,1,1440,1440,CUST-52479,Website
UK-2026-103514,2026-05-09,South,Chennai,Face Wash Combo,Beauty,1,435,435,CUST-53129,App
UK-2026-104001,2026-05-08,East,Kolkata,Running Sneakers,Fashion,1,2723,2723,CUST-97228,Website
UK-2026-101299,2026-02-08,South,Kochi,Adjustable Dumbbells 15kg,Sports,1,4826,4826,CUST-15982,Marketplace
UK-2026-103759,2026-05-25,North,Chandigarh,Adjustable Dumbbells 15kg,Sports,2,5186,10372 INR,CUST-45811,App
UK-2026-103945,2026-05-27,North,Gurugram,Power Bank 20000mAh,Electronics,2,1739,3478,CUST-35628,Marketplace
UK-2026-103132,2026-05-14,Central,Raipur,Adjustable Dumbbells 15kg,Sports,3,4816,14448,CUST-65186,Website
UK-2026-104080,2026-06-22,West,Surat,Leather Wallet,Fashion,1,890,890,CUST-60325,Website
UK-2026-104511,2026-06-13,South,Chennai,Sunscreen SPF50,Beauty,1,569,569,CUST-32030,Website
UK-2026-102844,2026-04-20,West,Pune,Cotton Kurta Set,Fashion,1,1359,1359,CUST-35001,App
UK-2026-101134,2026-02-15,South,Hyderabad,Smart Watch X2,Electronics,1,4434,4434,CUST-28546,Marketplace
UK-2026-104839,2026-06-02,Central,Nagpur,Bluetooth Speaker Mini,Electronics,2,1464,2928,CUST-14734,Website
UK-2026-104516,2026-06-13,South,Bengaluru,Mixer Grinder 750W,Home & Kitchen,1,3226,3226,CUST-95088,Marketplace
UK-2026-103767,2026-05-30,South,Chennai,Beard Grooming Kit,Beauty,2,988,1976,CUST-48753,App
UK-2026-102157,2026-03-25,East,Guwahati,Robot Vacuum R7,Home & Kitchen,1,18695,18695,CUST-45588,Website
UK-2026-100852,2026-02-17,East,Bhubaneswar,Air Fryer 5L,Home & Kitchen,1,5469,5469,CUST-95604,Website
UK-2026-100829,2026-02-21,South,Bengaluru,Denim Jacket,Fashion,2,2097,4194,CUST-55354,Website
UK-2026-100024,2026-01-27,West,Surat,Electric Kettle 1.5L,Home & Kitchen,1,1061,1061,CUST-97108,App
UK-2026-104937,2026-06-11,North,Gurugram,Slim Fit Jeans,Fashion,1,1573,1573,CUST-51928,Website
UK-2026-100575,2026-01-10,North,Chandigarh,Bluetooth Speaker Mini,Electronics,,1509,4527,CUST-23258,Marketplace
UK-2026-104326,2026-06-10,South,Kochi,Running Sneakers,Fashion,1,2749,2749,CUST-94120,Website
UK-2026-101145,2026-02-01,North,Delhi,Mixer Grinder 750W,Home & Kitchen,1,3419,3419,CUST-35504,Website
UK-2026-104292,2026-06-07,North,Delhi,Cotton Kurta Set,Fashion,1,1236,1236,CUST-69578,Website
UK-2026-101209,2026-02-23,Central,Indore,Denim Jacket,Fashion,1,2269,2269,CUST-38508,Website
UK-2026-104531,2026-06-02,Central,Nagpur,Matte Lipstick Set,Beauty,2,896,1792,CUST-84257,Marketplace
UK-2026-102994,2026-04-03,Central,Raipur,Non-Stick Cookware Set,Home & Kitchen,1,2880,,CUST-92204,App
UK-2026-102809,2026-04-24,West,Mumbai,Mixer Grinder 750W,Home & Kitchen,1,3257,3257,CUST-77218,App
UK-2026-100486,2026-01-15,North,Gurugram,Cotton Kurta Set,Fashion,2,1329,2658,CUST-87069,Marketplace
UK-2026-104815,2026-06-27,North,Noida,Air Fryer 5L,Home & Kitchen,3,5230,15690,CUST-36572,App
UK-2026-101564,2026-03-27,North,Delhi,Dinner Set 24pc,Home & Kitchen,2,2545,5090,CUST-52323,Website
UK-2026-104021,2026-06-17,East,Patna,Cricket Bat English Willow   ,Sports,3,8605,25815,CUST-22728,Marketplace
UK-2026-101974,2026-03-17,South,Bengaluru,Robot Vacuum R7,Home & Kitchen,1,18830,18830,CUST-30121,Website
UK-2026-103639,2026-05-03,North,Delhi,Mirrorless Camera Lite,Electronics,1,29643,29643,CUST-88830,Marketplace
UK-2026-104195,2026-06-08,East,Patna,Non-Stick Cookware Set,Home & Kitchen,1,2756,2756,CUST-37184,Website
UK-2026-101466,2026-03-04,West,Ahmedabad,Electric Kettle 1.5L,Home & Kitchen,1,1144,1144,CUST-23861,App
UK-2026-100278,2026-01-05,West,Ahmedabad,Denim Jacket,Fashion,1,2136,2136,CUST-73496,App
UK-2026-104053,2026-06-29,East,Patna,Beard Grooming Kit,Beauty,1,1045,1045,CUST-52220,Website
UK-2026-104725,21/06/2026,West,Mumbai,Power Bank 20000mAh,Electronics,1,1815,1815,CUST-27640,App
UK-2026-100140,2026-01-24,West,Pune,Noise-Cancelling Headphones,Electronics,1,8867,8867,CUST-53002,App
UK-2026-102199,2026-03-03,East,Bhubaneswar,Eau de Parfum 100ml,Beauty,2,1950,3900,CUST-14983,Website
UK-2026-100383,2026-01-31,Central,Bhopal,Adjustable Dumbbells 15kg,Sports,1,5047,5047,CUST-61018,Website
UK-2026-100308,2026-01-04,North,Gurugram,Vitamin C Serum,Beauty,1,731,731,CUST-10210,Website
UK-2026-100822,2026-02-15,West,Pune,Sunscreen SPF50,Beauty,,530,530,CUST-19096,Website
UK-2026-101277,2026-02-09,South,Chennai,Face Wash Combo,Beauty,1,460,460,CUST-92928,Website
UK-2026-104636,2026-06-11,North,Chandigarh,Non-Stick Cookware Set,Home & Kitchen,1,2951,2951,CUST-22142,Website
UK-2026-103579,2026-05-29,North,Delhi,Eau de Parfum 100ml,Beauty,1,1968,1968,CUST-82261,App
UK-2026-100073,2026-01-06,West,Ahmedabad,Badminton Racket Set,Sports,3,2441,7323,CUST-22728,App
UK-2026-100839,2026-02-19,Central,Raipur,Modern Wall Clock,Home & Kitchen,1,805,805,CUST-10095,Website
UK-2026-101247,2026-02-06,South,Bengaluru,Silk Saree,Fashion,1,3413,3413,CUST-53999,Website
UK-2026-103054,2026-04-12,Central,Indore,43-inch Smart TV,Electronics,1,25321,25321,CUST-95414,Website
UK-2026-104081,2026-06-02,Central,Raipur,Robot Vacuum R7,Home & Kitchen,1,19494,19494,CUST-30121,Website
UK-2026-103515,2026-05-11,Central,Nagpur,Silk Saree,Fashion,3,3653,10959,CUST-91341,Website
UK-2026-104474,2026-06-14,Central,Indore,Eau de Parfum 100ml,Beauty,1,2051,2051,CUST-49853,Marketplace
UK-2026-100853,2026-02-08,North,Chandigarh,Vitamin C Serum,Beauty,1,686,686,CUST-63820,App
UK-2026-103707,06-05-26,West,Ahmedabad,Wireless Earbuds Pro,Electronics,1,2946,2946,CUST-30153,App
UK-2026-103358,2026-05-22,South,Bengaluru,Air Fryer 5L,Home & Kitchen,4,5522,22088,CUST-28013,App
UK-2026-104441,2026-06-13,South,Hyderabad,Non-Stick Cookware Set,Home & Kitchen,1,2767,2767,CUST-18511,Website
UK-2026-100094,2026-01-28,East,Kolkata,Running Sneakers,Fashion,1,2910,2910,CUST-57044,App
UK-2026-102229,2026-03-17,Central,Indore,Mirrorless Camera Lite,Electronics,1,27988,"₹27,988",CUST-47837,Marketplace
UK-2026-102089,2026-03-16,North,Noida,Denim Jacket,Fashion,1,2130,2130 INR,CUST-81646,Website
UK-2026-104272,2026-06-02,Central,Bhopal,Adjustable Dumbbells 15kg,Sports,1,5030,5030,CUST-64105,Website
UK-2026-104553,2026-06-12,East,Bhubaneswar,Smart Watch X2,Electronics,1,4411,4411,CUST-27502,Website
UK-2026-100267,2026-01-29,West,Pune,Robot Vacuum R7,Home & Kitchen,1,18635,18635,CUST-90902,App
UK-2026-103913,2026-05-18,West,Mumbai,Adjustable Dumbbells 15kg,Sports,2,4892,9784,CUST-72193,Website
UK-2026-103173,2026-05-19,East,Guwahati,Smart Watch X2,Electronics,1,4619,4619,CUST-54090,Marketplace
UK-2026-102078,2026-03-14,,Bhopal,Gym Gloves,Sports,3,488,1464,CUST-34598,App
UK-2026-103106,2026-05-26,East,Kolkata,Dinner Set 24pc,Home & Kitchen,2,2612,5224,CUST-12333,Marketplace
UK-2026-100394,2026-01-27,East,Bhubaneswar,Ultrabook Air 14,Electronics,1,30947,30947,CUST-74984,App
UK-2026-100154,2026-01-26,East,Bhubaneswar,Beard Grooming Kit,Beauty,4,1012,4048,CUST-59852,App
UK-2026-103253,2026-05-20,South,Hyderabad,Cricket Bat English Willow,Sports,1,8760,,CUST-73913,Marketplace
UK-2026-104468,2026-06-22,East,Patna,Smart Watch X2,Electronics,1,4697,4697,CUST-26285,Marketplace
UK-2026-103960,2026-05-23,North,Chandigarh,Ultrabook Air 14,Electronics,1,29243,29243,CUST-27502,App
UK-2026-103546,2026-05-27,South,Chennai,Smart Watch X2,Electronics,1,4718,4718,CUST-14712,Marketplace
UK-2026-100414,2026-01-03,North,Noida,Mirrorless Camera Lite,Electronics,2,29404,58808,CUST-14159,App
UK-2026-103703,2026-05-31,East,Kolkata,Dinner Set 24pc,Home & Kitchen,1,2548,2548,CUST-58174,Website
UK-2026-102167,2026-03-19,South,Chennai,Slim Fit Jeans,Fashion,3,1677,5031,CUST-86763,App
UK-2026-100423,2026-01-26,West,Pune,Slim Fit Jeans,Fashion,1,1646,1646,CUST-67277,App
UK-2026-102706,01/04/2026,Central,Bhopal,Mirrorless Camera Lite,Electronics,1,28517,28517,CUST-40246,App
UK-2026-104673,2026-06-11,East,Guwahati,Mirrorless Camera Lite,Electronics,1,29656,29656,CUST-14911,Marketplace
UK-2026-102066,2026-03-26,West,Ahmedabad,Denim Jacket,Fashion,4,2142,8568,CUST-96368,Website
UK-2026-101573,2026-03-08,Central,Bhopal,Leather Wallet,Fashion,1,942,942,CUST-89598,Website
UK-2026-102691,2026-04-22,Central,Nagpur,Beard Grooming Kit,Beauty,1,987,987,CUST-40008,App
UK-2026-102351,2026-04-22,West,Ahmedabad,Bluetooth Speaker Mini,Electronics,2,1486,2972,CUST-93844,Marketplace
UK-2026-102633,2026-04-13,West,Pune,Robot Vacuum R7,Home & Kitchen,1,18278,18278,CUST-53638,Website
UK-2026-101165,2026-02-25,South,Hyderabad,Foldable Treadmill T2,Sports,1,24993,24993,CUST-83424,App
UK-2026-100644,2026-01-28,West,Surat,Noise-Cancelling Headphones,Electronics,1,8551,8551,CUST-63466,Marketplace
UK-2026-101019,2026-02-12,Central,Indore,Cotton Kurta Set,Fashion,4,1314,5256,CUST-19716,App
UK-2026-103963,2026-05-29,West,Mumbai,Sunscreen SPF50,Beauty,3,531,1593,CUST-51820,App
UK-2026-102333,2026-04-03,Central,Bhopal,Smart Watch X2,Electronics,1,4609,4609,CUST-46218,Website
UK-2026-103000,27/04/2026,East,Patna,Smart Watch X2,Electronics,1,4587,4587,CUST-86571,Marketplace
UK-2026-100270,2026-01-18,East,Guwahati,Bluetooth Speaker Mini,Electronics,2,1500,3000,CUST-24865,Marketplace
UK-2026-101167,2026-02-18,West,Mumbai,Ultrabook Air 14,Electronics,1,30435,30435,CUST-17817,Website
UK-2026-100513,2026-01-16,West,Pune,Electric Kettle 1.5L,Home & Kitchen,1,1143,1143,CUST-14712,App
UK-2026-101317,2026-02-04,North,Gurugram,Football Size 5,Sports,2,899,1798,CUST-29077,Website
UK-2026-100470,2026-01-19,North,Noida,Gym Gloves,Sports,1,497,497,CUST-70406,Website
UK-2026-100219,2026-01-02,West,Ahmedabad,Air Fryer 5L,Home & Kitchen,1,5276,5276,CUST-53943,Website
UK-2026-101543,2026-03-22,South,Bengaluru,Running Sneakers,Fashion,1,2933,2933,CUST-67255,Marketplace
UK-2026-103896,2026-05-11,Central,Indore,Bluetooth Speaker Mini,Electronics,1,1522,1522,CUST-49407,Website
UK-2026-103287,2026-05-25,Central,Nagpur,Mixer Grinder 750W,Home & Kitchen,1,3253,3253,CUST-64035,App
UK-2026-104264,2026-06-03,Central,Raipur,Modern Wall Clock,Home & Kitchen,1,803,803,CUST-18353,App
UK-2026-100190,2026-01-13,West,Mumbai,Leather Wallet,Fashion,1,886,886,CUST-80688,Website
UK-2026-102874,2026-04-21,North,Delhi,Wireless Earbuds Pro,Electronics,2,3139,6278,CUST-45783,App
UK-2026-100979,2026-02-28,South,Hyderabad,Mirrorless Camera Lite,Electronics,2,28685,57370,CUST-98951,Marketplace
UK-2026-100951,2026-02-03,North,Gurugram,Makeup Brush Set,Beauty,1,1256,1256,CUST-85145,Website
UK-2026-103912,2026-05-09,South,Bengaluru,Mirrorless Camera Lite,Electronics,1,29295,29295,CUST-97049,App
UK-2026-101029,2026-02-21,South,Madras,Vitamin C Serum,Beauty,1,692,692,CUST-16120,Marketplace
UK-2026-103131,2026-05-02,North,Chandigarh,Running Sneakers,Fashion,1,2936,2936,CUST-35385,App
UK-2026-100337,2026-01-17,North,Chandigarh,Mixer Grinder 750W,Home & Kitchen,1,3410,3410,CUST-39980,App
UK-2026-101883,2026-03-26,West,Pune,Ionic Hair Dryer,Beauty,2,1858,3716,CUST-32359,Website
UK-2026-101473,2026-03-10,South,Bengaluru,Sunscreen SPF50,Beauty,1,550,550,CUST-16121,Marketplace
UK-2026-101963,2026-03-26,North,Chandigarh,Foldable Treadmill T2,Sports,1,24833,24833,CUST-48094,Marketplace
UK-2026-104521,2026-06-25,West,Ahmedabad,Robot Vacuum R7,Home & Kitchen,2,18719,37438,CUST-34238,Website
UK-2026-101885,2026-03-17,South,Hyderabad,Ethnic Dupatta,Fashion,1,484,484,CUST-36686,Website
UK-2026-102644,2026-04-13,South,Chennai,Bluetooth Speaker Mini,Electronics,3,1534,4602,CUST-63344,App
UK-2026-102060,2026-03-11,East,Kolkata,Cotton Kurta Set,Fashion,1,1341,1341,CUST-25423,Website
UK-2026-101592,2026-03-05,East,Guwahati,Non-Stick Cookware Set,Home & Kitchen,2,2923,5846,CUST-19905,Website
UK-2026-102319,2026-04-22,North,Delhi,Silk Saree,Fashion,1,3347,3347,CUST-80048,App
UK-2026-101336,2026-02-22,North,Delhi,Cycling Helmet,Sports,1,1571,1571,CUST-36818,Marketplace
UK-2026-102071,2026-03-06,East,Kolkata,43-inch Smart TV,Electronics,1,26175,26175,CUST-62829,Marketplace
UK-2026-101288,2026-02-04,Central,Raipur,Ultrabook Air 14,Electronics,1,29379,29379,CUST-55243,App
UK-2026-101357,2026-02-09,South,Kochi,Air Fryer 5L,Home & Kitchen,2,5407,10814,CUST-82697,App
UK-2026-102042,2026-03-28,East,Bhubaneswar,Makeup Brush Set,Beauty,2,1239,2478,CUST-44929,Marketplace
UK-2026-102492,2026-04-19,North,Gurugram,Cycling Helmet,Sports,1,1613,1613,CUST-45794,App
UK-2026-103230,2026-05-02,West,Surat,Cotton Bedsheet Set,Home & Kitchen,1,1401,1401,CUST-29969,Website
UK-2026-100360,2026-01-12,Central,Bhopal,Matte Lipstick Set,Beauty,1,865,865,CUST-41861,App
UK-2026-100221,2026-01-16,North,New Delhi,Beard Grooming Kit,Beauty,1,1035,1035,CUST-64368,App
UK-2026-101880,2026-03-26,North,Chandigarh,Cricket Bat English Willow,Sports,1,8612,8612,CUST-76270,App
UK-2026-101349,2026-02-05,South,Cochin,43-inch Smart TV,Electronics,1,25481,25481,CUST-36418,Marketplace
UK-2026-100930,2026-02-08,South,Kochi,Foldable Treadmill T2,Sports,4,24684,98736,CUST-63344,App
UK-2026-103828,2026-05-02,East,Bhubaneswar,Running Sneakers,Fashion,3,2754,,CUST-79762,Website
UK-2026-100800,"Feb 9, 2026",South,Bengaluru,Ionic Hair Dryer,Beauty,1,1858,1858,CUST-71622,App
UK-2026-100274,2026-01-01,North,Noida,Sunscreen SPF50,Beauty,1,549,549,CUST-78240,App
UK-2026-100098,2026-01-06,North,Gurugram,Leather Wallet,Fashion,1,897,897,CUST-15009,Website
UK-2026-104763,2026-06-09,East,Kolkata,Electric Kettle 1.5L,Home & Kitchen,3,1051,3153,CUST-25294,App
UK-2026-101785,2026-03-31,Central,Indore,Mirrorless Camera Lite,Electronics,-1,30027,30027,CUST-80649,App
UK-2026-102995,"Apr 20, 2026",East,Patna,Wireless Earbuds Pro,Electronics,1,2911,2911,CUST-76361,App
UK-2026-104547,"Jun 29, 2026",North,Delhi,Badminton Racket Set,Sports,3,2568,7704,CUST-25188,App
UK-2026-101980,2026-03-15,West,Ahmedabad,Air Fryer 5L,Home & Kitchen,3,5517,16551,CUST-23831,Website
UK-2026-103638,2026-05-26,North,Chandigarh,Denim Jacket,Fashion,1,2248,2248,CUST-69951,App
UK-2026-101953,2026-03-24,West,Ahmedabad,43-inch Smart TV,Electronics,1,27206,27206,CUST-76544,App
UK-2026-100842,2026-02-06,South,Bengaluru,Makeup Brush Set,Beauty,2,1237,2474,CUST-45783,App
UK-2026-101566,2026-03-23,West,Pune,Cricket Bat English Willow,Sports,1,8696,8696,CUST-85456,App
UK-2026-104046,2026-06-07,West,Pune,Mixer Grinder 750W,Home & Kitchen,4,3166,12664,CUST-30712,App
UK-2026-104841,2026-06-01,,Surat,Air Fryer 5L,Home & Kitchen,1,5484,5484,CUST-68364,App
UK-2026-103740,2026-05-29,Central,Indore,Dinner Set 24pc,Home & Kitchen,1,2568,2568,CUST-68551,Marketplace
UK-2026-104708,2026-06-02,South,Hyderabad,Football Size 5,Sports,2,940,1880,CUST-35474,Marketplace
UK-2026-101799,2026-03-09,West,Pune,Badminton Racket Set,Sports,1,2431,2431,CUST-62995,App
UK-2026-101577,2026-03-12,West,Mumbai,Slim Fit Jeans,Fashion,1,1664,1664,CUST-31494,Website
UK-2026-103320,2026-05-01,West,Pune,Sunscreen SPF50,Beauty,3,525,1575,CUST-46624,App
UK-2026-104646,2026-06-13,East,Guwahati,Badminton Racket Set,Sports,1,2404,2404,CUST-53804,Website
UK-2026-102451,2026-04-04,South,Hyderabad,Cotton Kurta Set,Fashion,1,1319,1319,CUST-48440,App
UK-2026-103427,2026-05-09,East,Bhubaneswar,Cotton Kurta Set,Fashion,1,1242,1242,CUST-69878,App
UK-2026-101890,2026-03-24,North,Delhi,Mirrorless Camera Lite,Electronics,1,28017,28017,CUST-69705,App
UK-2026-101284,2026-02-18,Central,Indore,Wireless Earbuds Pro,Electronics,1,3099,3099,CUST-65276,App
UK-2026-101362,18/02/2026,South,Kochi,Face Wash Combo,Beauty,1,440,440,CUST-96349,App
UK-2026-104835,2026-06-03,West,Ahmedabad,Denim Jacket,Fashion,1,2097,2097,CUST-13674,App
UK-2026-104690,2026-06-27,Central,Indore,Robot Vacuum R7,Home & Kitchen,1,18634,18634,CUST-87728,Website
UK-2026-101847,2026-03-02,East,Bhubaneswar,Dinner Set 24pc,Home & Kitchen,1,2440,2440,CUST-55229,App
UK-2026-100242,2026-01-06,West,Surat,Modern Wall Clock,Home & Kitchen,1,811,811,CUST-32056,Marketplace
UK-2026-103971,2026-05-23,South,Hyderabad,Cotton Kurta Set,Fashion,1,1309,1309,CUST-52788,App
UK-2026-104465,2026-06-26,North,Gurugram,Mixer Grinder 750W,Home & Kitchen,4,3349,13396,CUST-56574,Marketplace
UK-2026-103179,2026-05-05,Central,Indore,Mirrorless Camera Lite,Electronics,1,29619,29619,CUST-44547,Marketplace
UK-2026-101966,2026-03-17,South,Kochi,Football Size 5,Sports,1,856,856,CUST-48094,Website
UK-2026-103343,2026-05-09,North,Chandigarh,Cotton Bedsheet Set,Home & Kitchen,1,1403,1403,CUST-95040,Website
UK-2026-100980,2026-02-02,South,Hyderabad,Slim Fit Jeans,Fashion,1,1558,1558,CUST-73739,App
UK-2026-102674,2026-04-12,South,Bengaluru,Beard Grooming Kit,Beauty,1,995,995,CUST-56764,App
UK-2026-102895,2026-04-01,East,Patna,Cycling Helmet,Sports,1,1632,1632,CUST-51124,App
UK-2026-101262,2026-02-12,East,Bhubaneswar,Leather Wallet,Fashion,2,929,1858,CUST-29579,Website
UK-2026-104522,2026-06-14,West,Surat,Ultrabook Air 14,Electronics,1,30213,30213,CUST-25345,Marketplace
UK-2026-100325,2026-01-21,Central,Bhopal,Air Fryer 5L,Home & Kitchen,1,5439,5439,CUST-76832,App
UK-2026-103058,2026-04-27,South,Hyderabad,Mirrorless Camera Lite,Electronics,2,27839,55678,CUST-40139,Marketplace
UK-2026-101330,2026-02-02,Central,Indore,Cycling Helmet,Sports,1,1597,1597,CUST-92289,Website
UK-2026-104337,2026-06-05,Central,Raipur,Electric Kettle 1.5L,Home & Kitchen,2,1096,2192,CUST-97747,Marketplace
UK-2026-100176,2026-01-17,Central,Indore,Face Wash Combo,Beauty,,447,447,CUST-12797,App
UK-2026-102833,2026-04-26,South,Kochi,Ultrabook Air 14,Electronics,1,31289,31289,CUST-23575,Marketplace
UK-2026-101420,2026-02-24,South,Bengaluru,Football Size 5,Sports,1,934,934,CUST-27800,App
UK-2026-101739,2026-03-03,North,Noida,Wireless Earbuds Pro,Electronics,1,3067,3067,CUST-50231,App
UK-2026-101710,2026-03-17,Central,Indore,Matte Lipstick Set,Beauty,1,862,862,CUST-27893,App
UK-2026-101663,2026-03-03,South,Madras,43-inch Smart TV,Electronics,1,24769,24769,CUST-48216,Website
UK-2026-102334,2026-04-20,South,Chennai,Yoga Mat Pro,Sports,2,1153,2306,CUST-85480,App
UK-2026-101233,2026-02-16,North,Chandigarh,Electric Kettle 1.5L,Home & Kitchen,1,1076,1076,CUST-29351,Website
UK-2026-103126,"May 3, 2026",Central,Bhopal,Robot Vacuum R7,Home & Kitchen,1,18862,18862,CUST-95482,App
UK-2026-104100,2026-06-11,North,Chandigarh,Vitamin C Serum,Beauty,1,722,722,CUST-46066,App
UK-2026-100873,2026-02-07,East,Patna,Ultrabook Air 14,Electronics,1,30279,30279,CUST-53037,Website
UK-2026-101276,2026-02-17,South,Hyderabad,Formal Shirt,Fashion,1,1133,1133,CUST-73913,Website
UK-2026-101898,2026-03-25,North,Noida,Matte Lipstick Set,Beauty,1,872,872,CUST-45967,App
UK-2026-102919,2026-04-06,North,Gurugram,Badminton Racket Set,Sports,1,2503,2503,CUST-10863,Marketplace
UK-2026-103213,2026-05-04,South,Chennai,Smart Watch X2,Electronics,1,4340,4340,CUST-45535,App
UK-2026-102589,2026-04-03,East,Patna,Yoga Mat Pro,Sports,1,1211,1211,CUST-27171,App
UK-2026-103279,2026-05-08,North,Chandigarh,43-inch Smart TV,Electronics,1,26706,26706,CUST-55338,Marketplace
UK-2026-104291,2026-06-22,North,Delhi,Bluetooth Speaker Mini,Electronics,1,1548,1548,CUST-37411,App
UK-2026-100615,2026-01-22,North,Gurugram,Power Bank 20000mAh,Electronics,1,1825,1825 INR,CUST-36108,Website
UK-2026-104799,2026-06-20,Central,Nagpur,43-inch Smart TV,Electronics,0,25153,25153,CUST-49405,Marketplace
UK-2026-101995,2026-03-20,West,Mumbai,Power Bank 20000mAh,Electronics,1,1719,1719,CUST-31373,Website
UK-2026-100467,2026-01-17,North,Chandigarh,Smart Watch X2,Electronics,1,4307,4307,CUST-88387,Website
UK-2026-103624,2026-05-26,West,Surat,Modern Wall Clock,Home & Kitchen,1,797,797,CUST-50886,Website
UK-2026-101239,2026-02-06,South,Chennai,Smart Watch X2,Electronics,1,4488,4488,CUST-27638,Marketplace
UK-2026-103413,2026-05-20,North,Delhi,Ultrabook Air 14,Electronics,1,29842,29842,CUST-16816,Marketplace
UK-2026-101651,2026-03-18,South,Bengaluru,Ultrabook Air 14,Electronics,1,29713,29713,CUST-41910,Marketplace
UK-2026-103999,2026-05-26,North,Noida,Ultrabook Air 14,Electronics,1,30646,30646,CUST-15226,Website
UK-2026-104365,2026-06-29,Central,Raipur,Ultrabook Air 14,Electronics,2,28941,57882,CUST-69705,App
UK-2026-101094,2026-02-25,South,Chennai,Wireless Earbuds Pro,Electronics,1,3148,3148,CUST-38510,Website
UK-2026-103308,2026-05-30,East,Kolkata,Face Wash Combo,Beauty,2,467,934,CUST-34002,App
UK-2026-100617,2026-01-28,West,Ahmedabad,Robot Vacuum R7,Home & Kitchen,1,19609,19609,CUST-74827,Website
UK-2026-102986,2026-04-08,North,Delhi,Electric Kettle 1.5L,Home & Kitchen,1,1137,1137,CUST-37375,App
UK-2026-100010,2026-01-28,South,Kochi,Foldable Treadmill T2,Sports,1,25281,25281,CUST-51014,Website
UK-2026-100080,2026-01-29,North,Gurugram,Wireless Earbuds Pro,Electronics,2,3023,6046,CUST-23498,Website
UK-2026-103900,2026-05-05,West,Pune,Football Size 5,Sports,3,882,2646,CUST-78508,App
UK-2026-103176,2026-05-09,North,Chandigarh,Leather Wallet,Fashion,1,923,923,CUST-67273,App
UK-2026-101028,28-02-26,North,Delhi,Robot Vacuum R7,Home & Kitchen,1,19272,19272,CUST-89701,App
UK-2026-104626,2026-06-30,South,Hyderabad,Makeup Brush Set,Beauty,1,1257,1257,CUST-77125,App
UK-2026-103803,08-05-26,North,Delhi,Power Bank 20000mAh,Electronics,2,1738,3476,CUST-41954,App
UK-2026-102716,2026-04-24,Central,Indore,Mirrorless Camera Lite,Electronics,1,29413,29413,CUST-77019,App
UK-2026-101777,2026-03-19,West,Pune,43-inch Smart TV,Electronics,1,26195,26195,CUST-17068,Website
UK-2026-103420,2026-05-01,Central,Raipur,Wireless Earbuds Pro,Electronics,1,2989,2989,CUST-89957,Marketplace
UK-2026-103319,2026-05-31,Central,Indore,Cotton Bedsheet Set,Home & Kitchen,1,1383,1383,CUST-89419,App
UK-2026-101035,2026-02-23,South,Hyderabad,Football Size 5,Sports,1,898,898,CUST-99095,Marketplace
UK-2026-102697,2026-04-26,North,Chandigarh,Electric Kettle 1.5L,Home & Kitchen,1,1069,"1,069.00",CUST-66198,App
UK-2026-100957,2026-02-16,North,Chandigarh,Cricket Bat English Willow,Sports,1,9268,9268,CUST-70508,Marketplace
UK-2026-100824,2026-02-21,North,Gurugram,Silk Saree,Fashion,1,3575,3575,CUST-18191,App
UK-2026-104314,2026-06-30,South,Chennai,Bluetooth Speaker Mini,Electronics,1,1537,1537,CUST-71950,App
UK-2026-101020,2026-02-12,Central,Nagpur,Silk Saree,Fashion,3,3460,,CUST-85289,Website
UK-2026-102991,2026-04-25,South,Bengaluru,Denim Jacket,Fashion,1,2106,2106,CUST-48094,Website
UK-2026-102582,2026-04-18,South,Bengaluru,Eau de Parfum 100ml,Beauty,3,1910,5730,CUST-15067,App
UK-2026-102695,2026-04-18,Central,Indore,Smart Watch X2,Electronics,-2,4485,4485,CUST-43137,Website
UK-2026-101051,2026-02-24,South,BLR,Badminton Racket Set,Sports,1,2528,2528,CUST-96780,Marketplace
UK-2026-103370,2026-05-19,West,Bombay,Leather Wallet,Fashion,2,939,1878,CUST-78240,Marketplace
UK-2026-101613,2026-03-07,North,Noida,Matte Lipstick Set,Beauty,1,942,942,CUST-49620,App
UK-2026-101409,2026-02-14,Central,Indore,Electric Kettle 1.5L,Home & Kitchen,1,1137,"₹1,137",CUST-50936,Marketplace
UK-2026-102468,2026-04-06,North,Delhi,Leather Wallet,Fashion,1,905,905,CUST-15542,App
UK-2026-103762,2026-05-08,West,Ahmedabad,Gym Gloves,Sports,1,483,483,CUST-82203,Website
UK-2026-101918,2026-03-09,North,Delhi,Formal Shirt,Fashion,1,1113,1113,CUST-20309,Website
UK-2026-102395,2026-04-26,South,Hyderabad,Slim Fit Jeans,Fashion,1,1676,1676,CUST-86772,App
UK-2026-101730,2026-03-12,Central,Bhopal,Vitamin C Serum,Beauty,1,680,680,CUST-41762,Website
UK-2026-102256,2026-04-11,South,Chennai,Cricket Bat English Willow,Sports,1,9225,9225,CUST-39583,App
UK-2026-102715,2026-04-22,East,Bhubaneswar,Non-Stick Cookware Set,Home & Kitchen,1,2930,2930,CUST-86458,App
UK-2026-102726,2026-04-08,North,Noida,matte lipstick set,Beauty,3,857,2571,CUST-12283,App
UK-2026-102117,2026-03-10,East,Bhubaneswar,Gym Gloves,Sports,1,478,478,CUST-91341,App
UK-2026-103776,2026-05-01,Central,Indore,Football Size 5,Sports,1,894,894,CUST-76836,App
UK-2026-101302,2026-02-10,West,Mumbai,Smart Watch X2,Electronics,1,4589,4589,CUST-81646,App
UK-2026-103914,2026-05-28,South,Kochi,Denim Jacket,Fashion,1,2304,2304,CUST-99055,App
UK-2026-102720,2026-04-24,North,Delhi,Noise-Cancelling Headphones,Electronics,1,8774,8774,CUST-82110,Marketplace
UK-2026-103545,2026-05-10,West,Pune,Non-Stick Cookware Set,Home & Kitchen,2,3004,6008,CUST-57160,App
UK-2026-104319,2026-06-14,West,Surat,Mixer Grinder 750W,Home & Kitchen,,3166,6332,CUST-86241,App
UK-2026-101556,2026-03-26,East,Guwahati,Badminton Racket Set,Sports,1,2488,2488,CUST-23529,App
UK-2026-104087,2026-06-07,South,Kochi,Modern Wall Clock,Home & Kitchen,1,786,786,CUST-27800,Marketplace
UK-2026-102193,2026-03-22,Central,Indore,Foldable Treadmill T2,Sports,-1,24691,49382,CUST-45453,Website
UK-2026-101213,2026-02-02,West,Pune,Cycling Helmet,Sports,1,1535,1535,CUST-72778,App
UK-2026-100217,26-01-26,North,Chandigarh,Slim Fit Jeans,Fashion,1,1583,1583,CUST-51052,Website
UK-2026-103309,2026-05-13,South,Bengaluru,Wireless Earbuds Pro,Electronics,2,2925,5850,CUST-29711,App
UK-2026-101064,06/02/2026,North,Noida,Silk Saree,Fashion,2,3470,6940,CUST-79565,App
UK-2026-101946,2026-03-20,East,Patna,Ultrabook Air 14,Electronics,1,28912,28912,CUST-44836,Marketplace
UK-2026-101455,2026-03-03,,Chennai,43-inch Smart TV,Electronics,1,25680,25680,CUST-62140,Marketplace
UK-2026-103108,2026-05-11,Central,Nagpur,Vitamin C Serum,Beauty,1,709,709,CUST-40665,Marketplace
UK-2026-101333,2026-02-06,West,Ahmedabad,Noise-Cancelling Headphones,Electronics,1,8867,8867,CUST-28447,App
UK-2026-102814,2026-04-08,North,Noida,Adjustable Dumbbells 15kg,Sports,1,4816,4816 INR,CUST-53103,Website
UK-2026-100935,2026-02-07,South,Kochi,Mixer Grinder 750W,Home & Kitchen,1,3150,3150,CUST-23070,App
UK-2026-104901,2026-06-09,North,Noida,Mixer Grinder 750W,Home & Kitchen,1,3316,3316,CUST-65791,App
UK-2026-101164,2026-02-14,South,Hyderabad,Dinner Set 24pc,Home & Kitchen,1,2380,2380,CUST-29839,App
UK-2026-101171,2026-02-17,Central,Indore,Robot Vacuum R7,Home & Kitchen,1,19211,19211,CUST-64015,App
UK-2026-100087,2026-01-02,South,Kochi,43-inch Smart TV,Electronics,1,25125,25125,CUST-93005,Website
UK-2026-100950,2026-02-15,South,Kochi,Dinner Set 24pc,Home & Kitchen,1,2589,2589,CUST-31766,Website
UK-2026-104650,29/06/2026,South,Bengaluru,Denim Jacket,Fashion,3,2244,6732,CUST-37624,App
UK-2026-104311,2026-06-08,East,Patna,Yoga Mat Pro,Sports,1,1150,1150,CUST-37729,Website
UK-2026-100898,2026-02-16,West,Mumbai,Modern Wall Clock,Home & Kitchen,1,814,814,CUST-79575,Website
UK-2026-103973,2026-05-11,South,Kochi,Modern Wall Clock,Home & Kitchen,1,766,766,CUST-90131,App
UK-2026-102121,2026-03-19,East,Patna,Noise-Cancelling Headphones,Electronics,-2,8661,8661,CUST-87883,App
UK-2026-103350,2026-05-08,South,Kochi,Electric Kettle 1.5L,Home & Kitchen,1,1089,1089,CUST-45269,App
UK-2026-100216,2026-01-06,South,Bengaluru,Badminton Racket Set,Sports,-1,2504,5008,CUST-29755,Website
UK-2026-103414,2026-05-25,East,Guwahati,Silk Saree,Fashion,1,3671,3671,CUST-65211,Website
UK-2026-102349,2026-04-02,West,Mumbai,Denim Jacket,Fashion,2,2211,4422,CUST-42780,App
UK-2026-104751,2026-06-07,South,Kochi,Mirrorless Camera Lite,Electronics,2,30356,60712,CUST-98801,App
UK-2026-104545,2026-06-15,West,Ahmedabad,Bluetooth Speaker Mini,Electronics,2,1441,2882,CUST-78743,App
UK-2026-104056,2026-06-05,North,Delhi,Mirrorless Camera Lite,Electronics,2,29292,58584,CUST-61817,Website
UK-2026-104970,2026-06-24,South,Bengaluru,Adjustable Dumbbells 15kg,Sports,1,4923,4923,CUST-55681,App
UK-2026-103761,2026-05-19,East,Guwahati,Mirrorless Camera Lite,Electronics,2,27832,55664,CUST-47833,App
UK-2026-100327,2026-01-17,South,Kochi,Ethnic Dupatta,Fashion,1,506,506,CUST-74998,Marketplace
UK-2026-104329,2026-06-28,South,Bengaluru,Eau de Parfum 100ml,Beauty,2,2056,4112,CUST-12350,App
UK-2026-100960,2026-02-08,South,Hyderabad,Mixer Grinder 750W,Home & Kitchen,1,3294,3294,CUST-35025,App
UK-2026-101755,2026-03-19,East,Guwahati,Face Wash Combo,Beauty,1,439,439,CUST-59625,App
UK-2026-103982,2026-05-10,North,Delhi,Denim Jacket,Fashion,1,2289,2289,CUST-37375,App
UK-2026-104788,2026-06-18,East,Patna,Ultrabook Air 14,Electronics,2,29012,58024,CUST-45155,App
UK-2026-100901,2026-02-02,East,Guwahati,Vitamin C Serum,Beauty,1,677,677,CUST-85249,Website
UK-2026-103737,2026-05-06,West,Surat,Power Bank 20000mAh,Electronics,1,1816,1816,CUST-14815,App
UK-2026-104418,2026-06-18,South,Hyderabad,Makeup Brush Set,Beauty,1,1239,1239,CUST-12532,Marketplace
UK-2026-101838,2026-03-13,South,Kochi,Mixer Grinder 750W,Home & Kitchen,2,3267,6534,CUST-11369,Website
UK-2026-102267,2026-04-15,South,Kochi,43-inch Smart TV,Electronics,2,26004,52008,CUST-59852,App
UK-2026-100193,2026-01-19,North,Chandigarh,Air Fryer 5L,Home & Kitchen,1,5244,5244,CUST-97929,App
UK-2026-104037,2026-06-05,South,Kochi,Cycling Helmet,Sports,1,1629,1629,CUST-47136,App
UK-2026-103257,2026-05-25,South,Bengaluru,Formal Shirt,Fashion,1,1063,1063,CUST-40139,Website
UK-2026-100059,2026-01-14,East,Patna,Slim Fit Jeans,Fashion,2,1557,3114,CUST-46285,Website
UK-2026-101574,2026-03-02,West,Surat,Running Sneakers,Fashion,3,2922,8766,CUST-68769,App
UK-2026-104380,2026-06-20,North,Gurugram,Cotton Kurta Set,Fashion,2,1285,2570,CUST-18893,Website
UK-2026-102473,2026-04-15,East,Patna,Sunscreen SPF50,Beauty,1,546,546,CUST-56955,Website
UK-2026-102155,2026-03-09,North,Delhi,Denim Jacket,Fashion,1,2155,2155,CUST-44911,Marketplace
UK-2026-100165,2026-01-02,West,Surat,Non-Stick Cookware Set,Home & Kitchen,1,2849,2849,CUST-66099,App
UK-2026-104927,2026-06-21,South,Hyderabad,Mirrorless Camera Lite,Electronics,1,28685,28685,CUST-51052,App
UK-2026-100658,"Jan 6, 2026",North,Noida,Running Sneakers,Fashion,1,2935,2935,CUST-11190,Website
UK-2026-104988,2026-06-23,North,Gurugram,Bluetooth Speaker Mini,Electronics,2,1442,2884,CUST-27356,Website
UK-2026-102954,2026-04-18,East,Guwahati,Noise-Cancelling Headphones,Electronics,1,9341,9341,CUST-49853,Marketplace
UK-2026-101893,2026-03-22,West,Mumbai,YOGA MAT PRO,Sports,1,1147,1147,CUST-87883,Marketplace
UK-2026-101670,2026-03-28,South,Hyderabad,Dinner Set 24pc,Home & Kitchen,1,2494,2494,CUST-77218,Website
UK-2026-102092,2026-03-07,South,Kochi,Slim Fit Jeans,Fashion,1,1546,1546,CUST-58287,App
UK-2026-100492,2026-01-14,West,Pune,Modern Wall Clock,Home & Kitchen,1,829,829,CUST-46992,Website
UK-2026-103150,2026-05-04,North,Delhi,Matte Lipstick Set,Beauty,2,937,1874,CUST-47370,App
UK-2026-100184,2026-01-21,North,Chandigarh,Ultrabook Air 14,Electronics,1,30024,30024 INR,CUST-53943,App
UK-2026-102665,2026-04-28,South,Hyderabad,Yoga Mat Pro,Sports,2,1143,2286,CUST-28429,App
UK-2026-101822,2026-03-14,South,Kochi,Smart Watch X2,Electronics,1,4605,4605,CUST-68322,App
UK-2026-102211,2026-03-09,East,Kolkata,Makeup Brush Set,Beauty,1,1320,1320,CUST-68902,App
UK-2026-104495,2026-06-05,West,Ahmedabad,Formal Shirt,Fashion,1,1118,1118,CUST-49781,Website
UK-2026-102455,2026-04-10,Central,Indore,Air Fryer 5L,Home & Kitchen,1,5279,5279,CUST-53156,Marketplace
UK-2026-102341,"Apr 24, 2026",West,Pune,Non-Stick Cookware Set,Home & Kitchen,3,2756,8268,CUST-69578,App
UK-2026-104836,2026-06-27,North,Chandigarh,Football Size 5,Sports,1,891,891,CUST-25283,Marketplace
UK-2026-104133,2026-06-28,Central,Nagpur,silk saree,Fashion,1,3471,3471,CUST-90121,Website
UK-2026-101334,2026-02-14,West,Pune,Ethnic Dupatta,Fashion,1,506,506,CUST-14232,Website
UK-2026-101449,2026-02-05,North,Chandigarh,Matte Lipstick Set,Beauty,3,877,2631,CUST-42521,Marketplace
UK-2026-101647,2026-03-05,North,Noida,Mirrorless Camera Lite,Electronics,1,28851,28851,CUST-99360,Marketplace
UK-2026-102565,2026-04-20,South,Hyderabad,Dinner Set 24pc,Home & Kitchen,1,2462,2462,CUST-54209,Website
UK-2026-103301,2026-05-06,South,Hyderabad,Wireless Earbuds Pro,Electronics,2,3089,6178,CUST-64107,Website
UK-2026-102865,2026-04-08,South,Bengaluru,Cycling Helmet,Sports,1,1573,1573,CUST-41011,Website
UK-2026-101095,2026-02-06,Central,Indore,air fryer 5l,Home & Kitchen,2,5594,11188,CUST-75667,Marketplace
UK-2026-100296,2026-01-01,North,Chandigarh,Wireless Earbuds Pro,Electronics,1,2860,2860,CUST-75706,Website
UK-2026-102772,2026-04-24,West,Bombay,Dinner Set 24pc,Home & Kitchen,2,2531,5062,CUST-77578,Website
UK-2026-102082,2026-03-12,North,Chandigarh,Ionic Hair Dryer,Beauty,1,1864,1864,CUST-52559,App
UK-2026-104060,2026-06-22,South,Hyderabad,Cotton Bedsheet Set,Home & Kitchen,,1360,1360,CUST-80044,Website
UK-2026-102893,2026-04-18,West,Pune,43-inch Smart TV,Electronics,4,25196,100784,CUST-56508,App
UK-2026-104455,2026-06-29,South,Bengaluru,Formal Shirt,Fashion,2,1095,2190,CUST-29619,Marketplace
UK-2026-104846,2026-06-17,East,Guwahati,Running Sneakers,Fashion,1,2711,2711,CUST-51443,Website
UK-2026-101762,2026-03-03,South,Bengaluru,Electric Kettle 1.5L,Home & Kitchen,1,1091,1091,CUST-12487,Website
UK-2026-102779,2026-04-07,North,Noida,Cotton Bedsheet Set,Home & Kitchen,2,1361,2722,CUST-29969,Website
UK-2026-103739,2026-05-08,North,Delhi,Smart Watch X2,Electronics,2,4464,8928,CUST-39096,Marketplace
UK-2026-101196,2026-02-19,North,Noida,Non-Stick Cookware Set,Home & Kitchen,1,2856,2856,CUST-91461,App
UK-2026-100020,2026-01-21,North,Noida,Smart Watch X2,Electronics,1,4576,4576,CUST-46218,App
UK-2026-100746,2026-02-06,North,Delhi,Gym Gloves,Sports,1,518,518,CUST-46257,Website
UK-2026-100173,2026-01-23,South,Hyderabad,Face Wash Combo,Beauty,1,455,455,CUST-31844,App
UK-2026-103471,2026-05-06,West,Ahmedabad,Mirrorless Camera Lite,Electronics,2,29656,59312,CUST-39838,App
UK-2026-101497,2026-03-03,South,Hyderabad,Robot Vacuum R7,Home & Kitchen,1,19583,19583,CUST-17068,App
UK-2026-101859,2026-03-27,West,Mumbai,Dinner Set 24pc,Home & Kitchen,1,2498,2498,CUST-95032,Marketplace
UK-2026-102170,2026-03-02,Central,Indore,Bluetooth Speaker Mini,Electronics,1,1500,1500,CUST-83068,Marketplace
UK-2026-101412,09/02/2026,East,Kolkata,Power Bank 20000mAh,Electronics,1,1751,1751,CUST-34959,Marketplace
UK-2026-100624,2026-01-05,West,Mumbai,Robot Vacuum R7,Home & Kitchen,1,19650,19650,CUST-27083,App
UK-2026-100697,2026-01-18,North,Gurugram,43-inch Smart TV,Electronics,1,25207,25207,CUST-27412,Website
UK-2026-101985,31/03/2026,Central,Raipur,Running Sneakers,Fashion,1,2930,2930,CUST-92837,Website
UK-2026-103710,2026-05-29,South,Kochi,Silk Saree,Fashion,3,3623,10869,CUST-34598,Website
UK-2026-101047,2026-02-04,Central,Nagpur,Cotton Kurta Set,Fashion,1,1278,1278,CUST-24228,App
UK-2026-100352,2026-01-03,West,Pune,Matte Lipstick Set,Beauty,2,867,1734,CUST-82158,Website
UK-2026-104277,2026-06-08,North,Noida,Wireless Earbuds Pro,Electronics,1,3092,3092,CUST-97228,Marketplace
UK-2026-104502,2026-06-08,South,Chennai,Bluetooth Speaker Mini,Electronics,1,1449,1449,CUST-84017,App
UK-2026-102826,2026-04-28,South,Chennai,Non-Stick Cookware Set,Home & Kitchen,1,2952,2952,CUST-40625,Website
UK-2026-100738,2026-02-20,North,Noida,Mixer Grinder 750W,Home & Kitchen,2,3186,6372,CUST-84926,Marketplace
UK-2026-102028,22-03-26,North,Delhi,Ionic Hair Dryer,Beauty,4,1850,7400,CUST-89207,Website
UK-2026-102356,2026-04-12,North,Chandigarh,Dinner Set 24pc,Home & Kitchen,1,2461,2461,CUST-45066,Website
UK-2026-103672,16/05/2026,Central,Nagpur,Matte Lipstick Set,Beauty,1,917,917,CUST-73689,App
UK-2026-100496,2026-01-18,,Patna,Ultrabook Air 14,Electronics,1,30263,30263,CUST-17068,Marketplace
UK-2026-103224,2026-05-03,East,Bhubaneswar,Bluetooth Speaker Mini,Electronics,1,1523,1523,CUST-50958,Website
UK-2026-102694,2026-04-02,West,Mumbai,Mirrorless Camera Lite,Electronics,2,27797,55594,CUST-54931,Website
UK-2026-104628,2026-06-21,South,Hyderabad,Power Bank 20000mAh,Electronics,2,1844,3688,CUST-89540,Website
UK-2026-101544,2026-03-19,South,Hyderabad,Running Sneakers,Fashion,1,2760,2760,CUST-31468,Website
UK-2026-100809,2026-02-16,East,Patna,Wireless Earbuds Pro,Electronics,1,3045,3045,CUST-65593,Marketplace
UK-2026-104585,2026-06-29,East,Guwahati,Non-Stick Cookware Set,Home & Kitchen,2,2765,5530,CUST-15748,App
UK-2026-100783,2026-02-25,West,Surat,Eau de Parfum 100ml,Beauty,1,1987,1987,CUST-46938,App
UK-2026-101243,2026-02-24,South,Bengaluru,Smart Watch X2,Electronics,1,4711,4711,CUST-77090,Marketplace
UK-2026-102163,2026-03-24,North,Gurugram,Bluetooth Speaker Mini,Electronics,2,1542,3084,CUST-64573,Marketplace
UK-2026-103479,2026-05-24,Central,Nagpur,Yoga Mat Pro,Sports,4,1153,,CUST-66099,App
UK-2026-100405,2026-01-07,East,Bhubaneswar,Matte Lipstick Set,Beauty,1,941,941,CUST-52220,App
UK-2026-103064,2026-04-13,South,Hyderabad,Smart Watch X2,Electronics,1,4498,4498,CUST-23258,Marketplace
UK-2026-102551,2026-04-11,North,Gurugram,Modern Wall Clock,Home & Kitchen,1,819,819,CUST-88428,Website
UK-2026-100203,2026-01-21,South,Bengaluru,Ultrabook Air 14,Electronics,1,30452,30452,CUST-66294,App
UK-2026-101870,2026-03-18,South,Chennai,Mirrorless Camera Lite,Electronics,2,28866,57732,CUST-34598,App
UK-2026-102638,2026-04-11,West,Ahmedabad,Denim Jacket,Fashion,1,2166,2166,CUST-13831,Website
UK-2026-102584,2026-04-17,North,Gurugram,Leather Wallet,Fashion,1,926,926,CUST-43452,Marketplace
UK-2026-101270,"Feb 5, 2026",North,Gurugram,Sunscreen SPF50,Beauty,1,525,525,CUST-67451,Website
UK-2026-103927,2026-05-30,South,Bengaluru,Football Size 5,Sports,1,925,925,CUST-59625,Website
UK-2026-103086,2026-04-07,West,Pune,Dinner Set 24pc,Home & Kitchen,2,2604,5208,CUST-56508,Marketplace
UK-2026-100095,2026-01-26,West,Pune,Leather Wallet,Fashion,1,905,905,CUST-25129,App
UK-2026-102532,2026-04-11,East,Guwahati,Formal Shirt,Fashion,2,1144,2288,CUST-51124,App
UK-2026-102437,2026-04-17,East,Bhubaneswar,Beard Grooming Kit,Beauty,3,963,2889,CUST-29095,App
UK-2026-101815,2026-03-10,Central,Indore,Smart Watch X2,Electronics,1,4428,4428,CUST-39980,Marketplace
UK-2026-102243,2026-04-17,East,Bhubaneswar,Electric Kettle 1.5L,Home & Kitchen,2,1081,2162,CUST-35125,Website
UK-2026-103315,2026-05-11,West,Mumbai,Vitamin C Serum,Beauty,1,731,731,CUST-24131,Website
UK-2026-104893,2026-06-25,West,Ahmedabad,Football Size 5,Sports,1,874,874,CUST-30291,Marketplace
UK-2026-100280,2026-01-24,West,Surat,Ionic Hair Dryer,Beauty,1,1932,1932,CUST-51928,Website
UK-2026-103895,2026-05-25,North,New Delhi,Smart Watch X2,Electronics,2,4606,9212,CUST-53458,App
UK-2026-104820,2026-06-28,Central,Nagpur,Silk Saree,Fashion,1,3468,3468,CUST-76499,App
UK-2026-101354,2026-02-28,Central,Bhopal,Silk Saree,Fashion,1,3592,3592,CUST-99185,Website
UK-2026-103751,2026-05-01,Central,Raipur,Noise-Cancelling Headphones,Electronics,1,8609,8609,CUST-49781,App
UK-2026-101472,2026-03-18,South,Bengaluru,Formal Shirt,Fashion,2,1145,2290,CUST-73811,Website
UK-2026-103095,2026-05-29,West,Mumbai,Ethnic Dupatta,Fashion,1,484,484,CUST-25742,App
UK-2026-101571,2026-03-10,South,Bengaluru,Silk Saree,Fashion,3,3629,10887,CUST-73757,Website
UK-2026-102614,2026-04-21,West,Ahmedabad,Gym Gloves,Sports,3,509,1527,CUST-91791,Website
UK-2026-102046,2026-03-31,North,Chandigarh,Slim Fit Jeans,Fashion,2,1607,"₹3,214",CUST-77069,App
UK-2026-104671,2026-06-03,West,Surat,Cotton Kurta Set,Fashion,2,1247,2494,CUST-90457,App
UK-2026-101246,2026-02-24,South,Chennai,Leather Wallet,Fashion,2,880,1760,CUST-44350,App
UK-2026-101070,2026-02-11,North,Noida,Cotton Kurta Set,Fashion,1,1254,1254,CUST-84407,App
UK-2026-104973,2026-06-27,South,Madras,Running Sneakers,Fashion,4,2766,11064,CUST-70357,App
UK-2026-104477,2026-06-15,North,Gurugram,Noise-Cancelling Headphones,Electronics,1,8682,8682,CUST-90932,App
UK-2026-102824,2026-04-05,East,Kolkata,Power Bank 20000mAh,Electronics,1,1816,1816,CUST-23183,Marketplace
UK-2026-104026,2026-06-19,West,Ahmedabad,Ethnic Dupatta,Fashion,1,519,519,CUST-53277,Website
UK-2026-102740,2026-04-19,East,Kolkata,Bluetooth Speaker Mini,Electronics,1,1447,1447,CUST-50979,App
UK-2026-102354,2026-04-21,Central,Indore,Noise-Cancelling Headphones,Electronics,1,9073,9073,CUST-39162,Website
UK-2026-101033,2026-02-23,West,Mumbai,Adjustable Dumbbells 15kg,Sports,1,5119,5119,CUST-84323,Website
UK-2026-101257,"Feb 7, 2026",North,Delhi,Slim Fit Jeans,Fashion,4,1542,6168,CUST-27455,Marketplace
UK-2026-100705,2026-01-04,North,GGN,Robot Vacuum R7,Home & Kitchen,1,18581,18581,CUST-36849,Marketplace
UK-2026-100060,2026-01-02,North,Chandigarh,Silk Saree,Fashion,1,3572,3572,CUST-47187,Website
UK-2026-102906,"Apr 18, 2026",South,Kochi,Dinner Set 24pc,Home & Kitchen,1,2600,2600,CUST-21059,App
UK-2026-103391,2026-05-15,North,Delhi,Cotton Bedsheet Set,Home & Kitchen,1,1425,1425,CUST-10210,App
UK-2026-103616,21-05-26,South,Kochi,Formal Shirt,Fashion,1,1102,1102,CUST-34205,App
UK-2026-100863,2026-02-05,North,Delhi,Mirrorless Camera Lite,Electronics,1,28353,28353,CUST-59637,Marketplace
UK-2026-103063,2026-04-24,East,Kolkata,Denim Jacket,Fashion,1,2153,2153,CUST-23105,Marketplace
UK-2026-100158,2026-01-12,West,Ahmedabad,Formal Shirt,Fashion,2,1148,2296,CUST-23454,App
UK-2026-100964,2026-02-21,West,Mumbai,Formal Shirt,Fashion,2,1051,2102,CUST-93445,App
UK-2026-102260,2026-04-08,Central,Indore,Smart Watch X2,Electronics,1,4519,4519,CUST-15711,Website
UK-2026-103649,2026-05-29,South,Chennai,Dinner Set 24pc,Home & Kitchen,2,2549,5098,CUST-94902,App
UK-2026-102487,2026-04-25,North,Gurugram,Matte Lipstick Set,Beauty,2,869,1738,CUST-32029,App
UK-2026-102831,2026-04-06,North,Noida,Yoga Mat Pro,Sports,1,1193,1193,CUST-60761,Website
UK-2026-103513,2026-05-26,,Nagpur,Mixer Grinder 750W,Home & Kitchen,1,3440,3440,CUST-36572,Marketplace
UK-2026-102007,2026-03-10,South,Bengaluru,Non-Stick Cookware Set,Home & Kitchen,1,2915,2915,CUST-67277,Website
UK-2026-104338,2026-06-20,Central,Raipur,Cotton Bedsheet Set,Home & Kitchen,1,1468,1468,CUST-60763,App
UK-2026-104129,2026-06-03,South,Bengaluru,Gym Gloves,Sports,2,500,1000,CUST-12089,Website
UK-2026-103606,2026-05-28,South,Kochi,Ultrabook Air 14,Electronics,1,30827,30827,CUST-27171,Marketplace
UK-2026-101888,2026-03-06,Central,Nagpur,Formal Shirt,Fashion,1,1136,1136,CUST-65330,App
UK-2026-103052,2026-04-10,South,Bengaluru,Power Bank 20000mAh,Electronics,1,1882,1882,CUST-85350,Website
UK-2026-101316,2026-02-10,East,Kolkata,Smart Watch X2,Electronics,1,4480,4480,CUST-98799,Website
UK-2026-100071,"Jan 8, 2026",South,Kochi,Smart Watch X2,Electronics,1,4592,4592,CUST-77129,Marketplace
UK-2026-103914,2026-05-28,South,Kochi,Denim Jacket,Fashion,1,2304,2304,CUST-99055,App
UK-2026-103304,2026-05-10,East,Kolkata,Beard Grooming Kit,Beauty,1,1003,1003,CUST-46495,Website
UK-2026-102435,"Apr 26, 2026",North,Delhi,Cricket Bat English Willow,Sports,2,8827,17654,CUST-13887,Website
UK-2026-100376,2026-01-24,North,Gurugram,Cotton Bedsheet Set,Home & Kitchen,1,1418,1418,CUST-40008,Website
UK-2026-100499,2026-01-06,East,Bhubaneswar,Power Bank 20000mAh,Electronics,1,1855,1855,CUST-42509,App
UK-2026-102048,2026-03-13,East,Kolkata,Bluetooth Speaker Mini,Electronics,2,1440,2880,CUST-28489,App
UK-2026-104960,2026-06-28,South,Chennai,Robot Vacuum R7,Home & Kitchen,1,19554,19554,CUST-78032,Website
UK-2026-103110,2026-05-07,West,Ahmedabad,Electric Kettle 1.5L,Home & Kitchen,1,1132,1132,CUST-72931,Website
UK-2026-101569,2026-03-28,West,Surat,Cycling Helmet,Sports,3,1560,4680,CUST-17527,Marketplace
UK-2026-104817,2026-06-30,Central,Bhopal,Makeup Brush Set,Beauty,2,1317,2634,CUST-35240,Website
UK-2026-100614,2026-01-25,South,Kochi,Wireless Earbuds Pro,Electronics,3,3002,9006,CUST-46546,Website
UK-2026-100170,2026-01-12,West,Mumbai,Electric Kettle 1.5L,Home & Kitchen,1,1081,1081,CUST-31386,Website
UK-2026-102021,2026-03-27,Central,Nagpur,Cricket Bat English Willow,Sports,4,9278,37112,CUST-31549,App
UK-2026-101899,2026-03-21,South,Kochi,Beard Grooming Kit,Beauty,2,992,1984,CUST-19943,Website
UK-2026-103312,2026-05-03,East,Guwahati,Running Sneakers,Fashion,2,2832,5664,CUST-64648,Marketplace
UK-2026-103341,2026-05-07,North,Gurugram,Ultrabook Air 14,Electronics,3,29977,89931,CUST-74827,Website
UK-2026-104560,2026-06-26,West,Surat,Noise-Cancelling Headphones,Electronics,1,9340,9340,CUST-73346,App
UK-2026-104139,2026-06-14,North,Delhi,Eau de Parfum 100ml,Beauty,2,2005,4010,CUST-60325,Marketplace
UK-2026-102680,2026-04-21,Central,Raipur,Matte Lipstick Set,Beauty,2,899,1798,CUST-90434,Website
UK-2026-100913,2026-02-14,East,Calcutta,Electric Kettle 1.5L,Home & Kitchen,1,1050,1050,CUST-52512,App
UK-2026-102849,2026-04-25,South,Chennai,Noise-Cancelling Headphones,Electronics,1,9273,9273,CUST-89701,App
UK-2026-103338,2026-05-24,West,Pune,Modern Wall Clock,Home & Kitchen,2,766,1532,CUST-14911,Website
UK-2026-101476,2026-03-12,North,Gurugram,Denim Jacket,Fashion,1,2275,2275,CUST-26308,App
UK-2026-100131,2026-01-27,Central,Indore,Mirrorless Camera Lite,Electronics,1,28673,28673,CUST-18353,Marketplace
UK-2026-100156,2026-01-28,South,Kochi,Denim Jacket,Fashion,1,2282,2282,CUST-49248,App
UK-2026-103142,2026-05-22,West,Surat,Dinner Set 24pc,Home & Kitchen,1,2608,2608,CUST-25279,Website
UK-2026-100595,2026-01-21,North,Gurugram,Cotton Bedsheet Set,Home & Kitchen,4,1416,5664,CUST-22791,App
UK-2026-101366,25/02/2026,South,Bengaluru,Power Bank 20000mAh,Electronics,1,1819,1819,CUST-10863,Website
UK-2026-102177,2026-03-30,South,Chennai,Makeup Brush Set,Beauty,1,1343,1343,CUST-65771,Website
UK-2026-100941,2026-02-07,North,Noida,Sunscreen SPF50,Beauty,1,568,568.00,CUST-77458,Website
UK-2026-103654,2026-05-23,South,Bangalore,Electric Kettle 1.5L,Home & Kitchen,1,1117,1117,CUST-52718,App
UK-2026-103393,2026-05-10,West,Mumbai,Ethnic Dupatta,Fashion,1,504,504,CUST-54090,App
UK-2026-100489,15/01/2026,North,Gurugram,Running Sneakers,Fashion,2,2904,5808,CUST-51026,Website
UK-2026-104527,2026-06-06,Central,Raipur,Cotton Kurta Set,Fashion,1,1292,1292,CUST-40338,Marketplace
UK-2026-104260,2026-06-09,Central,Raipur,Adjustable Dumbbells 15kg,Sports,3,5096,15288,CUST-58514,App
UK-2026-103234,2026-05-08,North,Chandigarh,Mirrorless Camera Lite,Electronics,2,28925,57850,CUST-79711,Marketplace
UK-2026-101169,2026-02-16,Central,Nagpur,Noise-Cancelling Headphones,Electronics,1,9091,"9,091.00",CUST-81409,Marketplace
UK-2026-104819,2026-06-08,West,Pune,Cycling Helmet,Sports,1,1579,1579,CUST-71622,Website
UK-2026-102025,2026-03-18,West,Pune,Robot Vacuum R7,Home & Kitchen,1,19062,19062,CUST-77125,Website
UK-2026-101819,2026-03-04,South,Hyderabad,Mixer Grinder 750W,Home & Kitchen,1,3369,3369,CUST-71649,App
UK-2026-100371,2026-01-16,North,Gurugram,Yoga Mat Pro,Sports,1,1176,1176,CUST-77129,App
UK-2026-100847,2026-02-26,South,Kochi,Power Bank 20000mAh,Electronics,2,1726,3452,CUST-86916,Website
UK-2026-101779,2026-03-10,North,Gurugram,Power Bank 20000mAh,Electronics,2,1749,3498,CUST-74145,App
UK-2026-103854,2026-05-02,South,Bengaluru,Matte Lipstick Set,Beauty,2,865,1730,CUST-12837,Website
UK-2026-101828,2026-03-13,Central,Nagpur,Electric Kettle 1.5L,Home & Kitchen,2,1046,2092,CUST-55621,Marketplace
UK-2026-104145,2026-06-02,South,Kochi,Adjustable Dumbbells 15kg,Sports,2,4850,9700,CUST-45083,App
UK-2026-101204,2026-02-24,East,Guwahati,Slim Fit Jeans,Fashion,1,1627,1627,CUST-66676,Website
UK-2026-102230,2026-03-05,West,Pune,Smart Watch X2,Electronics,2,4276,8552,CUST-14712,App
UK-2026-100881,2026-02-09,Central,Raipur,Modern Wall Clock,Home & Kitchen,1,824,824,CUST-81514,Website
UK-2026-103294,2026-05-14,West,Mumbai,Bluetooth Speaker Mini,Electronics,1,1499,1499,CUST-75715,Marketplace
UK-2026-100478,2026-01-06,South,Chennai,Ultrabook Air 14,Electronics,2,29531,59062,CUST-57265,App
UK-2026-104639,2026-06-02,South,Hyderabad,Bluetooth Speaker Mini,Electronics,2,1490,2980,CUST-43256,App
UK-2026-101825,2026-03-29,South,Hyderabad,Cotton Kurta Set,Fashion,2,1244,2488,CUST-42308,App
UK-2026-103847,2026-05-27,South,Hyderabad,Power Bank 20000mAh,Electronics,4,1784,7136,CUST-22552,App
UK-2026-100563,15-01-26,West,Surat,Robot Vacuum R7,Home & Kitchen,1,19235,19235,CUST-14193,Website
UK-2026-100803,2026-02-02,South,Kochi,Cricket Bat English Willow,Sports,1,8629,8629,CUST-72374,App
UK-2026-103511,2026-05-27,North,Gurugram,Non-Stick Cookware Set,Home & Kitchen,1,2762,2762,CUST-80044,App
UK-2026-103936,2026-05-06,West,Mumbai,Silk Saree,Fashion,3,3436,10308,CUST-16489,App
UK-2026-100222,2026-01-26,East,Kolkata,43-inch Smart TV,Electronics,4,24825,99300,CUST-16239,App
UK-2026-103618,2026-05-31,West,Surat,Slim Fit Jeans,Fashion,1,1561,1561,CUST-46625,App
UK-2026-101375,2026-02-09,South,Kochi,Beard Grooming Kit,Beauty,1,972,972,CUST-41762,Website
UK-2026-100698,2026-01-19,South,Chennai,Yoga Mat Pro,Sports,1,1216,1216,CUST-43137,App
UK-2026-104544,2026-06-06,South,Kochi,Slim Fit Jeans,Fashion,1,1669,1669,CUST-71087,App
UK-2026-104691,2026-06-11,South,Hyderabad,Bluetooth Speaker Mini,Electronics,2,1552,3104,CUST-77759,Website
UK-2026-103543,2026-05-21,Central,Nagpur,Adjustable Dumbbells 15kg,Sports,1,4782,4782,CUST-24860,App
UK-2026-103133,2026-05-02,South,Kochi,Smart Watch X2,Electronics,1,4588,4588,CUST-43420,Marketplace
UK-2026-102149,2026-03-12,East,Kolkata,Cotton Kurta Set,Fashion,1,1256,1256,CUST-17527,Website
UK-2026-102272,2026-04-30,South,Chennai,Slim Fit Jeans,Fashion,1,1538,1538,CUST-52323,Marketplace
UK-2026-104662,2026-06-19,North,Gurugram,Cricket Bat English Willow,Sports,2,8986,17972,CUST-67502,Marketplace
UK-2026-104702,2026-06-28,South,Chennai,Cotton Bedsheet Set,Home & Kitchen,1,1458,1458,CUST-51156,App
UK-2026-101618,2026-03-08,West,Mumbai,Formal Shirt,Fashion,1,1131,1131,CUST-72022,Website
UK-2026-101596,2026-03-11,East,Patna,Slim Fit Jeans,Fashion,2,1548,3096,CUST-42166,Marketplace
UK-2026-101226,2026-02-09,West,Ahmedabad,Matte Lipstick Set,Beauty,1,938,938,CUST-16723,App
UK-2026-104882,2026-06-29,North,Delhi,Yoga Mat Pro,Sports,1,1241,1241,CUST-36332,App
UK-2026-103833,2026-05-31,South,Bengaluru,Cotton Kurta Set,Fashion,2,1314,2628,CUST-49529,Website
UK-2026-103272,2026-05-05,Central,Nagpur,Mixer Grinder 750W,Home & Kitchen,1,3170,,CUST-10627,App
UK-2026-102929,2026-04-15,West,Mumbai,Gym Gloves,Sports,1,486,486,CUST-77437,App
UK-2026-101474,2026-03-07,West,Mumbai,43-inch Smart TV,Electronics,2,26109,52218,CUST-29709,Website
UK-2026-102621,2026-04-24,East,Kolkata,Smart Watch X2,Electronics,1,4315,4315,CUST-85490,Marketplace
UK-2026-102253,2026-04-30,Central,Bhopal,Adjustable Dumbbells 15kg,Sports,1,4968,4968,CUST-16723,App
UK-2026-100174,2026-01-01,East,Patna,Smart Watch X2,Electronics,1,4704,4704,CUST-50964,Marketplace
UK-2026-101191,2026-02-20,West,Bombay,Cricket Bat English Willow,Sports,1,9025,9025,CUST-98505,App
UK-2026-103685,2026-05-23,West,Mumbai,Leather Wallet,Fashion,3,889,2667,CUST-34377,App
UK-2026-101107,2026-02-01,East,Guwahati,Dinner Set 24pc,Home & Kitchen,3,2425,7275,CUST-14813,App
UK-2026-104152,2026-06-18,South,Chennai,Silk Saree,Fashion,1,3580,3580,CUST-23831,App
UK-2026-103805,2026-05-06,South,Chennai,Cotton Bedsheet Set,Home & Kitchen,2,1426,2852,CUST-98577,Website
UK-2026-103962,2026-05-03,South,Chennai,43-inch Smart TV,Electronics,1,27040,27040,CUST-91439,Website
UK-2026-101699,2026-03-14,North,Gurugram,Dinner Set 24pc,Home & Kitchen,1,2590,2590,CUST-71070,App
UK-2026-103902,2026-05-28,,Noida,Mirrorless Camera Lite,Electronics,1,29247,29247,CUST-19911,Marketplace
UK-2026-100064,2026-01-26,West,Pune,43-inch Smart TV,Electronics,1,26746,26746,CUST-59953,Website
UK-2026-100598,2026-01-17,South,Hyderabad,Denim Jacket,Fashion,1,2134,2134,CUST-27083,Website
UK-2026-102907,2026-04-04,South,Hyderabad,Electric Kettle 1.5L,Home & Kitchen,1,1069,1069,CUST-42565,Website
UK-2026-100899,2026-02-14,North,Noida,Noise-Cancelling Headphones,Electronics,1,9345,9345,CUST-72111,App
UK-2026-100253,2026-01-03,North,Gurugram,Foldable Treadmill T2,Sports,1,23785,23785,CUST-24331,Website
UK-2026-102940,2026-04-21,Central,Raipur,Beard Grooming Kit,Beauty,1,958,958,CUST-55621,Website
UK-2026-103684,2026-05-01,North,Chandigarh,Cotton Kurta Set,Fashion,1,1256,1256,CUST-12726,Website
UK-2026-102563,2026-04-23,West,Surat,Smart Watch X2,Electronics,1,4459,4459,CUST-29341,Website
UK-2026-100014,2026-01-09,North,Noida,COTTON BEDSHEET SET,Home & Kitchen,1,1356,1356,CUST-50979,Website
UK-2026-101462,2026-03-07,South,Kochi,Denim Jacket,Fashion,2,2161,4322,CUST-52953,App
UK-2026-101395,2026-02-02,North,Gurugram,Cycling Helmet,Sports,1,1568,1568,CUST-20872,Website
UK-2026-101132,2026-02-21,East,Patna,Denim Jacket,Fashion,-2,2143,4286,CUST-68235,Website
UK-2026-100953,2026-02-24,West,Ahmedabad,Ultrabook Air 14,Electronics,2,28905,57810,CUST-67273,Marketplace
UK-2026-103453,2026-05-07,North,Noida,MAKEUP BRUSH SET,Beauty,1,1337,1337,CUST-45833,Website
UK-2026-102765,2026-04-10,South,Kochi,Formal Shirt,Fashion,1,1125,1125,CUST-65249,Marketplace
UK-2026-102407,2026-04-14,East,Guwahati,Ionic Hair Dryer,Beauty,1,1988,1988,CUST-90254,App
UK-2026-103317,29-05-26,North,Delhi,Yoga Mat Pro,Sports,1,1234,1234,CUST-57032,App
UK-2026-103986,2026-05-01,Central,Nagpur,Wireless Earbuds Pro,Electronics,4,2865,11460,CUST-18511,App
UK-2026-103311,2026-05-05,North,GGN,Face Wash Combo,Beauty,1,434,434,CUST-81687,Website
UK-2026-100004,2026-01-15,North,Noida,Badminton Racket Set,Sports,1,2455,2455,CUST-34916,Website
UK-2026-100302,2026-01-31,West,Surat,Makeup Brush Set,Beauty,1,1313,1313,CUST-35906,Marketplace
UK-2026-104963,2026-06-13,South,Chennai,Electric Kettle 1.5L,Home & Kitchen,1,1071,1071,CUST-40631,Marketplace
UK-2026-102916,2026-04-24,West,Ahmedabad,Cycling Helmet,Sports,3,1547,4641,CUST-25928,App
UK-2026-102959,2026-04-12,North,Chandigarh,Smart Watch X2,Electronics,1,4553,4553,CUST-77701,Marketplace
UK-2026-101664,2026-03-21,Central,Bhopal,Silk Saree,Fashion,1,3434,3434,CUST-99634,App
UK-2026-100561,2026-01-12,West,Ahmedabad,Denim Jacket,Fashion,1,2165,2165,CUST-74020,Website
UK-2026-102327,2026-04-28,West,Pune,Matte Lipstick Set,Beauty,2,897,1794,CUST-53241,Marketplace
UK-2026-104554,2026-06-02,Central,Nagpur,Electric Kettle 1.5L,Home & Kitchen,1,1053,1053,CUST-74984,App
UK-2026-100162,2026-01-07,East,Guwahati,Running Sneakers,Fashion,1,2895,2895,CUST-60739,Marketplace
UK-2026-100207,2026-01-08,South,Bengaluru,Leather Wallet,Fashion,2,908,1816,CUST-74495,App
UK-2026-102297,2026-04-26,West,Mumbai,Sunscreen SPF50,Beauty,2,549,1098,CUST-46546,Website
UK-2026-102722,2026-04-04,North,Delhi,Bluetooth Speaker Mini,Electronics,1,1561,1561,CUST-70508,Website
UK-2026-103449,2026-05-07,West,Mumbai,Ionic Hair Dryer,Beauty,1,1842,1842,CUST-20406,Website
UK-2026-104363,2026-06-09,North,Gurugram,Beard Grooming Kit,Beauty,1,1006,1006,CUST-98858,App
UK-2026-103630,2026-05-20,,Kolkata,Power Bank 20000mAh,Electronics,1,1851,1851,CUST-15354,Marketplace
UK-2026-101585,2026-03-10,North,Delhi,Mixer Grinder 750W,Home & Kitchen,1,3255,3255,CUST-97049,Marketplace
UK-2026-102963,2026-04-10,West,Pune,Cycling Helmet,Sports,1,1609,,CUST-52706,Marketplace
UK-2026-100583,2026-01-08,North,Delhi,Mirrorless Camera Lite,Electronics,1,28001,28001,CUST-47635,Website
UK-2026-104681,2026-06-10,North,Chandigarh,Electric Kettle 1.5L,Home & Kitchen,,1069,2138,CUST-17983,Website
UK-2026-102073,2026-03-27,East,Kolkata,Silk Saree,Fashion,1,3438,3438,CUST-95585,Marketplace
UK-2026-101016,2026-02-02,West,Surat,Modern Wall Clock,Home & Kitchen,1,795,795,CUST-87069,App
UK-2026-103006,2026-04-11,South,Bengaluru,Dinner Set 24pc,Home & Kitchen,1,2581,2581,CUST-94305,App
UK-2026-101867,2026-03-27,Central,Raipur,Mirrorless Camera Lite,Electronics,1,29174,29174,CUST-86772,Marketplace
UK-2026-102734,2026-04-09,Central,Indore,Sunscreen SPF50,Beauty,1,555,555,CUST-57654,App
UK-2026-101792,2026-03-29,West,Mumbai,Adjustable Dumbbells 15kg,Sports,1,4846,4846,CUST-65750,Website
UK-2026-100069,2026-01-11,North,Chandigarh,Vitamin C Serum,Beauty,1,688,688,CUST-73747,Website
UK-2026-100261,2026-01-14,South,Bengaluru,Smart Watch X2,Electronics,4,4474,17896,CUST-45832,Website
UK-2026-104411,2026-06-26,Central,Nagpur,Denim Jacket,Fashion,1,2253,2253,CUST-68846,Marketplace
UK-2026-104281,2026-06-29,West,Mumbai,Cotton Kurta Set,Fashion,1,1265,1265,CUST-70894,App
UK-2026-100259,2026-01-21,North,Delhi,Vitamin C Serum,Beauty,1,684,684,CUST-54931,Website
UK-2026-100043,2026-01-23,Central,Raipur,Foldable Treadmill T2,Sports,1,25013,25013,CUST-34515,Website
UK-2026-100023,2026-01-31,South,Kochi,Formal Shirt,Fashion,2,1107,2214,CUST-91791,Website
UK-2026-101871,2026-03-04,West,Surat,Formal Shirt,Fashion,1,1084,1084,CUST-19607,Website
UK-2026-101732,2026-03-13,East,Kolkata,Yoga Mat Pro,Sports,1,1199,1199,CUST-35015,App
UK-2026-101363,2026-02-05,,Noida,Yoga Mat Pro,Sports,1,1182,1182,CUST-70753,App
UK-2026-101065,2026-02-28,North,Chandigarh,Dinner Set 24pc,Home & Kitchen,1,2543,2543,CUST-12469,Website
UK-2026-100645,2026-01-16,South,Chennai,Non-Stick Cookware Set,Home & Kitchen,1,2773,2773,CUST-47211,App
UK-2026-101281,2026-02-23,North,Gurugram,Badminton Racket Set,Sports,4,2620,10480,CUST-46322,Marketplace
UK-2026-102950,2026-04-19,West,Ahmedabad,Silk Saree,Fashion,1,3550,3550,CUST-26051,Website
UK-2026-103814,2026-05-11,South,Kochi,Slim Fit Jeans,Fashion,2,1591,3182,CUST-80005,Website
UK-2026-104258,2026-06-17,South,Chennai,Formal Shirt,Fashion,1,1060,1060,CUST-17605,App
UK-2026-100695,2026-01-27,North,Gurugram,Eau de Parfum 100ml,Beauty,1,2027,2027,CUST-13089,App
UK-2026-101591,2026-03-19,East,Guwahati,Bluetooth Speaker Mini,Electronics,4,1508,6032,CUST-80044,Marketplace
UK-2026-101485,"Mar 4, 2026",North,Noida,Formal Shirt,Fashion,2,1055,2110,CUST-70011,Website
UK-2026-101687,2026-03-22,South,Kochi,Vitamin C Serum,Beauty,1,732,732,CUST-25598,App
UK-2026-101866,2026-03-13,Central,Bhopal,Ultrabook Air 14,Electronics,1,30592,30592,CUST-35504,Website
UK-2026-104624,2026-06-14,North,Noida,Cotton Kurta Set,Fashion,1,1243,1243,CUST-23575,App
UK-2026-103444,2026-05-25,Central,Bhopal,Silk Saree,Fashion,1,3614,3614,CUST-50998,Marketplace
UK-2026-104929,2026-06-15,West,Ahmedabad,Ethnic Dupatta,Fashion,1,514,514,CUST-92088,App
UK-2026-103692,2026-05-06,South,Cochin,Air Fryer 5L,Home & Kitchen,1,5551,5551,CUST-35385,App
UK-2026-100334,2026-01-09,Central,Indore,Ultrabook Air 14,Electronics,1,30885,30885,CUST-80175,Website
UK-2026-104118,2026-06-16,South,Chennai,Beard Grooming Kit,Beauty,1,1018,1018,CUST-61967,App
UK-2026-101332,2026-02-08,Central,Indore,Slim Fit Jeans,Fashion,1,1620,1620,CUST-83847,Website
UK-2026-102980,2026-04-23,East,Bhubaneswar,Silk Saree,Fashion,2,3521,7042,CUST-76499,Website
UK-2026-100687,2026-01-13,North,Noida,Robot Vacuum R7,Home & Kitchen,2,19815,39630,CUST-13089,App
UK-2026-101788,2026-03-04,East,Guwahati,Yoga Mat Pro,Sports,1,1237,1237,CUST-51820,Website
UK-2026-102218,2026-03-14,South,Kochi,Face Wash Combo,Beauty,1,459,459,CUST-16525,Website
UK-2026-101365,2026-02-11,West,Ahmedabad,Robot Vacuum R7,Home & Kitchen,1,18372,18372,CUST-61817,Website
UK-2026-103335,2026-05-05,South,Chennai,Cotton Bedsheet Set,Home & Kitchen,1,1383,1383,CUST-13624,App
UK-2026-102944,2026-04-28,South,Chennai,Gym Gloves,Sports,1,497,497,CUST-48673,Marketplace
UK-2026-101073,2026-02-24,East,Patna,Bluetooth Speaker Mini,Electronics,2,1547,3094,CUST-83124,Marketplace
UK-2026-102041,2026-03-26,North,Noida,Yoga Mat Pro,Sports,2,1234,2468,CUST-59290,Website
UK-2026-103988,2026-05-03,South,Bengaluru,Denim Jacket,Fashion,1,2176,2176,CUST-52559,Marketplace
UK-2026-102873,2026-04-02,North,Delhi,Mixer Grinder 750W,Home & Kitchen,1,3393,3393,CUST-21800,App
UK-2026-100442,2026-01-02,West,Ahmedabad,Robot Vacuum R7,Home & Kitchen,1,19844,19844,CUST-76583,App
UK-2026-101053,2026-02-17,East,Patna,Modern Wall Clock,Home & Kitchen,1,801,801,CUST-77048,Website
UK-2026-102708,2026-04-20,North,Chandigarh,Ultrabook Air 14,Electronics,1,31394,31394,CUST-43727,Website
UK-2026-102598,2026-04-16,West,Ahmedabad,Cycling Helmet,Sports,2,1559,,CUST-22142,App
UK-2026-103137,2026-05-27,North,Delhi,Air Fryer 5L,Home & Kitchen,3,5369,16107,CUST-71026,Website
UK-2026-104664,2026-06-26,South,Chennai   ,Cricket Bat English Willow,Sports,1,8937,8937,CUST-40008,Marketplace
UK-2026-103787,2026-05-09,West,Surat,Ethnic Dupatta,Fashion,1,512,512,CUST-56133,Marketplace
UK-2026-103772,2026-05-21,East,Guwahati,Non-Stick Cookware Set,Home & Kitchen,2,2768,5536,CUST-15009,Marketplace
UK-2026-100003,2026-01-05,South,Chennai,Silk Saree,Fashion,1,3529,3529,CUST-74998,App
UK-2026-100120,2026-01-11,South,Chennai,43-inch Smart TV,Electronics,1,25590,25590,CUST-98149,Website
UK-2026-102846,2026-04-18,South,Kochi,Makeup Brush Set,Beauty,1,1317,1317,CUST-81772,Marketplace
UK-2026-104790,2026-06-06,West,Surat,Ethnic Dupatta,Fashion,1,488,488,CUST-69911,Website
UK-2026-102057,2026-03-29,North,Chandigarh,Ultrabook Air 14,Electronics,1,29468,29468,CUST-25503,Marketplace
UK-2026-101783,2026-03-25,South,Hyderabad,Noise-Cancelling Headphones,Electronics,2,8978,17956,CUST-39517,App
UK-2026-104425,2026-06-23,South,Bengaluru,Robot Vacuum R7,Home & Kitchen,1,19709,19709,CUST-73713,App
UK-2026-101991,2026-03-11,South,Kochi,43-inch Smart TV,Electronics,3,26748,80244,CUST-59186,App
UK-2026-100400,2026-01-04,North,Chandigarh,43-inch Smart TV,Electronics,1,25282,,CUST-48753,Website
UK-2026-101113,2026-02-12,Central,Indore,Eau de Parfum 100ml,Beauty,1,1956,1956,CUST-71665,App
UK-2026-100318,2026-01-26,South,Chennai,Sunscreen SPF50,Beauty,1,536,536,CUST-45418,Marketplace
UK-2026-102622,2026-04-02,North,New Delhi,Robot Vacuum R7,Home & Kitchen,1,19030,19030,CUST-56544,App
UK-2026-101215,2026-02-28,East,Kolkata,Modern Wall Clock,Home & Kitchen,1,809,809,CUST-85145,Website
UK-2026-102805,2026-04-05,South,Chennai,Cotton Kurta Set,Fashion,2,1292,2584,CUST-71878,App
UK-2026-102147,"Mar 5, 2026",South,Hyderabad,Mirrorless Camera Lite,Electronics,1,29725,29725,CUST-23846,App
UK-2026-100482,2026-01-29,West,Mumbai,Ionic Hair Dryer,Beauty,1,1847,1847,CUST-43727,App
UK-2026-102110,2026-03-30,South,Bangalore,Badminton Racket Set,Sports,1,2454,2454,CUST-76349,App
UK-2026-102115,2026-03-26,North,Chandigarh,Ultrabook Air 14,Electronics,2,30342,60684,CUST-99877,Website
UK-2026-102355,2026-04-13,West,Surat,Formal Shirt,Fashion,1,1065,1065,CUST-74179,Marketplace
UK-2026-103206,2026-05-10,West,Ahmedabad,Air Fryer 5L,Home & Kitchen,1,5376,5376,CUST-52794,Website
UK-2026-103376,2026-05-12,South,Hyderabad,Ethnic Dupatta,Fashion,3,523,1569,CUST-94562,Marketplace
UK-2026-102602,2026-04-09,East,Bhubaneswar,Robot Vacuum R7,Home & Kitchen,,19535,19535,CUST-12469,App
UK-2026-103592,2026-05-22,South,Kochi,Sunscreen SPF50,Beauty,2,556,1112,CUST-59726,App
UK-2026-101457,2026-03-25,Central,Bhopal,Gym Gloves,Sports,2,517,1034,CUST-14969,Marketplace
UK-2026-103836,2026-05-09,West,Mumbai,Noise-Cancelling Headphones,Electronics,1,9383,9383,CUST-12632,Website
UK-2026-102684,2026-04-24,North,Delhi,Cricket Bat English Willow,Sports,1,8567,8567,CUST-85289,App
UK-2026-101380,2026-02-22,North,Delhi,Eau de Parfum 100ml,Beauty,2,2097,4194,CUST-42447,Website
UK-2026-102264,"Apr 15, 2026",North,Noida,43-inch Smart TV,Electronics,1,24766,24766,CUST-59186,Website
UK-2026-102346,2026-04-18,West,Pune,Mixer Grinder 750W,Home & Kitchen,2,3267,6534,CUST-22360,App
UK-2026-101677,2026-03-13,South,Hyderabad,Wireless Earbuds Pro,Electronics,1,3143,3143,CUST-76939,Website
UK-2026-101937,2026-03-10,South,Hyderabad,Slim Fit Jeans,Fashion,1,1600,1600,CUST-87546,Website
UK-2026-100247,2026-01-04,South,Bengaluru,Cotton Kurta Set,Fashion,3,1303,3909,CUST-24095,Website
UK-2026-101748,2026-03-31,South,Kochi,Wireless Earbuds Pro,Electronics,1,3135,3135,CUST-44273,Marketplace
UK-2026-100606,2026-01-12,Central,Indore,Makeup Brush Set,Beauty,1,1333,1333,CUST-41171,App
UK-2026-104416,14/06/2026,East,Patna,Cotton Kurta Set,Fashion,1,1286,1286,CUST-77129,App
UK-2026-101989,2026-03-17,Central,Raipur,Sunscreen SPF50,Beauty,1,557,557,CUST-90254,App
UK-2026-103664,2026-05-30,North,Gurgaon,Electric Kettle 1.5L,Home & Kitchen,1,1144,1144,CUST-29966,Website
UK-2026-101843,09-03-26,West,Surat,Power Bank 20000mAh,Electronics,1,1788,1788,CUST-55229,App
UK-2026-100051,2026-01-12,South,Bengaluru,Air Fryer 5L,Home & Kitchen,1,5667,5667,CUST-26438,Website
UK-2026-101126,2026-02-07,South,Bengaluru,Slim Fit Jeans,Fashion,1,1677,1677,CUST-24682,App
UK-2026-100250,2026-01-11,North,Noida,Bluetooth Speaker Mini,Electronics,1,1466,1466,CUST-68769,App
UK-2026-101252,2026-02-14,South,Bengaluru,Bluetooth Speaker Mini,Electronics,1,1572,1572,CUST-41171,App
UK-2026-103562,2026-05-17,West,Mumbai,Face Wash Combo,Beauty,1,452,452,CUST-52559,Website
UK-2026-101650,2026-03-24,Central,Indore,Smart Watch X2,Electronics,1,4295,4295,CUST-13935,App
UK-2026-101198,2026-02-08,South,Hyderabad,Formal Shirt,Fashion,2,1148,2296,CUST-67784,App
UK-2026-100329,2026-01-01,East,Patna,Face Wash Combo,Beauty,1,458,,CUST-88001,Marketplace
UK-2026-102315,2026-04-06,Central,Bhopal,Dinner Set 24pc,Home & Kitchen,1,2513,2513,CUST-54561,App
UK-2026-100947,2026-02-15,East,Bhubaneswar,Dinner Set 24pc,Home & Kitchen,1,2622,2622,CUST-43806,Website
UK-2026-103463,2026-05-25,North,Delhi,Non-Stick Cookware Set,Home & Kitchen,1,2980,2980,CUST-22288,App
UK-2026-101427,2026-02-09,West,Surat,Leather Wallet,Fashion,1,862,862,CUST-30254,Website
UK-2026-103042,2026-04-21,North,Delhi,Yoga Mat Pro,Sports,1,1141,1141,CUST-71622,App
UK-2026-104482,2026-06-11,East,Kolkata,Beard Grooming Kit,Beauty,2,1015,2030,CUST-14553,Website
UK-2026-103045,2026-04-12,North,Delhi,Leather Wallet,Fashion,1,894,894,CUST-27768,Website
UK-2026-103901,2026-05-26,Central,Bhopal,Non-Stick Cookware Set,Home & Kitchen,2,2904,5808,CUST-93174,Website
UK-2026-104420,2026-06-18,East,Kolkata,Air Fryer 5L,Home & Kitchen,1,5334,5334,CUST-77129,App
UK-2026-103806,2026-05-02,East,Patna,Silk Saree,Fashion,1,3565,3565,CUST-71963,Marketplace
UK-2026-104621,2026-06-14,East,Patna,Cotton Bedsheet Set,Home & Kitchen,1,1423,1423,CUST-71493,App
UK-2026-100212,2026-01-04,South,Bengaluru,Matte Lipstick Set,Beauty,2,940,1880,CUST-15513,Marketplace
UK-2026-104362,2026-06-17,Central,Raipur,Power Bank 20000mAh,Electronics,1,1760,1760,CUST-76450,App
UK-2026-100122,2026-01-09,South,Bengaluru,Beard Grooming Kit,Beauty,2,1024,2048,CUST-84503,Website
UK-2026-103844,2026-05-06,East,Bhubaneswar,Noise-Cancelling Headphones,Electronics,1,9369,9369,CUST-69878,App
UK-2026-101293,2026-02-22,East,Bhubaneswar,Modern Wall Clock,Home & Kitchen,2,812,1624,CUST-10627,Marketplace
UK-2026-103597,21/05/2026,Central,Indore,Power Bank 20000mAh,Electronics,2,1775,3550,CUST-56303,Marketplace
UK-2026-100592,2026-01-29,North,Delhi,Ethnic Dupatta,Fashion,1,492,492,CUST-43727,Website
UK-2026-103563,2026-05-16,East,Kolkata,Slim Fit Jeans,Fashion,2,1634,3268,CUST-24331,Website
UK-2026-102190,2026-03-11,South,Bengaluru,Football Size 5,Sports,0,928,928,CUST-31147,Website
UK-2026-102821,2026-04-03,East,Kolkata,Leather Wallet,Fashion,1,908,908,CUST-45593,App
UK-2026-104943,2026-06-22,West,Mumbai,Mirrorless Camera Lite,Electronics,4,28288,113152,CUST-86308,App
UK-2026-103922,07-05-26,North,Delhi,Sunscreen SPF50,Beauty,1,548,548,CUST-76342,App
UK-2026-101804,2026-03-14,East,Kolkata,Smart Watch X2,Electronics,2,4531,9062,CUST-96478,App
UK-2026-101601,2026-03-16,South,Bengaluru,Power Bank 20000mAh,Electronics,1,1842,1842,CUST-28015,Website
UK-2026-103228,2026-05-09,Central,Raipur,43-inch Smart TV,Electronics,1,27129,27129,CUST-11200,App
UK-2026-102313,2026-04-02,West,Ahmedabad,Ultrabook Air 14,Electronics,4,31394,125576,CUST-16723,Website
UK-2026-102537,2026-04-15,West,Ahmedabad,Non-Stick Cookware Set,Home & Kitchen,1,2797,2797,CUST-74998,Marketplace
UK-2026-100464,2026-01-19,South,Kochi,Ionic Hair Dryer,Beauty,2,1821,3642,CUST-48673,App
UK-2026-103646,2026-05-10,East,Guwahati,Silk Saree,Fashion,1,3376,3376,CUST-47136,Website
UK-2026-103943,2026-05-06,North,New Delhi,Sunscreen SPF50,Beauty,1,566,566,CUST-46395,App
UK-2026-104185,2026-06-06,North,Gurugram,43-inch Smart TV,Electronics,4,25257,101028,CUST-28233,Marketplace
UK-2026-102672,2026-04-11,South,Kochi,Denim Jacket,Fashion,3,2269,6807,CUST-96799,Marketplace
UK-2026-100754,2026-02-18,South,Bengaluru,Power Bank 20000mAh,Electronics,1,1742,1742,CUST-45919,Website
UK-2026-101821,2026-03-14,North,Chandigarh,Cotton Kurta Set,Fashion,1,1337,1337,CUST-59732,App
UK-2026-100846,2026-02-23,Central,Bhopal,Running Sneakers,Fashion,1,2895,2895,CUST-28013,App
UK-2026-101096,2026-02-04,North,Delhi,Air Fryer 5L,Home & Kitchen,1,5757,5757,CUST-34482,App
UK-2026-101115,2026-02-09,North,Chandigarh,Foldable Treadmill T2,Sports,1,23987,23987,CUST-49816,Website
UK-2026-100090,2026-01-10,Central,Bhopal,Sunscreen SPF50,Beauty,3,533,1599,CUST-67922,App
UK-2026-103790,2026-05-15,North,Gurugram,Denim Jacket,Fashion,1,2215,2215,CUST-58897,App
UK-2026-104009,2026-05-23,North,Noida,Badminton Racket Set,Sports,1,2561,2561,CUST-42465,App
UK-2026-101296,2026-02-28,North,Chandigarh,Adjustable Dumbbells 15kg,Sports,3,5240,15720,CUST-42780,App
UK-2026-100876,2026-02-19,North,Gurugram,43-inch Smart TV,Electronics,1,26452,26452,CUST-50231,App
UK-2026-103714,2026-05-04,North,CHANDIGARH,Mixer Grinder 750W,Home & Kitchen,2,3343,6686,CUST-31939,Website
UK-2026-104907,2026-06-02,West,Pune,Leather Wallet,Fashion,1,918,918,CUST-88277,Marketplace
UK-2026-104151,2026-06-26,West,Ahmedabad,Modern Wall Clock,Home & Kitchen,4,827,3308,CUST-59625,App
UK-2026-103713,2026-05-14,Central,Bhopal,Formal Shirt,Fashion,1,1052,1052,CUST-25877,App
UK-2026-100808,2026-02-03,Central,Raipur,Football Size 5,Sports,2,902,1804,CUST-59962,App
UK-2026-104931,2026-06-03,South,Kochi,Dinner Set 24pc,Home & Kitchen,1,2476,2476,CUST-68044,App
UK-2026-103118,2026-05-23,West,Pune,Mirrorless Camera Lite,Electronics,2,28312,56624,CUST-13218,Marketplace
UK-2026-104090,2026-06-21,West,Ahmedabad,Mixer Grinder 750W,Home & Kitchen,1,3218,3218,CUST-20279,Website
UK-2026-104898,2026-06-30,North,Gurugram,Cycling Helmet,Sports,1,1522,1522,CUST-45597,Marketplace
UK-2026-104286,2026-06-20,East,Patna,Ultrabook Air 14,Electronics,1,28659,28659,CUST-85341,Marketplace
UK-2026-100321,2026-01-25,West,Mumbai,Noise-Cancelling Headphones,Electronics,1,8806,8806,CUST-66670,Marketplace
UK-2026-103474,2026-05-15,South,Kochi,Mirrorless Camera Lite,Electronics,2,28660,57320,CUST-70846,Website
UK-2026-100815,2026-02-27,South,Hyderabad,Leather Wallet,Fashion,1,862,862,CUST-25290,Marketplace
UK-2026-102484,2026-04-25,West,Surat,Ionic Hair Dryer,Beauty,-1,1918,1918,CUST-39376,App
UK-2026-103977,2026-05-25,West,Surat,Ethnic Dupatta,Fashion,1,506,506,CUST-78149,Website
UK-2026-104954,2026-06-04,West,Pune,Smart Watch X2,Electronics,1,4295,4295,CUST-19128,App
UK-2026-103549,2026-05-12,East,Guwahati,Bluetooth Speaker Mini,Electronics,1,1478,1478,CUST-65604,App
UK-2026-100812,2026-02-18,Central,Indore,Mirrorless Camera Lite,Electronics,1,29360,29360,CUST-73991,App
UK-2026-101816,2026-03-24,West,Pune,Face Wash Combo,Beauty,1,433,433,CUST-20552,Website
UK-2026-104124,2026-06-14,,Noida,43-inch Smart TV,Electronics,2,25964,51928,CUST-55006,Website
UK-2026-100399,2026-01-24,East,Guwahati,Smart Watch X2,Electronics,1,4612,4612,CUST-15771,Website
UK-2026-102544,2026-04-04,South,Hyderabad,Cotton Kurta Set,Fashion,2,1268,2536,CUST-20850,App
UK-2026-100680,2026-01-24,North,Gurugram,Sunscreen SPF50,Beauty,1,536,536,CUST-27502,Website
UK-2026-104278,2026-06-23,West,Surat,Wireless Earbuds Pro   ,Electronics,2,3027,6054,CUST-45418,App
UK-2026-100235,2026-01-20,North,Gurugram,Power Bank 20000mAh,Electronics,2,1877,3754,CUST-55354,App
UK-2026-103953,2026-05-11,South,Chennai,Denim Jacket,Fashion,2,2307,4614,CUST-68926,App
UK-2026-103642,2026-05-14,South,Kochi,Badminton Racket Set,Sports,1,2389,2389,CUST-70545,Website
UK-2026-104526,2026-06-23,North,Chandigarh,Electric Kettle 1.5L,Home & Kitchen,1,1051,1051,CUST-81800,App
UK-2026-104508,2026-06-17,East,Bhubaneswar,Face Wash Combo,Beauty,1,465,465,CUST-28429,App
UK-2026-101872,2026-03-14,North,Chandigarh,Non-Stick Cookware Set,Home & Kitchen,2,2869,5738,CUST-60239,App
UK-2026-102432,2026-04-05,South,Chennai,Football Size 5,Sports,1,878,878,CUST-28951,App
UK-2026-103601,2026-05-14,East,Kolkata,Cotton Kurta Set,Fashion,1,1277,1277,CUST-56247,Website
UK-2026-101235,2026-02-27,Central,Bhopal,Sunscreen SPF50,Beauty,2,538,1076,CUST-17817,App
UK-2026-100420,2026-01-24,East,Bhubaneswar,Mixer Grinder 750W,Home & Kitchen,1,3364,3364,CUST-53103,Website
UK-2026-103764,2026-05-17,North,Delhi,Sunscreen SPF50,Beauty,2,547,1094,CUST-37376,App
UK-2026-100275,2026-01-01,West,Ahmedabad,Ionic Hair Dryer,Beauty,,1901,3802,CUST-49912,Website
UK-2026-103451,2026-05-28,South,Kochi,Cotton Kurta Set,Fashion,1,1348,1348,CUST-29517,Marketplace
UK-2026-103757,2026-05-22,Central,Raipur,Denim Jacket,Fashion,2,2145,4290,CUST-94739,Website
UK-2026-104065,"Jun 22, 2026",North,Delhi,Power Bank 20000mAh,Electronics,1,1783,1783,CUST-39226,App
UK-2026-105000,2026-06-08,South,Kochi,Denim Jacket,Fashion,3,2245,"₹6,735",CUST-93503,Website
UK-2026-100097,2026-01-12,South,Kochi,Running Sneakers,Fashion,1,2798,2798,CUST-51717,Website
UK-2026-101351,2026-02-08,South,Chennai,Denim Jacket,Fashion,2,2155,4310,CUST-41011,App
UK-2026-102748,2026-04-04,South,Kochi,Makeup Brush Set,Beauty,1,1359,"1,359.00",CUST-23943,Website
UK-2026-102118,2026-03-13,West,Pune,Dinner Set 24pc,Home & Kitchen,3,2429,7287,CUST-73548,Marketplace
UK-2026-101099,2026-02-17,South,Chennai,Leather Wallet,Fashion,1,881,881,CUST-86772,Website
UK-2026-100799,2026-02-02,East,Bhubaneswar,Noise-Cancelling Headphones,Electronics,1,9362,9362,CUST-55389,Website
UK-2026-104150,2026-06-01,West,Surat,Ethnic Dupatta,Fashion,1,477,477,CUST-47187,Website
UK-2026-104718,2026-06-13,East,  Bhubaneswar,Dinner Set 24pc,Home & Kitchen,2,2474,4948,CUST-21011,App
UK-2026-104404,2026-06-30,South,Bengaluru,Air Fryer 5L,Home & Kitchen,2,5339,10678,CUST-72022,Website
UK-2026-102580,2026-04-11,South,Chennai,Running Sneakers,Fashion,2,2716,5432,CUST-40338,Website
UK-2026-104398,2026-06-15,West,Ahmedabad,Smart Watch X2,Electronics,1,4395,4395,CUST-86793,Marketplace
UK-2026-101666,2026-03-09,East,Bhubaneswar,Face Wash Combo,Beauty,1,449,449,CUST-17706,App
UK-2026-103695,2026-05-03,South,Chennai,Non-Stick Cookware Set,Home & Kitchen,2,2974,5948,CUST-70753,Website
UK-2026-100316,2026-01-09,North,Chandigarh,Matte Lipstick Set,Beauty,1,890,890,CUST-22578,Website
UK-2026-102739,2026-04-10,East,Kolkata,Foldable Treadmill T2,Sports,1,24526,24526,CUST-29296,Marketplace
UK-2026-101510,2026-03-16,South,Bengaluru,Bluetooth Speaker Mini,Electronics,1,1510,1510,CUST-94451,App
UK-2026-101941,2026-03-26,West,Mumbai,Robot Vacuum R7,Home & Kitchen,2,19937,39874,CUST-37130,Marketplace
UK-2026-101691,2026-03-01,North,Delhi,Air Fryer 5L,Home & Kitchen,3,5521,16563,CUST-34598,Marketplace
UK-2026-101441,2026-02-08,East,Bhubaneswar,Cotton Kurta Set,Fashion,2,1302,2604,CUST-13089,Website
UK-2026-102213,2026-03-27,North,Noida,Denim Jacket,Fashion,1,2195,2195,CUST-54483,Marketplace
UK-2026-100132,2026-01-20,North,Noida,Wireless Earbuds Pro,Electronics,1,2939,2939,CUST-24723,Marketplace
UK-2026-103976,2026-05-15,South,Chennai,Denim Jacket,Fashion,1,2179,2179,CUST-69957,Website
UK-2026-100790,2026-02-20,North,Noida,Ultrabook Air 14,Electronics,,30853,30853,CUST-60239,App
UK-2026-101119,2026-02-07,East,Kolkata,Yoga Mat Pro,Sports,1,1243,1243,CUST-78776,Website
UK-2026-102306,"Apr 21, 2026",East,Guwahati,Cricket Bat English Willow,Sports,1,9124,9124,CUST-85451,App
UK-2026-104263,2026-06-03,South,Hyderabad,Dinner Set 24pc,Home & Kitchen,1,2418,2418,CUST-80053,App
UK-2026-102965,2026-04-04,East,Bhubaneswar,Leather Wallet,Fashion,2,943,1886,CUST-32241,App
UK-2026-101749,2026-03-05,East,Kolkata,Ultrabook Air 14,Electronics,2,30118,60236,CUST-93503,Marketplace
UK-2026-102233,2026-03-02,West,Surat,Cricket Bat English Willow,Sports,1,8667,8667,CUST-77823,Marketplace
UK-2026-100433,2026-01-26,West,Ahmedabad,Air Fryer 5L,Home & Kitchen,3,5392,16176,CUST-52885,Website
UK-2026-100255,2026-01-15,South,Chennai,Formal Shirt,Fashion,2,1048,2096,CUST-76457,Marketplace
UK-2026-104889,2026-06-25,Central,Nagpur,Smart Watch X2,Electronics,1,4313,4313,CUST-97387,Marketplace
UK-2026-104484,2026-06-10,South,Chennai,Ultrabook Air 14,Electronics,1,30519,30519 INR,CUST-24682,Website
UK-2026-102074,2026-03-29,South,Hyderabad,Running Sneakers,Fashion,1,2730,2730,CUST-50704,Marketplace
UK-2026-100194,2026-01-02,South,Kochi,Mixer Grinder 750W,Home & Kitchen,2,3155,6310,CUST-52115,Marketplace
UK-2026-100607,2026-01-22,South,Kochi,Ethnic Dupatta,Fashion,4,511,2044,CUST-10161,Marketplace
UK-2026-104546,2026-06-24,,Hyderabad,Silk Saree,Fashion,1,3591,3591,CUST-55090,Marketplace
UK-2026-104328,2026-06-21,,Noida,Cycling Helmet,Sports,1,1587,1587,CUST-74179,Website
UK-2026-102637,2026-04-02,East,Patna,Power Bank 20000mAh,Electronics,3,1761,5283,CUST-60545,App
UK-2026-102377,2026-04-08,North,Chandigarh,Vitamin C Serum,Beauty,1,691,691,CUST-45100,App
UK-2026-101607,2026-03-29,West,Pune,43-inch Smart TV,Electronics,1,26247,26247,CUST-91501,App
UK-2026-103905,2026-05-13,West,Pune,Cycling Helmet,Sports,3,1632,4896,CUST-67255,Website
UK-2026-103489,2026-05-19,West,Surat,Eau de Parfum 100ml,Beauty,,2012,2012,CUST-58727,App
UK-2026-104975,2026-06-12,North,Delhi,Cycling Helmet,Sports,1,1593,1593,CUST-68235,Website
UK-2026-100580,2026-01-23,South,Hyderabad,Modern Wall Clock,Home & Kitchen,1,800,,CUST-93561,Website
UK-2026-100015,2026-01-27,South,Hyderabad,Slim Fit Jeans,Fashion,1,1624,1624,CUST-92890,App
UK-2026-101491,2026-03-16,West,Ahmedabad,Modern Wall Clock,Home & Kitchen,1,791,791,CUST-88152,App
UK-2026-104774,2026-06-15,South,Bengaluru,Power Bank 20000mAh,Electronics,1,1877,1877,CUST-56574,Website
UK-2026-102099,2026-03-05,East,Kolkata,Yoga Mat Pro,Sports,1,1152,1152,CUST-46992,Marketplace
UK-2026-102266,2026-04-04,East,Kolkata,Ethnic Dupatta,Fashion,1,511,511,CUST-68965,App
UK-2026-101714,2026-03-30,North,Gurugram,Slim Fit Jeans,Fashion,1,1651,1651,CUST-24228,App
UK-2026-101805,2026-03-10,West,Pune,Dinner Set 24pc,Home & Kitchen,1,2620,2620,CUST-37204,App
UK-2026-100649,2026-01-31,South,Hyderabad,Bluetooth Speaker Mini,Electronics,1,1482,1482,CUST-62990,Website
UK-2026-102538,2026-04-19,North,Delhi,43-inch Smart TV,Electronics,1,27207,27207,CUST-49370,Website
UK-2026-102803,2026-04-18,East,Kolkata,Denim Jacket,Fashion,1,2172,2172,CUST-37849,Website
UK-2026-102077,2026-03-17,South,Chennai,Noise-Cancelling Headphones,Electronics,2,9094,18188,CUST-31941,Marketplace
UK-2026-104264,2026-06-03,Central,Raipur,Modern Wall Clock,Home & Kitchen,1,803,803,CUST-18353,App
UK-2026-104968,2026-06-17,West,Mumbai,Wireless Earbuds Pro,Electronics,1,2992,2992,CUST-99205,Marketplace
UK-2026-103557,2026-05-07,West,Surat,Ultrabook Air 14,Electronics,2,30674,61348,CUST-46495,Marketplace
UK-2026-101066,2026-02-25,South,Hyderabad,Power Bank 20000mAh,Electronics,1,1889,1889,CUST-24131,Website
UK-2026-102777,2026-04-21,South,Bengaluru,Ultrabook Air 14,Electronics,2,30165,60330,CUST-59848,Website
UK-2026-103956,2026-05-06,South,Bengaluru,Modern Wall Clock,Home & Kitchen,1,782,782,CUST-26947,App
UK-2026-101826,2026-03-05,North,Noida,Dinner Set 24pc,Home & Kitchen,1,2467,2467,CUST-53999,App
UK-2026-104266,2026-06-25,South,Chennai,Robot Vacuum R7,Home & Kitchen,1,18277,18277,CUST-57044,Marketplace
UK-2026-102316,2026-04-29,East,Patna,Air Fryer 5L,Home & Kitchen,2,5283,10566,CUST-18353,App
UK-2026-103406,2026-05-25,West,Pune,Slim Fit Jeans,Fashion,1,1626,1626,CUST-45919,Website
UK-2026-103868,2026-05-18,East,Kolkata,Cotton Kurta Set,Fashion,1,1333,1333,CUST-31386,Website
UK-2026-100128,2026-01-01,North,Chandigarh,Modern Wall Clock,Home & Kitchen,1,783,783,CUST-31930,App
UK-2026-103965,2026-05-02,East,Bhubaneswar,Noise-Cancelling Headphones,Electronics,2,9153,18306,CUST-14253,App
UK-2026-103671,2026-05-09,Central,Nagpur,EAU DE PARFUM 100ML,Beauty,1,2069,2069,CUST-28497,App
UK-2026-103116,2026-05-10,South,CHENNAI,Gym Gloves,Sports,1,491,491,CUST-32538,Website
UK-2026-101655,2026-03-02,South,Chennai,Cotton Bedsheet Set,Home & Kitchen,3,1362,4086,CUST-64090,Website
UK-2026-102971,2026-04-21,North,Delhi,Ethnic Dupatta,Fashion,1,480,480,CUST-29672,App
UK-2026-104654,2026-06-22,West,Pune,Bluetooth Speaker Mini,Electronics,1,1531,1531,CUST-76009,Website
UK-2026-100568,2026-01-20,North,Noida,Leather Wallet,Fashion,1,926,926,CUST-71327,App
UK-2026-104805,2026-06-10,North,Chandigarh,Cotton Kurta Set,Fashion,2,1311,2622,CUST-91701,App
UK-2026-101830,2026-03-31,West,Surat,Foldable Treadmill T2,Sports,2,26187,52374,CUST-89540,App
UK-2026-103286,2026-05-20,South,Chennai,Noise-Cancelling Headphones,Electronics,1,8865,8865,CUST-92899,App
UK-2026-104293,2026-06-25,Central,Nagpur,  Ethnic Dupatta,Fashion,1,485,485,CUST-80044,App
UK-2026-103555,2026-05-07,East,Guwahati,Electric Kettle 1.5L,Home & Kitchen,2,1099,2198,CUST-52559,App
UK-2026-101364,2026-02-08,South,Kochi,Gym Gloves,Sports,1,476,476,CUST-79711,Website
UK-2026-100642,2026-01-26,North,Delhi,Football Size 5,Sports,2,881,1762,CUST-37180,Website
UK-2026-103561,2026-05-05,West,Surat,Cricket Bat English Willow,Sports,1,9272,,CUST-49407,Website
UK-2026-102009,2026-03-24,South,Chennai,Cotton Kurta Set,Fashion,2,1302,2604,CUST-69578,Website
UK-2026-103143,2026-05-22,South,Hyderabad,Gym Gloves,Sports,1,510,510,CUST-77632,App
UK-2026-102475,2026-04-20,North,Delhi,Matte Lipstick Set,Beauty,2,902,1804,CUST-43452,App
UK-2026-103285,2026-05-04,East,Patna,Cotton Bedsheet Set,Home & Kitchen,1,1431,1431,CUST-82689,App
UK-2026-102543,2026-04-05,West,Pune,Silk Saree,Fashion,1,3620,3620,CUST-45597,Website
UK-2026-100988,2026-02-16,South,Kochi,Noise-Cancelling Headphones,Electronics,1,8568,8568,CUST-86124,Website
UK-2026-101057,2026-02-21,East,Bhubaneswar,Beard Grooming Kit,Beauty,1,991,991.00,CUST-98677,App
UK-2026-102788,2026-04-05,Central,Raipur,Bluetooth Speaker Mini,Electronics,1,1501,1501,CUST-48078,Website
UK-2026-104015,28-05-26,East,Guwahati,Dinner Set 24pc,Home & Kitchen,2,2383,4766,CUST-18885,Website
UK-2026-104442,2026-06-11,Central,Indore,Dinner Set 24pc,Home & Kitchen,1,2584,2584,CUST-72377,Website
UK-2026-100345,2026-01-22,North,Gurugram,Mixer Grinder 750W,Home & Kitchen,2,3292,6584,CUST-58234,Marketplace
UK-2026-100036,2026-01-13,Central,Raipur,Slim Fit Jeans,Fashion,2,1599,3198,CUST-28698,Website
UK-2026-100902,2026-02-04,East,Bhubaneswar,Mixer Grinder 750W,Home & Kitchen,,3445,3445,CUST-89049,App
UK-2026-103117,2026-05-06,South,Chennai,Ionic Hair Dryer,Beauty,1,1925,1925,CUST-73886,Website
UK-2026-102867,2026-04-20,South,Kochi,Silk Saree,Fashion,1,3361,3361,CUST-32934,App
UK-2026-101833,2026-03-09,West,Surat,Mirrorless Camera Lite,Electronics,2,28280,,CUST-22875,Marketplace
UK-2026-104276,2026-06-10,West,Surat,Ionic Hair Dryer,Beauty,1,1870,1870,CUST-28808,Website
UK-2026-103080,2026-04-17,North,Chandigarh,Ethnic Dupatta,Fashion,3,477,1431,CUST-82141,Website
UK-2026-101731,2026-03-02,North,Gurugram,Ethnic Dupatta,Fashion,2,494,988,CUST-35711,Website
UK-2026-102291,2026-04-09,East,Patna,Bluetooth Speaker Mini,Electronics,2,1554,3108,CUST-89540,Marketplace
UK-2026-100776,2026-02-23,,Patna,Ultrabook Air 14,Electronics,1,30536,30536,CUST-67503,Marketplace
UK-2026-100683,2026-01-22,Central,Indore,Face Wash Combo,Beauty,1,442,442,CUST-17190,App
UK-2026-101611,10-03-26,South,Kochi,Denim Jacket,Fashion,1,2148,2148,CUST-20187,Website
UK-2026-102741,2026-04-18,North,Noida,Smart Watch X2,Electronics,1,4498,4498,CUST-46876,Website
UK-2026-102616,2026-04-25,West,Ahmedabad,Power Bank 20000mAh,Electronics,1,1827,1827,CUST-67983,App
UK-2026-101889,2026-03-04,East,Bhubaneswar,Ionic Hair Dryer,Beauty,3,1805,5415,CUST-51655,App
UK-2026-104778,2026-06-23,South,Kochi,Gym Gloves,Sports,3,519,1557,CUST-84017,Marketplace
UK-2026-103247,2026-05-14,North,Gurugram,Face Wash Combo,Beauty,1,452,452,CUST-70519,App
UK-2026-100232,2026-01-03,North,Chandigarh,Ethnic Dupatta,Fashion,2,507,1014,CUST-14159,App
UK-2026-103394,2026-05-23,South,Kochi,Slim Fit Jeans,Fashion,2,1607,3214,CUST-46297,Website
UK-2026-104523,2026-06-12,Central,NAGPUR,Modern Wall Clock,Home & Kitchen,3,789,2367,CUST-21293,App
UK-2026-100804,2026-02-08,West,Ahmedabad,Beard Grooming Kit,Beauty,1,1013,1013,CUST-75086,Website
UK-2026-104678,2026-06-05,East,Patna,Non-Stick Cookware Set,Home & Kitchen,3,2839,8517,CUST-38799,App
UK-2026-102289,2026-04-30,West,Mumbai,Silk Saree,Fashion,1,3405,"3,405.00",CUST-76450,Website
UK-2026-100879,2026-02-24,East,Patna,Mirrorless Camera Lite,Electronics,1,28909,28909,CUST-38182,App
UK-2026-103223,2026-05-04,North,Noida,Gym Gloves,Sports,2,493,986,CUST-74370,App
UK-2026-102641,2026-04-10,North,Gurugram,Ultrabook Air 14,Electronics,1,30205,30205,CUST-78508,Website
UK-2026-101499,2026-03-06,Central,Raipur,Mirrorless Camera Lite,Electronics,1,28352,28352,CUST-39667,Website
UK-2026-104471,2026-06-14,North,Noida,Bluetooth Speaker Mini,Electronics,1,1537,1537,CUST-35231,App
UK-2026-101905,2026-03-22,Central,Indore,Slim Fit Jeans,Fashion,2,1600,,CUST-76128,App
UK-2026-102216,2026-03-30,South,Hyderabad,Silk Saree,Fashion,2,3511,7022,CUST-65330,App
UK-2026-102585,2026-04-07,North,Noida,Formal Shirt,Fashion,1,1119,1119,CUST-98677,App
UK-2026-101959,2026-03-21,East,Kolkata,Leather Wallet,Fashion,1,886,886,CUST-27171,Marketplace
UK-2026-100814,2026-02-07,South,Chennai,Power Bank 20000mAh,Electronics,2,1886,3772,CUST-49847,Marketplace
UK-2026-100224,2026-01-18,North,Noida,Bluetooth Speaker Mini,Electronics,1,1430,1430,CUST-99336,Website
UK-2026-101159,2026-02-14,Central,Nagpur,Bluetooth Speaker Mini,Electronics,1,1473,1473,CUST-44962,App
UK-2026-101698,2026-03-14,North,Noida,Vitamin C Serum,Beauty,1,728,728,CUST-83124,App
UK-2026-100341,2026-01-28,North,Gurugram,Cycling Helmet,Sports,2,1634,3268,CUST-63707,App
UK-2026-102488,2026-04-07,North,Delhi,Leather Wallet,Fashion,1,886,886,CUST-56448,Website
UK-2026-101696,2026-03-26,South,Bengaluru,Running Sneakers,Fashion,1,2878,2878,CUST-22378,App
UK-2026-103525,2026-05-07,South,Hyderabad,Leather Wallet,Fashion,1,886,886,CUST-54209,App
UK-2026-102678,2026-04-02,Central,Indore,Modern Wall Clock,Home & Kitchen,1,775,775,CUST-24421,Website
UK-2026-103038,2026-04-24,West,Surat,Smart Watch X2,Electronics,3,4435,13305,CUST-89049,App
UK-2026-104782,2026-06-24,West,Ahmedabad,Ionic Hair Dryer,Beauty,1,1879,1879,CUST-54968,App
UK-2026-103302,2026-05-22,South,Kochi,Running Sneakers,Fashion,1,2876,2876,CUST-34932,App
UK-2026-101614,2026-03-23,West,Mumbai,Mixer Grinder 750W,Home & Kitchen,4,3335,13340,CUST-58892,App
UK-2026-102051,2026-03-29,North,Noida,Cotton Kurta Set,Fashion,1,1248,,CUST-17142,App
UK-2026-100994,2026-02-09,North,Noida,Leather Wallet,Fashion,1,878,878,CUST-57116,Marketplace
UK-2026-101211,2026-02-21,East,Bhubaneswar,Running Sneakers,Fashion,1,2800,2800,CUST-56131,App
UK-2026-101450,2026-02-03,South,Kochi,Slim Fit Jeans,Fashion,1,1534,1534,CUST-30394,App
UK-2026-104289,2026-06-20,North,Delhi,Ultrabook Air 14,Electronics,1,31202,31202,CUST-25987,Website
UK-2026-103112,2026-05-16,West,Surat,Wireless Earbuds Pro,Electronics,1,2920,2920,CUST-42166,Website
UK-2026-100971,2026-02-15,West,Mumbai,Robot Vacuum R7,Home & Kitchen,1,19466,19466,CUST-52706,Marketplace
UK-2026-104974,2026-06-23,West,Pune,Bluetooth Speaker Mini,Electronics,1,1448,1448,CUST-61457,Marketplace
UK-2026-101598,2026-03-25,North,Gurugram,Wireless Earbuds Pro,Electronics,1,3025,3025,CUST-23021,Website
UK-2026-102573,2026-04-17,West,Pune,Makeup Brush Set,Beauty,2,1278,2556,CUST-16598,Website
UK-2026-102465,2026-04-25,South,Bengaluru,Wireless Earbuds Pro,Electronics,1,3099,3099,CUST-78616,Marketplace
UK-2026-104497,2026-06-11,North,Chandigarh,Slim Fit Jeans,Fashion,1,1551,1551,CUST-73689,App
UK-2026-101928,2026-03-23,North,Delhi,Electric Kettle 1.5L,Home & Kitchen,1,1094,1094,CUST-19716,App
UK-2026-100272,2026-01-20,Central,Indore,Mirrorless Camera Lite,Electronics,2,28564,57128,CUST-77578,App
UK-2026-104054,2026-06-22,West,Pune,Smart Watch X2,Electronics,1,4586,4586,CUST-32952,Marketplace
UK-2026-102985,2026-04-14,West,Mumbai,Running Sneakers,Fashion,1,2670,2670,CUST-59683,Website
UK-2026-103831,2026-05-06,,Hyderabad,Ethnic Dupatta,Fashion,2,476,952,CUST-36332,App
UK-2026-104567,2026-06-23,West,Ahmedabad,Bluetooth Speaker Mini,Electronics,1,1473,1473,CUST-85360,Website
UK-2026-100801,2026-02-01,Central,Indore,Smart Watch X2,Electronics,1,4283,4283,CUST-63613,Website
UK-2026-100243,2026-01-06,West,Surat,Leather Wallet,Fashion,1,896,896,CUST-54561,App
UK-2026-102449,2026-04-23,South,Bengaluru,Non-Stick Cookware Set,Home & Kitchen,1,2870,2870,CUST-66933,App
UK-2026-100775,2026-02-18,South,Kochi,Football Size 5,Sports,1,873,873,CUST-74639,App
UK-2026-101990,2026-03-11,East,Guwahati,Wireless Earbuds Pro,Electronics,2,3097,6194,CUST-28013,Website
UK-2026-104990,2026-06-30,South,Cochin,Power Bank 20000mAh,Electronics,1,1810,1810,CUST-56133,App
UK-2026-101549,2026-03-11,South,Chennai,Cycling Helmet,Sports,1,1675,1675,CUST-51026,Website
UK-2026-100662,2026-01-15,South,Bengaluru,43-inch Smart TV,Electronics,1,26783,26783,CUST-37204,App
UK-2026-100118,2026-01-27,South,Kochi,Eau de Parfum 100ml,Beauty,1,1930,1930,CUST-71687,App
UK-2026-102466,2026-04-07,South,Chennai,Cricket Bat English Willow,Sports,2,8682,17364,CUST-19250,App
UK-2026-102154,2026-03-22,North,Gurugram,Badminton Racket Set,Sports,1,2510,2510,CUST-56247,App
UK-2026-100535,2026-01-31,Central,Nagpur,Beard Grooming Kit,Beauty,1,989,989,CUST-88105,Marketplace
UK-2026-100289,2026-01-02,West,Mumbai,Dinner Set 24pc,Home & Kitchen,2,2413,4826,CUST-91341,Website
UK-2026-101220,2026-02-06,North,Noida,Electric Kettle 1.5L,Home & Kitchen,1,1124,1124,CUST-10210,Website
UK-2026-102859,2026-04-05,North,Gurugram,Slim Fit Jeans,Fashion,2,1608,3216,CUST-80044,Website
UK-2026-102984,2026-04-29,North,Gurgaon,Formal Shirt,Fashion,1,1100,1100,CUST-81262,Website
UK-2026-103492,2026-05-05,North,Delhi,Ultrabook Air 14,Electronics,1,30332,30332,CUST-13831,Website
UK-2026-101480,2026-03-12,,Chandigarh,Smart Watch X2,Electronics,2,4647,9294,CUST-53304,Marketplace
UK-2026-102200,2026-03-12,West,Pune,Slim Fit Jeans,Fashion,1,1611,1611,CUST-61610,Website
UK-2026-103562,2026-05-17,West,Mumbai,Face Wash Combo,Beauty,1,452,452,CUST-52559,Website
UK-2026-100661,2026-01-13,East,Kolkata,Electric Kettle 1.5L,Home & Kitchen,1,1084,1084,CUST-73713,App
UK-2026-101391,2026-02-13,South,Hyderabad,Smart Watch X2,Electronics,1,4334,4334,CUST-48753,Website
UK-2026-104612,2026-06-15,South,Bengaluru,Mirrorless Camera Lite,Electronics,1,28835,28835,CUST-81687,App
UK-2026-100763,2026-02-21,North,Chandigarh,Noise-Cancelling Headphones,Electronics,1,8803,8803,CUST-53002,App
UK-2026-103636,2026-05-23,North,Gurugram,Ultrabook Air 14,Electronics,3,31109,93327,CUST-96704,Marketplace
UK-2026-101267,2026-02-08,East,Kolkata,Ionic Hair Dryer,Beauty,2,1868,3736,CUST-90090,App
UK-2026-103565,2026-05-04,West,Ahmedabad,Denim Jacket,Fashion,1,2226,2226,CUST-23162,Website
UK-2026-103794,2026-05-08,North,Chandigarh,Slim Fit Jeans,Fashion,1,1567,1567,CUST-70011,App
UK-2026-104968,2026-06-17,West,Mumbai,Wireless Earbuds Pro,Electronics,1,2992,2992,CUST-99205,Marketplace
UK-2026-101495,2026-03-27,South,Bengaluru,Slim Fit Jeans,Fashion,2,1668,3336,CUST-36532,App
UK-2026-103532,2026-05-18,Central,Bhopal,Non-Stick Cookware Set,Home & Kitchen,1,3003,3003,CUST-93537,App
UK-2026-104067,29/06/2026,West,Ahmedabad,Bluetooth Speaker Mini,Electronics,1,1528,1528,CUST-88019,Marketplace
UK-2026-102855,2026-04-14,North,Noida,Modern Wall Clock,Home & Kitchen,2,776,1552,CUST-92289,App
UK-2026-104448,2026-06-26,South,Chennai,Badminton Racket Set,Sports,1,2558,2558,CUST-68042,App
UK-2026-100904,2026-02-18,North,Noida,Ethnic Dupatta,Fashion,1,476,476,CUST-36443,Website
UK-2026-104437,2026-06-26,Central,Indore,Slim Fit Jeans,Fashion,1,1622,1622,CUST-20413,Website
UK-2026-101399,2026-02-14,West,Ahmedabad,Cotton Kurta Set,Fashion,1,1268,1268,CUST-45014,Website
UK-2026-100786,2026-02-07,North,Noida,Smart Watch X2,Electronics,1,4592,4592,CUST-52953,Website
UK-2026-104036,2026-06-12,North,Delhi,Cotton Kurta Set,Fashion,1,1301,1301,CUST-68681,Website
UK-2026-100627,2026-01-26,South,Chennai,Wireless Earbuds Pro,Electronics,1,2977,2977,CUST-74292,App
UK-2026-104525,2026-06-19,South,Chennai,Ethnic Dupatta,Fashion,1,489,489,CUST-44962,App
UK-2026-100518,15-01-26,Central,Indore,Wireless Earbuds Pro,Electronics,1,2908,2908,CUST-81726,Marketplace
UK-2026-102434,2026-04-21,Central,Bhopal,Ionic Hair Dryer,Beauty,1,1904,1904,CUST-21660,App
UK-2026-102382,2026-04-02,East,Bhubaneswar,Running Sneakers,Fashion,,2827,2827,CUST-59732,Website
UK-2026-102714,2026-04-16,South,Hyderabad,Silk Saree,Fashion,1,3434,3434,CUST-72709,Marketplace
UK-2026-103837,2026-05-29,West,Surat,Makeup Brush Set,Beauty,3,1242,3726,CUST-86571,App
UK-2026-100143,2026-01-21,East,Patna,Badminton Racket Set,Sports,2,2529,5058,CUST-23498,Website
UK-2026-101604,2026-03-31,North,Chandigarh,43-inch Smart TV,Electronics,1,27232,27232,CUST-51705,App
UK-2026-100479,2026-01-19,North,Delhi,Cricket Bat English Willow,Sports,3,8552,25656,CUST-72901,Website
UK-2026-104181,2026-06-20,South,Bengaluru,Denim Jacket,Fashion,1,2091,2091,CUST-98428,App
UK-2026-103593,2026-05-24,North,Noida,Air Fryer 5L,Home & Kitchen,1,5766,5766,CUST-32029,App
UK-2026-100001,2026-01-26,South,Chennai,Cotton Kurta Set,Fashion,4,1317,5268,CUST-86241,Website
UK-2026-103993,2026-05-15,South,Chennai,Air Fryer 5L,Home & Kitchen,4,5734,22936,CUST-89518,Website
UK-2026-101181,2026-02-20,North,Chandigarh,Mixer Grinder 750W,Home & Kitchen,2,3385,"₹6,770",CUST-53103,App
UK-2026-104951,2026-06-29,West,Pune,Running Sneakers,Fashion,1,2905,2905,CUST-85422,Marketplace
UK-2026-103481,2026-05-30,South,Chennai,Silk Saree,Fashion,3,3417,10251,CUST-87411,Website
UK-2026-103195,2026-05-19,West,Ahmedabad,Cricket Bat English Willow,Sports,1,8750,8750,CUST-52220,Marketplace
UK-2026-100910,2026-02-25,South,Kochi,Mixer Grinder 750W,Home & Kitchen,4,3385,13540,CUST-71748,App
UK-2026-102554,2026-04-29,South,Chennai,Gym Gloves,Sports,1,511,511,CUST-90410,Website
UK-2026-100395,2026-01-05,East,Patna,Cricket Bat English Willow,Sports,1,8929,8929,CUST-31948,Website
UK-2026-103811,2026-05-14,South,Bengaluru,Robot Vacuum R7,Home & Kitchen,1,19339,19339,CUST-43047,App
UK-2026-102410,2026-04-25,West,Surat,Electric Kettle 1.5L,Home & Kitchen,2,1099,2198,CUST-89049,App
UK-2026-102379,2026-04-29,West,Surat,Cycling Helmet,Sports,1,1606,1606,CUST-85480,Website
UK-2026-102460,2026-04-19,North,Noida,Badminton Racket Set,Sports,3,2430,7290,CUST-16121,Marketplace
UK-2026-104746,2026-06-17,South,Bengaluru,Eau de Parfum 100ml,Beauty,2,2010,4020,CUST-10523,App
UK-2026-103361,2026-05-11,West,Pune,43-inch Smart TV,Electronics,2,25879,51758,CUST-46876,Website
UK-2026-101323,2026-02-24,North,Noida,Wireless Earbuds Pro,Electronics,2,3107,6214,CUST-17825,App
UK-2026-102815,2026-04-30,North,Delhi,Yoga Mat Pro,Sports,1,1148,1148,CUST-54483,App
UK-2026-102725,2026-04-14,South,Chennai,Cycling Helmet,Sports,3,1630,4890,CUST-59186,Marketplace
UK-2026-103949,2026-05-20,West,Bombay,Non-Stick Cookware Set,Home & Kitchen,1,2943,2943,CUST-88369,Website
UK-2026-102423,2026-04-15,Central,Bhopal,Cycling Helmet,Sports,1,1549,1549,CUST-45649,Marketplace
UK-2026-104913,2026-06-08,North,Noida,Robot Vacuum R7,Home & Kitchen,1,19364,19364,CUST-14815,App
UK-2026-103926,2026-05-30,East,Guwahati,Modern Wall Clock,Home & Kitchen,1,768,768,CUST-43426,App
UK-2026-101260,2026-02-18,North,Chandigarh,Modern Wall Clock,Home & Kitchen,1,769,769,CUST-58244,App
UK-2026-101562,2026-03-06,East,Guwahati,Mirrorless Camera Lite,Electronics,1,30159,30159,CUST-65806,Website
UK-2026-100636,2026-01-02,North,Noida,Mirrorless Camera Lite,Electronics,2,27690,55380,CUST-52147,Marketplace
UK-2026-104250,2026-06-21,West,Ahmedabad,Robot Vacuum R7,Home & Kitchen,2,19371,38742,CUST-56131,App
UK-2026-103485,23/05/2026,East,Guwahati,Foldable Treadmill T2,Sports,1,24187,24187,CUST-51820,Website
UK-2026-102371,2026-04-17,East,Guwahati,Power Bank 20000mAh,Electronics,2,1780,3560,CUST-81646,Marketplace
UK-2026-103303,2026-05-22,North,Noida,Non-Stick Cookware Set,Home & Kitchen,1,2986,2986,CUST-20813,Marketplace
UK-2026-101521,2026-03-05,West,Pune,Non-Stick Cookware Set,Home & Kitchen,1,2925,2925,CUST-48122,Marketplace
UK-2026-104350,2026-06-02,East,Guwahati,Mixer Grinder 750W,Home & Kitchen,2,3348,6696,CUST-37376,App
UK-2026-100859,2026-02-25,East,Guwahati,Football Size 5,Sports,2,896,1792,CUST-90448,Website
UK-2026-104566,2026-06-17,Central,Bhopal,Gym Gloves,Sports,1,485,485,CUST-64090,App
UK-2026-102045,2026-03-19,West,Pune,Robot Vacuum R7,Home & Kitchen,1,19211,19211,CUST-41171,Website
UK-2026-102294,2026-04-03,South,Hyderabad,Formal Shirt,Fashion,1,1123,1123,CUST-29672,App
UK-2026-103043,2026-04-01,West,Ahmedabad,Modern Wall Clock,Home & Kitchen,1,785,785,CUST-21102,App
UK-2026-102444,2026-04-22,Central,Indore,Cotton Bedsheet Set,Home & Kitchen,1,1430,1430,CUST-35125,App
UK-2026-102581,2026-04-17,East,Bhubaneswar,Noise-Cancelling Headphones,Electronics,1,8714,8714,CUST-71782,Website
UK-2026-100922,2026-02-22,West,Pune,Smart Watch X2,Electronics,-2,4708,4708,CUST-20187,Website
UK-2026-104726,2026-06-30,South,Hyderabad,Foldable Treadmill T2,Sports,1,26047,26047,CUST-78251,Website
UK-2026-104110,2026-06-21,South,Hyderabad,Non-Stick Cookware Set,Home & Kitchen,1,2918,2918,CUST-85460,Website
UK-2026-100462,2026-01-11,South,Bangalore,Matte Lipstick Set,Beauty,1,880,880,CUST-73084,App
UK-2026-101387,2026-02-04,South,Kochi,Ethnic Dupatta,Fashion,3,504,1512,CUST-40082,App
UK-2026-101794,2026-03-15,West,Ahmedabad,Cricket Bat English Willow,Sports,2,8713,17426,CUST-35859,Marketplace
UK-2026-101679,2026-03-25,Central,Nagpur,Yoga Mat Pro,Sports,1,1198,1198,CUST-67576,App
UK-2026-104840,2026-06-06,North,Gurugram,Eau de Parfum 100ml,Beauty,1,2030,2030,CUST-63392,Website
UK-2026-103364,2026-05-12,South,Kochi,Air Fryer 5L,Home & Kitchen,2,5268,10536,CUST-67464,Website
UK-2026-102425,2026-04-26,South,Cochin,Dinner Set 24pc,Home & Kitchen,1,2547,2547,CUST-14517,App
UK-2026-104082,2026-06-23,West,Mumbai,Noise-Cancelling Headphones,Electronics,1,9045,9045,CUST-16489,Marketplace
UK-2026-100742,2026-02-14,South,Bengaluru,Bluetooth Speaker Mini,Electronics,1,1463,1463,CUST-85037,Website
UK-2026-100681,2026-01-19,North,Chandigarh,Cotton Kurta Set,Fashion,1,1346,1346,CUST-63279,Marketplace
UK-2026-102656,2026-04-27,South,Bengaluru,Adjustable Dumbbells 15kg,Sports,2,4890,9780,CUST-65791,Marketplace
UK-2026-101487,2026-03-18,East,Patna,Wireless Earbuds Pro,Electronics,2,3118,6236,CUST-65795,App
UK-2026-100830,2026-02-09,Central,Raipur,Mixer Grinder 750W,Home & Kitchen,1,3168,3168,CUST-95741,App
UK-2026-100030,2026-01-05,West,Ahmedabad,Eau de Parfum 100ml,Beauty,3,2061,6183,CUST-49816,Website
UK-2026-101938,2026-03-04,South,Hyderabad,Electric Kettle 1.5L,Home & Kitchen,1,1107,1107,CUST-44258,Website
UK-2026-102014,2026-03-14,North,Chandigarh,Mixer Grinder 750W,Home & Kitchen,1,3215,3215,CUST-47442,App
UK-2026-104604,2026-06-05,South,Kochi,Mirrorless Camera Lite,Electronics,1,30089,30089,CUST-55879,Website
UK-2026-102020,2026-03-09,South,Kochi,Mixer Grinder 750W,Home & Kitchen,1,3269,3269,CUST-95309,App
UK-2026-100148,2026-01-22,East,Guwahati,Cycling Helmet,Sports,1,1600,1600,CUST-53304,Website
UK-2026-100504,2026-01-22,North,Delhi,Silk Saree,Fashion,1,3504,3504,CUST-25006,App
UK-2026-101944,2026-03-01,West,Surat,Non-Stick Cookware Set,Home & Kitchen,1,3012,3012,CUST-71950,App
UK-2026-102161,2026-03-22,South,Kochi,Foldable Treadmill T2,Sports,2,24422,48844,CUST-93537,App
UK-2026-104986,2026-06-17,South,Hyderabad,Makeup Brush Set,Beauty,1,1290,1290,CUST-89049,App
UK-2026-104142,2026-06-24,North,Noida,Formal Shirt,Fashion,-2,1130,1130,CUST-21652,Website
UK-2026-103104,2026-05-13,West,Surat,Ultrabook Air 14,Electronics,1,29398,29398,CUST-15012,Website
UK-2026-103018,2026-04-28,East,Patna,Leather Wallet,Fashion,1,883,883,CUST-14553,Marketplace
UK-2026-100889,"Feb 6, 2026",West,Surat,Beard Grooming Kit,Beauty,2,1022,2044,CUST-65209,App
UK-2026-100134,2026-01-19,East,Kolkata,Leather Wallet,Fashion,1,886,886,CUST-89728,App
UK-2026-102988,2026-04-16,West,Ahmedabad,Wireless Earbuds Pro,Electronics,1,2920,2920,CUST-72778,App
UK-2026-101746,2026-03-25,West,Mumbai,Makeup Brush Set,Beauty,1,1288,1288,CUST-35504,App
UK-2026-101435,2026-02-05,East,Guwahati,Air Fryer 5L,Home & Kitchen,1,5475,5475,CUST-17893,App
UK-2026-100288,2026-01-11,South,Bengaluru,Eau de Parfum 100ml,Beauty,1,2094,2094,CUST-11641,Website
UK-2026-104670,2026-06-13,North,Chandigarh,Cotton Kurta Set,Fashion,2,1277,2554,CUST-88019,App
UK-2026-102006,2026-03-29,North,Gurugram,Cotton Bedsheet Set,Home & Kitchen,1,1418,1418,CUST-12973,Website
UK-2026-100495,2026-01-05,East,Bhubaneswar,Silk Saree,Fashion,1,3537,3537,CUST-16598,App
UK-2026-104013,2026-05-01,East,Guwahati,Ethnic Dupatta,Fashion,1,493,493,CUST-51705,Website
UK-2026-103390,2026-05-17,North,Gurugram,Ultrabook Air 14,Electronics,1,30091,30091,CUST-68235,App
UK-2026-104489,2026-06-08,Central,Indore,Denim Jacket,Fashion,1,2269,2269,CUST-51200,Marketplace
UK-2026-104798,2026-06-23,West,Surat,Slim Fit Jeans,Fashion,4,1651,6604,CUST-30081,Website
UK-2026-103807,2026-05-19,Central,Indore,Gym Gloves,Sports,2,481,962,CUST-91753,Website
UK-2026-101218,2026-02-23,South,Hyderabad,  Cotton Bedsheet Set,Home & Kitchen,3,1348,4044,CUST-47211,App
UK-2026-102053,2026-03-30,North,New Delhi,Bluetooth Speaker Mini,Electronics,1,1524,1524,CUST-48753,App
UK-2026-104018,2026-05-09,East,Kolkata,Cotton Kurta Set,Fashion,1,1328,1328,CUST-34976,Marketplace
UK-2026-102088,2026-03-08,North,Gurugram,Denim Jacket,Fashion,1,2188,2188,CUST-11290,Marketplace
UK-2026-100613,2026-01-11,South,Chennai,Mirrorless Camera Lite,Electronics,1,28603,28603,CUST-56209,Marketplace
UK-2026-102797,2026-04-09,East,Bhubaneswar,Power Bank 20000mAh,Electronics,1,1719,1719,CUST-15900,Website
UK-2026-102296,2026-04-17,West,Mumbai,Noise-Cancelling Headphones,Electronics,1,9399,9399,CUST-23183,Marketplace
UK-2026-103426,2026-05-20,Central,Bhopal,Running Sneakers,Fashion,1,2664,2664,CUST-18751,Website
UK-2026-104629,2026-06-05,West,Mumbai,  Face Wash Combo,Beauty,1,440,440,CUST-11200,App
UK-2026-102628,2026-04-05,Central,Raipur,Dinner Set 24pc,Home & Kitchen,,2506,7518,CUST-44220,App
UK-2026-103504,2026-05-11,South,Hyderabad,Mirrorless Camera Lite,Electronics,2,30182,60364,CUST-87214,Marketplace
UK-2026-100172,2026-01-28,West,Pune,Electric Kettle 1.5L,Home & Kitchen,1,1060,1060,CUST-30783,Website
UK-2026-101861,2026-03-18,North,Gurugram,Wireless Earbuds Pro,Electronics,1,3109,3109,CUST-42805,Marketplace
UK-2026-102553,2026-04-19,South,Kochi,43-inch Smart TV,Electronics,2,26426,52852,CUST-92088,Marketplace
UK-2026-102789,2026-04-18,North,Gurugram,Denim Jacket,Fashion,1,2176,2176,CUST-84370,App
UK-2026-103941,2026-05-09,West,Surat,Bluetooth Speaker Mini,Electronics,1,1494,1494,CUST-37729,App
UK-2026-101590,2026-03-31,North,Gurgaon,Running Sneakers,Fashion,1,2877,2877,CUST-59848,Website
UK-2026-100291,2026-01-22,West,Mumbai,Cycling Helmet,Sports,2,1644,3288,CUST-94562,Marketplace
UK-2026-100888,2026-02-01,North,Gurugram,Badminton Racket Set,Sports,2,2620,5240,CUST-69957,Website
UK-2026-101509,2026-03-05,North,Delhi,Cricket Bat English Willow,Sports,1,8952,8952,CUST-88738,App
UK-2026-101894,2026-03-03,East,Guwahati,Modern Wall Clock,Home & Kitchen,4,797,3188,CUST-34736,App
UK-2026-100992,2026-02-01,Central,Bhopal,Eau de Parfum 100ml,Beauty,1,2081,2081,CUST-27858,Website
UK-2026-104325,2026-06-27,South,Bengaluru,Power Bank 20000mAh,Electronics,1,1850,1850,CUST-69359,App
UK-2026-100708,2026-01-11,West,Surat,Gym Gloves,Sports,1,521,521,CUST-70358,App
UK-2026-104885,2026-06-29,East,Kolkata,Noise-Cancelling Headphones,Electronics,1,8561,8561,CUST-81848,Website
UK-2026-100717,2026-01-16,East,Bhubaneswar,Cycling Helmet,Sports,1,1580,1580,CUST-80123,App
UK-2026-101551,2026-03-17,West,Mumbai,Modern Wall Clock,Home & Kitchen,1,787,787,CUST-57129,App
UK-2026-103023,2026-04-06,West,Mumbai,Eau de Parfum 100ml,Beauty,1,1940,1940,CUST-73757,Website
UK-2026-103703,2026-05-31,East,Kolkata,Dinner Set 24pc,Home & Kitchen,1,2548,2548,CUST-58174,Website
UK-2026-101077,2026-02-27,South,Hyderabad,Ultrabook Air 14,Electronics,1,31280,31280,CUST-13561,App
UK-2026-104645,2026-06-20,North,Gurugram,Ultrabook Air 14,Electronics,1,30731,30731,CUST-22791,App
UK-2026-103998,2026-05-31,East,Patna,Noise-Cancelling Headphones,Electronics,2,9367,18734,CUST-90418,Website
UK-2026-103862,2026-05-10,Central,Nagpur,Cotton Bedsheet Set,Home & Kitchen,2,1456,2912,CUST-71878,Website
UK-2026-100151,2026-01-29,North,Noida,Ethnic Dupatta,Fashion,1,489,489,CUST-72092,Website
UK-2026-100555,2026-01-22,East,Patna,Foldable Treadmill T2,Sports,1,24355,24355,CUST-61066,Website
UK-2026-100323,2026-01-25,Central,Indore,Electric Kettle 1.5L,Home & Kitchen,2,1059,2118,CUST-77218,Website
UK-2026-103381,2026-05-14,South,Hyderabad,Bluetooth Speaker Mini,Electronics,1,1444,1444,CUST-62752,Website
UK-2026-103265,2026-05-31,North,Delhi,Wireless Earbuds Pro,Electronics,1,3075,3075,CUST-80403,Website
UK-2026-100192,2026-01-22,West,Ahmedabad,Ionic Hair Dryer,Beauty,1,1942,1942,CUST-51014,Website
UK-2026-104866,2026-06-09,East,Guwahati,Cricket Bat English Willow,Sports,1,9442,9442,CUST-27368,Website
UK-2026-100461,23-01-26,North,Delhi,Non-Stick Cookware Set,Home & Kitchen,2,2964,5928,CUST-64307,App
UK-2026-104475,2026-06-24,East,Bhubaneswar,Smart Watch X2,Electronics,2,4593,9186,CUST-57430,Marketplace
UK-2026-100714,2026-01-08,South,Chennai,Robot Vacuum R7,Home & Kitchen,1,19210,19210,CUST-37764,App
UK-2026-100475,2026-01-20,North,Noida,Smart Watch X2,Electronics,1,4491,,CUST-99634,Website
UK-2026-103348,2026-05-03,South,Hyderabad,Running Sneakers,Fashion,1,2718,2718,CUST-97271,App
UK-2026-104551,2026-06-28,Central,Raipur,Formal Shirt,Fashion,1,1088,1088,CUST-26947,Marketplace
UK-2026-104966,2026-06-20,West,Mumbai,43-inch Smart TV,Electronics,1,26094,26094,CUST-26438,Website
UK-2026-100108,2026-01-05,East,Calcutta,Power Bank 20000mAh,Electronics,1,1780,1780,CUST-17071,App
UK-2026-104064,2026-06-05,West,Surat,Denim Jacket,Fashion,2,2219,4438,CUST-17592,App
UK-2026-103724,27-05-26,South,Kochi,Mixer Grinder 750W,Home & Kitchen,4,3216,12864,CUST-91439,Marketplace
UK-2026-101048,2026-02-19,West,Mumbai,Robot Vacuum R7,Home & Kitchen,1,19476,19476,CUST-59106,App
UK-2026-102858,2026-04-19,South,Bengaluru,Adjustable Dumbbells 15kg,Sports,1,5128,5128,CUST-64105,App
UK-2026-101684,2026-03-06,North,Chandigarh,Noise-Cancelling Headphones,Electronics,1,9278,9278,CUST-85480,App
UK-2026-104397,19/06/2026,South,Kochi,Cotton Bedsheet Set,Home & Kitchen,1,1468,1468,CUST-47211,Website
UK-2026-102876,2026-04-04,East,Kolkata,Yoga Mat Pro,Sports,1,1201,1201,CUST-82415,Marketplace
UK-2026-102330,2026-04-18,East,Kolkata,Non-Stick Cookware Set,Home & Kitchen,1,2871,2871,CUST-44870,App
UK-2026-101282,2026-02-02,North,Noida,Vitamin C Serum,Beauty,1,720,720,CUST-33706,App
UK-2026-102293,2026-04-05,West,Pune,43-inch Smart TV,Electronics,1,27240,27240,CUST-12283,App
UK-2026-100201,2026-01-07,West,Ahmedabad,Wireless Earbuds Pro,Electronics,2,3051,6102,CUST-81800,Marketplace
UK-2026-101834,2026-03-16,Central,Bhopal,Mixer Grinder 750W,Home & Kitchen,1,3243,3243,CUST-68823,App
UK-2026-104077,2026-06-19,North,Noida,Denim Jacket,Fashion,2,2175,4350,CUST-79681,Website
UK-2026-102579,2026-04-08,Central,Bhopal,Adjustable Dumbbells 15kg,Sports,2,4981,9962,CUST-77024,App
UK-2026-104044,2026-06-03,South,Cochin,Denim Jacket,Fashion,2,2257,4514,CUST-42544,App
UK-2026-101930,2026-03-28,West,Ahmedabad,Bluetooth Speaker Mini,Electronics,2,1572,3144,CUST-41011,Website
UK-2026-103336,22/05/2026,West,Ahmedabad,Running Sneakers,Fashion,4,2766,11064,CUST-66995,Website
UK-2026-100906,2026-02-28,South,Kochi,Non-Stick Cookware Set,Home & Kitchen,2,2904,5808,CUST-65041,Website
UK-2026-101183,2026-02-28,North,Gurugram,Ultrabook Air 14,Electronics,1,30161,30161,CUST-77019,App
UK-2026-100429,2026-01-25,South,Bengaluru,Slim Fit Jeans,Fashion,2,1525,3050,CUST-81409,Website
UK-2026-100966,2026-02-11,East,Bhubaneswar,Mirrorless Camera Lite,Electronics,1,30146,30146,CUST-78743,App
UK-2026-103330,2026-05-26,North,Delhi,Silk Saree,Fashion,1,3337,3337,CUST-31939,App
UK-2026-104851,2026-06-19,Central,Raipur,Ethnic Dupatta,Fashion,1,501,501,CUST-93503,App
UK-2026-103827,2026-05-13,South,Bengaluru,Running Sneakers,Fashion,1,2724,2724,CUST-55235,App
UK-2026-103851,2026-05-29,East,Kolkata,Beard Grooming Kit,Beauty,1,965,965,CUST-37955,Website
UK-2026-100375,2026-01-28,West,Surat,Gym Gloves,Sports,1,508,508,CUST-13561,Website
UK-2026-100290,2026-01-26,South,Hyderabad,Power Bank 20000mAh,Electronics,1,1788,1788,CUST-29672,App
UK-2026-102709,03-04-26,North,Noida,Silk Saree,Fashion,2,3534,7068,CUST-81596,App
UK-2026-102206,2026-03-28,Central,Raipur,Leather Wallet,Fashion,2,879,1758,CUST-49598,App
UK-2026-102178,2026-03-24,West,Surat,Cotton Bedsheet Set,Home & Kitchen,2,1403,2806,CUST-78743,Website
UK-2026-103020,2026-04-11,West,Surat,Non-Stick Cookware Set,Home & Kitchen,2,2995,5990,CUST-35906,Website
UK-2026-102703,2026-04-11,East,Patna,Leather Wallet,Fashion,4,874,"₹3,496",CUST-22840,App
UK-2026-102686,12/04/2026,North,Gurugram,Ethnic Dupatta,Fashion,1,487,487,CUST-68902,App
UK-2026-100897,2026-02-14,South,Bengaluru,Denim Jacket,Fashion,2,2213,4426,CUST-74145,App
UK-2026-102651,2026-04-14,West,Surat,Gym Gloves,Sports,2,523,1046,CUST-23260,App
UK-2026-101582,2026-03-20,North,Noida,Air Fryer 5L,Home & Kitchen,1,5732,5732,CUST-84926,Website
UK-2026-100905,2026-02-08,South,Hyderabad,Sunscreen SPF50,Beauty,2,540,1080,CUST-29091,Website
UK-2026-102418,2026-04-19,South,Hyderabad,Bluetooth Speaker Mini,Electronics,4,1572,6288,CUST-89207,App
UK-2026-100144,2026-01-25,West,Pune,Beard Grooming Kit,Beauty,1,1001,1001,CUST-66668,App
UK-2026-102402,2026-04-07,West,Surat,Wireless Earbuds Pro,Electronics,1,3064,3064,CUST-47274,App
UK-2026-100113,2026-01-23,West,Ahmedabad,Ultrabook Air 14,Electronics,1,28959,28959,CUST-17142,App
UK-2026-101832,2026-03-31,North,Delhi,Gym Gloves,Sports,1,505,505,CUST-59532,Website
UK-2026-104617,26/06/2026,East,Kolkata,Mirrorless Camera Lite,Electronics,1,29727,29727,CUST-20187,App
UK-2026-102816,2026-04-07,South,Hyderabad,Running Sneakers,Fashion,1,2698,2698,CUST-99365,Marketplace
UK-2026-103412,2026-05-08,East,Bhubaneswar,Makeup Brush Set,Beauty,1,1331,1331,CUST-75086,Website
UK-2026-103732,2026-05-28,North,New Delhi,Bluetooth Speaker Mini,Electronics,3,1552,4656,CUST-88001,App
UK-2026-103940,2026-05-12,Central,Indore,Mirrorless Camera Lite,Electronics,1,28698,28698,CUST-89016,Website
UK-2026-104078,2026-06-26,West,Pune,Badminton Racket Set,Sports,1,2611,2611,CUST-61021,App
UK-2026-101244,2026-02-26,North,Noida,Eau de Parfum 100ml,Beauty,3,1985,5955,CUST-86308,Website
UK-2026-101595,25-03-26,South,Kochi,Power Bank 20000mAh,Electronics,1,1804,1804,CUST-18885,App
UK-2026-101761,2026-03-30,West,Pune,Ionic Hair Dryer,Beauty,1,1821,1821,CUST-40122,Website
UK-2026-104709,2026-06-21,East,Patna,Running Sneakers,Fashion,1,2869,2869,CUST-26335,App
UK-2026-101141,2026-02-04,South,Kochi,43-inch Smart TV,Electronics,2,25294,50588,CUST-43192,App
UK-2026-102012,2026-03-23,Central,Indore,Mirrorless Camera Lite,Electronics,2,30343,60686,CUST-34932,App
UK-2026-100018,2026-01-07,East,Patna,Slim Fit Jeans,Fashion,1,1533,1533,CUST-22669,App
UK-2026-104940,2026-06-24,West,Mumbai,Face Wash Combo,Beauty,2,466,932,CUST-39297,Website
UK-2026-101007,2026-02-03,Central,Indore,43-inch Smart TV,Electronics,3,26057,,CUST-91735,App
UK-2026-103211,2026-05-15,East,Bhubaneswar,Modern Wall Clock,Home & Kitchen,2,769,1538,CUST-27646,App
UK-2026-101586,2026-03-05,North,Chandigarh,Cotton Bedsheet Set,Home & Kitchen,2,1396,2792,CUST-48066,App
UK-2026-102937,2026-04-10,North,Delhi,Mixer Grinder 750W,Home & Kitchen,1,3166,3166,CUST-11290,Website
UK-2026-101014,2026-02-01,North,Chandigarh,Vitamin C Serum,Beauty,1,685,685,CUST-53451,App
UK-2026-101965,2026-03-16,South,Hyderabad,Silk Saree,Fashion,1,3489,3489,CUST-54209,Website
UK-2026-100114,2026-01-04,East,Bhubaneswar,Badminton Racket Set,Sports,3,2572,7716,CUST-59444,App
UK-2026-104501,2026-06-09,North,Delhi,Non-Stick Cookware Set,Home & Kitchen,1,3003,3003,CUST-20279,Marketplace
UK-2026-100107,2026-01-01,West,Pune,Mixer Grinder 750W,Home & Kitchen,1,3260,3260,CUST-96793,App
UK-2026-101265,2026-02-27,West,Ahmedabad,Non-Stick Cookware Set,Home & Kitchen,2,2906,5812 INR,CUST-21873,App
UK-2026-100072,2026-01-31,Central,Indore,Ethnic Dupatta,Fashion,1,496,496.00,CUST-92115,Website
UK-2026-103604,2026-05-31,South,Hyderabad,Ultrabook Air 14,Electronics,1,31364,31364,CUST-44258,App
UK-2026-104771,2026-06-27,North,Gurugram,Ethnic Dupatta,Fashion,1,480,480,CUST-41690,Website
UK-2026-102251,2026-04-05,East,Kolkata,Ethnic Dupatta,Fashion,1,519,519,CUST-56303,App
UK-2026-102194,2026-03-14,South,Kochi,Non-Stick Cookware Set,Home & Kitchen,2,2849,5698,CUST-36703,Website
UK-2026-103937,2026-05-09,North,Delhi,Cotton Bedsheet Set,Home & Kitchen,-1,1330,1330,CUST-31779,App
UK-2026-100390,2026-01-17,North,Noida,Modern Wall Clock,Home & Kitchen,3,779,2337,CUST-34238,App
UK-2026-104306,2026-06-22,South,Kochi,Cycling Helmet,Sports,1,1571,1571,CUST-62752,Marketplace
UK-2026-100569,2026-01-09,North,Chandigarh,43-inch Smart TV,Electronics,2,24874,49748,CUST-33806,Website
UK-2026-101669,2026-03-20,West,Ahmedabad,Robot Vacuum R7,Home & Kitchen,2,19784,39568,CUST-28497,App
UK-2026-101027,2026-02-08,South,Chennai,Running Sneakers,Fashion,1,2804,2804,CUST-55756,App
UK-2026-102938,2026-04-18,South,Bengaluru,Formal Shirt,Fashion,2,1094,2188,CUST-44836,App
UK-2026-103694,2026-05-09,West,Pune,Sunscreen SPF50,Beauty,2,543,1086,CUST-20562,Marketplace
UK-2026-104452,2026-06-09,South,Bengaluru,Cotton Kurta Set,Fashion,2,1293,2586,CUST-61967,Marketplace
UK-2026-100150,2026-01-27,North,Gurugram,Mirrorless Camera Lite   ,Electronics,2,30019,60038,CUST-93503,App
UK-2026-102343,2026-04-27,West,Mumbai,Dinner Set 24pc,Home & Kitchen,1,2479,2479,CUST-88830,Marketplace
UK-2026-102205,2026-03-23,East,Guwahati,Cotton Kurta Set,Fashion,1,1239,1239,CUST-84561,App
UK-2026-100813,2026-02-26,South,Bengaluru,Dinner Set 24pc,Home & Kitchen,1,2589,2589,CUST-49317,Marketplace
UK-2026-104750,2026-06-16,South,Chennai,Cycling Helmet,Sports,1,1549,1549,CUST-43977,App
UK-2026-100693,2026-01-26,East,Kolkata,Modern Wall Clock,Home & Kitchen,1,801,801,CUST-44929,App
UK-2026-103975,2026-05-11,East,Guwahati,Cotton Bedsheet Set,Home & Kitchen,1,1436,1436,CUST-96368,App
UK-2026-104217,2026-06-01,North,Delhi,Foldable Treadmill T2,Sports,1,25531,25531,CUST-76342,Website
UK-2026-100188,2026-01-13,Central,Nagpur,Cotton Kurta Set,Fashion,1,1249,1249,CUST-51705,App
UK-2026-104377,2026-06-16,West,Pune,Beard Grooming Kit,Beauty,1,1023,1023,CUST-64648,Website
UK-2026-104024,2026-06-20,East,Guwahati,Ionic Hair Dryer,Beauty,4,1908,"7,632.00",CUST-78240,Marketplace
UK-2026-104248,2026-06-03,East,Kolkata,Mirrorless Camera Lite,Electronics,1,28659,28659,CUST-77873,Website
UK-2026-104557,2026-06-29,,Ahmedabad,Power Bank 20000mAh,Electronics,1,1780,1780,CUST-12726,App
UK-2026-101041,2026-02-24,North,Gurugram,Air Fryer 5L,Home & Kitchen,1,5400,5400,CUST-28477,Website
UK-2026-103873,13/05/2026,West,Ahmedabad,Mirrorless Camera Lite,Electronics,3,30192,90576,CUST-41954,Marketplace
UK-2026-102388,2026-04-07,Central,Bhopal,Mirrorless Camera Lite,Electronics,1,30351,30351,CUST-81646,Website
UK-2026-104572,2026-06-01,South,Bangalore,Ultrabook Air 14,Electronics,1,29524,29524,CUST-26308,App
UK-2026-101507,2026-03-26,Central,Nagpur,Cotton Bedsheet Set,Home & Kitchen,2,1388,2776,CUST-27562,App
UK-2026-103918,2026-05-01,Central,Raipur,Formal Shirt,Fashion,1,1133,1133,CUST-40335,App
UK-2026-102610,2026-04-27,Central,Raipur,Formal Shirt,Fashion,1,1085,1085,CUST-31777,Website
UK-2026-103362,2026-05-14,West,Bombay,Robot Vacuum R7,Home & Kitchen,1,18561,18561,CUST-71543,Website
UK-2026-104594,2026-06-23,North,Noida,Noise-Cancelling Headphones,Electronics,1,8989,8989,CUST-18847,Marketplace
UK-2026-101394,2026-02-07,North,Chandigarh,Non-Stick Cookware Set,Home & Kitchen,1,2990,2990,CUST-33806,App
UK-2026-101722,2026-03-19,South,Hyderabad,43-inch Smart TV,Electronics,1,25876,25876,CUST-11924,Website
UK-2026-100773,2026-02-23,North,Chandigarh,Power Bank 20000mAh,Electronics,2,1804,3608,CUST-11427,App
UK-2026-103985,"May 10, 2026",South,Bengaluru,Mixer Grinder 750W,Home & Kitchen,1,3348,3348,CUST-31549,App
UK-2026-102312,2026-04-19,East,Patna,Denim Jacket,Fashion,2,2154,4308,CUST-70753,App
UK-2026-100678,2026-01-27,North,Noida,Wireless Earbuds Pro,Electronics,1,3019,3019,CUST-15302,Website
UK-2026-100767,2026-02-18,East,Kolkata,Air Fryer 5L,Home & Kitchen,2,5663,11326,CUST-20616,Marketplace
UK-2026-100466,2026-01-21,,Nagpur,Leather Wallet,Fashion,1,917,917,CUST-36332,Marketplace
UK-2026-103748,2026-05-31,West,Ahmedabad,43-inch Smart TV,Electronics,1,26820,26820,CUST-41014,Marketplace
UK-2026-103297,2026-05-03,East,Kolkata,Mixer Grinder 750W,Home & Kitchen,1,3325,3325,CUST-22288,App
UK-2026-101042,2026-02-01,South,Chennai,Mixer Grinder 750W,Home & Kitchen,1,3238,3238,CUST-93556,App
UK-2026-101751,2026-03-26,North,Chandigarh,Noise-Cancelling Headphones,Electronics,2,9279,18558,CUST-13176,Website
UK-2026-104640,2026-06-26,Central,Bhopal,Matte Lipstick Set,Beauty,1,883,883,CUST-51907,App
UK-2026-100066,2026-01-09,East,Kolkata,Non-Stick Cookware Set,Home & Kitchen,1,2846,2846,CUST-29384,Website
UK-2026-100506,2026-01-14,West,Pune,Matte Lipstick Set,Beauty,2,906,1812,CUST-48216,App
UK-2026-101290,2026-02-19,South,Kochi,Dinner Set 24pc,Home & Kitchen,1,2434,2434,CUST-88898,Website
UK-2026-102265,2026-04-20,South,Hyderabad,Mirrorless Camera Lite,Electronics,1,28764,28764,CUST-71841,Website
UK-2026-102459,2026-04-15,East,Guwahati,Foldable Treadmill T2,Sports,1,24395,24395,CUST-71841,App
UK-2026-100008,2026-01-10,East,Calcutta,Cycling Helmet,Sports,1,1598,1598,CUST-52794,Website
UK-2026-103153,2026-05-12,North,Noida,Power Bank 20000mAh,Electronics,2,1867,3734,CUST-12701,Marketplace
UK-2026-102795,2026-04-20,West,Ahmedabad,Leather Wallet,Fashion,1,885,885,CUST-68120,Website
UK-2026-100159,2026-01-25,South,Bengaluru,Football Size 5,Sports,3,941,2823,CUST-38331,App
UK-2026-104995,2026-06-05,West,Ahmedabad,Denim Jacket,Fashion,1,2277,2277,CUST-47635,Website
UK-2026-101524,2026-03-23,South,Hyderabad,43-inch Smart TV,Electronics,1,27241,27241,CUST-13493,Marketplace
UK-2026-102880,2026-04-04,South,Bengaluru,Denim Jacket,Fashion,4,2176,8704,CUST-28857,Website
UK-2026-103517,2026-05-01,North,Delhi,Football Size 5,Sports,4,897,3588,CUST-27768,App
UK-2026-102528,2026-04-22,West,Mumbai,Power Bank 20000mAh,Electronics,1,1843,1843,CUST-37764,App
UK-2026-103334,2026-05-23,South,Bengaluru,Ultrabook Air 14,Electronics,1,29384,29384,CUST-46546,App
UK-2026-104775,2026-06-04,North,Delhi,Wireless Earbuds Pro,Electronics,1,2902,2902,CUST-89518,Website
UK-2026-100401,2026-01-12,East,Guwahati,43-inch Smart TV,Electronics,2,26091,52182,CUST-14193,App
UK-2026-102546,2026-04-24,North,Delhi,Formal Shirt,Fashion,1,1104,1104,CUST-10661,App
UK-2026-101757,2026-03-10,North,Gurugram,Electric Kettle 1.5L,Home & Kitchen,1,1103,1103,CUST-73541,Marketplace
UK-2026-103151,2026-05-25,East,Patna,Badminton Racket Set,Sports,1,2617,2617,CUST-94171,App
UK-2026-104213,2026-06-14,West,Surat,Noise-Cancelling Headphones,Electronics,1,8743,8743,CUST-54090,Website
UK-2026-100286,2026-01-01,West,Surat,Cotton Bedsheet Set,Home & Kitchen,1,1382,1382,CUST-14086,Website
UK-2026-102519,2026-04-21,North,Delhi,Power Bank 20000mAh,Electronics,-1,1764,1764,CUST-64705,Website
UK-2026-102590,"Apr 8, 2026",North,Gurugram,Power Bank 20000mAh,Electronics,1,1877,1877,CUST-15012,App
UK-2026-104226,2026-06-30,North,Chandigarh,Sunscreen SPF50,Beauty,3,533,1599,CUST-44497,Website
UK-2026-103614,2026-05-28,South,Chennai,Sunscreen SPF50,Beauty,2,537,1074,CUST-54393,Website
UK-2026-101217,2026-02-17,West,Pune,Bluetooth Speaker Mini,Electronics,2,1451,2902,CUST-51907,Website
UK-2026-102522,2026-04-12,South,Bangalore,Power Bank 20000mAh,Electronics,1,1773,1773,CUST-12038,App
UK-2026-104660,2026-06-05,West,Mumbai,Football Size 5,Sports,2,929,1858,CUST-24421,Marketplace
UK-2026-101320,2026-02-24,North,Gurugram,Silk Saree,Fashion,1,3410,3410,CUST-76571,App
UK-2026-101477,2026-03-12,West,Surat,Robot Vacuum R7,Home & Kitchen,1,18603,18603,CUST-50117,App
UK-2026-103144,2026-05-25,East,Guwahati,Ultrabook Air 14,Electronics,2,31087,62174,CUST-76583,App
UK-2026-104457,2026-06-26,South,Chennai,Smart Watch X2,Electronics,2,4538,9076,CUST-44962,Website
UK-2026-102914,2026-04-22,North,Chandigarh,Ethnic Dupatta,Fashion,1,474,474.00,CUST-15950,App
UK-2026-101050,2026-02-15,North,Delhi,Ethnic Dupatta,Fashion,2,488,976,CUST-67451,App
UK-2026-100778,2026-02-09,East,Guwahati,Noise-Cancelling Headphones,Electronics,1,8581,8581,CUST-99361,Website
UK-2026-103324,2026-05-29,South,Bengaluru,Ionic Hair Dryer,Beauty,2,1913,3826,CUST-25283,App
UK-2026-103183,2026-05-05,South,Hyderabad,Makeup Brush Set,Beauty,1,1329,1329,CUST-41537,App
UK-2026-103662,2026-05-19,North,Delhi,Cycling Helmet,Sports,4,1558,6232,CUST-10161,Website
UK-2026-103615,2026-05-11,South,Chennai,Non-Stick Cookware Set,Home & Kitchen,1,3016,3016,CUST-37706,App
UK-2026-104941,2026-06-08,West,Ahmedabad,Leather Wallet,Fashion,2,938,1876,CUST-98402,App
UK-2026-101824,2026-03-19,South,Bengaluru,43-inch Smart TV,Electronics,1,26001,26001,CUST-98124,Marketplace
UK-2026-101251,2026-02-08,West,Surat,Eau de Parfum 100ml,Beauty,1,1972,1972,CUST-79378,App
UK-2026-104803,2026-06-12,South,Hyderabad,Smart Watch X2,Electronics,1,4297,4297,CUST-24208,Marketplace
UK-2026-101291,2026-02-25,South,Hyderabad,43-inch Smart TV,Electronics,1,24774,24774,CUST-95032,Marketplace
UK-2026-104634,2026-06-26,East,Patna,Yoga Mat Pro,Sports,2,1151,2302,CUST-74145,App
UK-2026-103533,2026-05-26,South,Hyderabad,Bluetooth Speaker Mini,Electronics,,1502,1502,CUST-36332,Website
UK-2026-103679,2026-05-05,West,Mumbai,Formal Shirt,Fashion,1,1050,1050,CUST-13624,App
UK-2026-104412,2026-06-01,West,Surat,Cotton Bedsheet Set,Home & Kitchen,,1461,1461,CUST-76836,Marketplace
UK-2026-104206,2026-06-21,South,Hyderabad,Leather Wallet,Fashion,1,906,906,CUST-74984,App
UK-2026-103994,2026-05-23,West,Surat,Beard Grooming Kit,Beauty,1,984,984,CUST-86124,App
UK-2026-100480,2026-01-03,Central,Nagpur,Bluetooth Speaker Mini,Electronics,1,1554,,CUST-59551,Marketplace
UK-2026-102605,2026-04-20,North,Noida,noise-cancelling headphones,Electronics,1,8938,8938,CUST-45034,App
UK-2026-100635,2026-01-14,Central,Indore,Eau de Parfum 100ml,Beauty,1,2019,2019,CUST-78544,App
UK-2026-102004,2026-03-23,West,Mumbai,Ethnic Dupatta,Fashion,2,519,1038,CUST-94739,Website
UK-2026-101829,2026-03-22,South,Bengaluru,Wireless Earbuds Pro,Electronics,1,3004,3004,CUST-58557,Marketplace
UK-2026-103008,2026-04-08,North,Chandigarh,Power Bank 20000mAh,Electronics,2,1796,3592,CUST-32934,App
UK-2026-104595,2026-06-27,North,Chandigarh,Ionic Hair Dryer,Beauty,1,1994,1994,CUST-99757,Marketplace
UK-2026-103305,2026-05-22,South,Chennai,Bluetooth Speaker Mini,Electronics,1,1440,1440,CUST-97271,Website
UK-2026-100444,2026-01-28,North,Gurugram,Eau de Parfum 100ml,Beauty,1,2019,2019,CUST-93445,App
UK-2026-104340,2026-06-26,South,Chennai,Badminton Racket Set,Sports,3,2609,7827,CUST-80415,Marketplace
UK-2026-103231,2026-05-22,West,Ahmedabad,Modern Wall Clock,Home & Kitchen,1,813,813,CUST-20413,Marketplace
UK-2026-104932,2026-06-10,South,Kochi,Makeup Brush Set,Beauty,4,1277,5108,CUST-36703,App
UK-2026-100679,2026-01-26,South,Hyderabad,Adjustable Dumbbells 15kg,Sports,1,4804,4804,CUST-82141,App
UK-2026-100579,2026-01-04,East,Bhubaneswar,Sunscreen SPF50,Beauty,1,556,556,CUST-78893,App
UK-2026-104011,2026-05-29,North,Gurugram,Sunscreen SPF50,Beauty,1,533,533,CUST-46395,App
UK-2026-100755,2026-02-25,West,Mumbai,Face Wash Combo,Beauty,1,431,431,CUST-77142,App
UK-2026-100732,2026-02-02,East,Guwahati,Bluetooth Speaker Mini,Electronics,1,1564,"1,564.00",CUST-62211,Marketplace
UK-2026-101448,2026-02-24,West,Pune,Gym Gloves,Sports,1,499,499,CUST-64573,App
UK-2026-104154,2026-06-13,West,Mumbai,Mirrorless Camera Lite,Electronics,2,29239,58478,CUST-94562,Marketplace
UK-2026-101758,2026-03-21,West,Bombay,Leather Wallet,Fashion,1,854,854,CUST-75706,App
UK-2026-103318,2026-05-14,South,Kochi,Electric Kettle 1.5L,Home & Kitchen,1,1074,1074,CUST-52993,App
UK-2026-101267,2026-02-08,East,Kolkata,Ionic Hair Dryer,Beauty,2,1868,3736,CUST-90090,App
UK-2026-104512,2026-06-11,South,Chennai,Sunscreen SPF50,Beauty,2,529,1058,CUST-42154,Website
UK-2026-104686,2026-06-27,South,Kochi,Ethnic Dupatta,Fashion,4,485,1940,CUST-10856,App
UK-2026-104615,2026-06-03,West,Pune,Gym Gloves,Sports,3,516,1548,CUST-53360,Website
UK-2026-100702,2026-01-27,South,Bengaluru,Noise-Cancelling Headphones,Electronics,1,9152,9152,CUST-95464,Marketplace
UK-2026-101231,2026-02-24,Central,Bhopal,Vitamin C Serum,Beauty,1,731,731,CUST-43137,App
UK-2026-104849,2026-06-16,West,Mumbai,Noise-Cancelling Headphones,Electronics,1,8881,8881,CUST-72442,Marketplace
UK-2026-101694,2026-03-27,South,Kochi,Yoga Mat Pro,Sports,1,1244,1244,CUST-98124,App
UK-2026-103221,11-05-26,North,Noida,Bluetooth Speaker Mini,Electronics,1,1496,1496,CUST-73705,App
UK-2026-100841,2026-02-19,North,Delhi,Slim Fit Jeans,Fashion,1,1628,1628,CUST-19943,Marketplace
UK-2026-100231,2026-01-04,South,Hyderabad,Denim Jacket,Fashion,1,2193,2193,CUST-14086,Website
UK-2026-103829,2026-05-26,South,Kochi,Leather Wallet,Fashion,1,879,879,CUST-27611,App
UK-2026-101371,2026-02-14,West,Pune,Matte Lipstick Set,Beauty,,860,860,CUST-65209,Website
UK-2026-103846,2026-05-13,Central,Raipur,Cotton Kurta Set,Fashion,1,1285,1285,CUST-42768,App
UK-2026-104031,2026-06-09,South,Bengaluru,Robot Vacuum R7,Home & Kitchen,1,18711,18711,CUST-73886,App
UK-2026-103576,2026-05-17,South,Kochi,Matte Lipstick Set,Beauty,1,914,914,CUST-42772,App
UK-2026-100089,2026-01-03,North,Chandigarh,Ultrabook Air 14,Electronics,1,30215,30215,CUST-89123,App
UK-2026-101338,2026-02-28,North,Chandigarh,Adjustable Dumbbells 15kg,Sports,1,4970,4970,CUST-90067,App
UK-2026-104379,2026-06-18,East,Guwahati,Denim Jacket,Fashion,1,2279,2279,CUST-22360,App
UK-2026-104755,2026-06-09,South,Bengaluru,Cotton Kurta Set,Fashion,2,1303,"2,606.00",CUST-97410,App
UK-2026-100586,2026-01-17,South,Hyderabad,Football Size 5,Sports,1,892,892,CUST-49620,Marketplace
UK-2026-103346,2026-05-05,Central,Bhopal,Matte Lipstick Set,Beauty,4,875,3500,CUST-50886,App
UK-2026-103828,2026-05-02,East,Bhubaneswar,Running Sneakers,Fashion,3,2754,,CUST-79762,Website
UK-2026-104341,2026-06-29,South,Bengaluru,43-inch Smart TV,Electronics,1,25895,25895,CUST-10523,Website
UK-2026-104700,2026-06-15,South,Bengaluru,Denim Jacket,Fashion,1,2151,2151,CUST-94105,Website
UK-2026-102317,2026-04-22,West,Mumbai,Eau de Parfum 100ml,Beauty,2,1999,3998,CUST-26163,App
UK-2026-103392,2026-05-01,South,Kochi,Silk Saree,Fashion,1,3590,3590,CUST-52115,Marketplace
UK-2026-102414,2026-04-06,South,Kochi,Mirrorless Camera Lite,Electronics,1,30093,30093,CUST-97141,Website
UK-2026-104609,2026-06-21,South,Kochi,Modern Wall Clock,Home & Kitchen,3,836,2508,CUST-66099,App
UK-2026-101315,2026-02-19,South,Bengaluru,Face Wash Combo,Beauty,1,467,467,CUST-15143,App
UK-2026-102801,2026-04-26,South,Kochi,Mixer Grinder 750W,Home & Kitchen,1,3333,3333,CUST-78251,App
UK-2026-103214,2026-05-25,West,Surat,Cotton Kurta Set,Fashion,1,1255,1255,CUST-27561,Website
UK-2026-104399,2026-06-21,North,Delhi,43-inch Smart TV,Electronics,2,25193,50386,CUST-90932,App
UK-2026-100206,2026-01-09,North,Chandigarh,Modern Wall Clock,Home & Kitchen,2,765,1530,CUST-57654,Marketplace
UK-2026-104303,2026-06-02,North,Chandigarh,Mirrorless Camera Lite,Electronics,2,30244,60488,CUST-71470,Marketplace
UK-2026-101668,2026-03-11,West,Mumbai,Eau de Parfum 100ml,Beauty,1,1951,1951,CUST-24865,Marketplace
UK-2026-100609,2026-01-10,East,Bhubaneswar,Makeup Brush Set,Beauty,1,1305,1305,CUST-57664,App
UK-2026-102166,2026-03-23,East,Kolkata,Slim Fit Jeans,Fashion,1,1554,1554,CUST-79780,App
UK-2026-101884,2026-03-13,West,Ahmedabad,43-inch Smart TV,Electronics,1,25947,25947,CUST-34433,Website
UK-2026-101253,2026-02-13,North,Delhi,Smart Watch X2,Electronics,1,4605,4605,CUST-28313,Marketplace
UK-2026-103397,2026-05-07,South,Kochi,Beard Grooming Kit,Beauty,3,1001,3003,CUST-75922,App
UK-2026-103251,2026-05-20,Central,Indore,Makeup Brush Set,Beauty,1,1334,1334,CUST-80649,App
UK-2026-104987,2026-06-02,East,Guwahati,Sunscreen SPF50,Beauty,1,551,₹551,CUST-66670,Website
UK-2026-102775,2026-04-02,West,Ahmedabad,Mirrorless Camera Lite,Electronics,1,27945,"27,945.00",CUST-25283,App
UK-2026-100346,2026-01-16,South,Bengaluru,Yoga Mat Pro,Sports,2,1169,2338,CUST-20201,App
UK-2026-104189,2026-06-26,East,Bhubaneswar,Bluetooth Speaker Mini,Electronics,1,1511,1511,CUST-47833,App
UK-2026-102912,2026-04-09,South,Bengaluru,Yoga Mat Pro,Sports,1,1206,1206,CUST-99877,Website
UK-2026-100381,2026-01-26,North,Delhi,Ultrabook Air 14,Electronics,1,29093,29093,CUST-42122,Marketplace
UK-2026-102295,2026-04-02,North,Gurugram,Mirrorless Camera Lite,Electronics,1,28887,28887,CUST-40665,Website
UK-2026-102630,2026-04-13,North,Delhi,Cycling Helmet,Sports,2,1610,3220,CUST-97846,Website
UK-2026-104014,2026-05-26,South,Chennai,Ultrabook Air 14,Electronics,1,28971,28971,CUST-99747,App
UK-2026-104575,2026-06-11,West,Mumbai,Yoga Mat Pro,Sports,1,1212,1212,CUST-15053,Marketplace
UK-2026-100764,2026-02-14,West,Mumbai,Power Bank 20000mAh,Electronics,1,1756,1756,CUST-97058,Marketplace
UK-2026-100333,2026-01-11,Central,Nagpur,Cotton Bedsheet Set,Home & Kitchen,1,1342,1342,CUST-53645,App
UK-2026-104652,2026-06-20,South,Hyderabad,Leather Wallet,Fashion,2,879,1758,CUST-14517,App
UK-2026-102352,2026-04-30,East,Guwahati,Ultrabook Air 14,Electronics,1,30543,30543,CUST-88897,App
UK-2026-104493,27-06-26,Central,Indore,Power Bank 20000mAh,Electronics,2,1757,3514,CUST-23812,Marketplace
UK-2026-101259,2026-02-27,West,Pune,Cricket Bat English Willow,Sports,1,9142,9142,CUST-76990,App
UK-2026-104349,2026-06-25,North,Gurugram,Ultrabook Air 14,Electronics,1,30269,30269,CUST-23861,Marketplace
UK-2026-100490,2026-01-30,South,Bengaluru,Smart Watch X2,Electronics,1,4624,4624,CUST-68120,App
UK-2026-104356,2026-06-28,East,Guwahati,Ultrabook Air 14,Electronics,2,29516,59032,CUST-76330,App
UK-2026-100141,2026-01-07,West,Ahmedabad,Matte Lipstick Set,Beauty,1,861,861,CUST-12089,App
UK-2026-101258,2026-02-22,East,Kolkata,Dinner Set 24pc,Home & Kitchen,1,2413,2413,CUST-99855,Website
UK-2026-103595,2026-05-08,West,Mumbai,Yoga Mat Pro,Sports,2,1170,2340,CUST-25279,App
UK-2026-101208,2026-02-19,West,Bombay,Mirrorless Camera Lite,Electronics,1,29283,29283,CUST-34021,App
UK-2026-101625,2026-03-13,East,Patna,Cycling Helmet,Sports,,1589,1589,CUST-10095,App
UK-2026-100384,2026-01-01,East,Patna,Formal Shirt,Fashion,3,1055,3165 INR,CUST-27640,App
UK-2026-100449,2026-01-18,West,Ahmedabad,Silk Saree,Fashion,1,3423,3423,CUST-25423,App
UK-2026-100638,2026-01-11,North,Delhi,Denim Jacket,Fashion,1,2266,2266,CUST-10734,Website
UK-2026-104855,2026-06-30,Central,Indore,Yoga Mat Pro,Sports,1,1178,1178,CUST-84353,App
UK-2026-100795,2026-02-02,South,Cochin,Mixer Grinder 750W,Home & Kitchen,3,3307,9921,CUST-63937,Marketplace
UK-2026-102086,2026-03-28,West,Pune,Foldable Treadmill T2,Sports,1,24166,24166,CUST-24860,Marketplace
UK-2026-104549,2026-06-17,West,Mumbai,Cotton Kurta Set,Fashion,1,1343,1343,CUST-65791,App
UK-2026-103078,2026-04-12,North,Chandigarh,Yoga Mat Pro,Sports,1,1236,1236,CUST-99095,Website
UK-2026-101999,2026-03-05,South,Chennai,Wireless Earbuds Pro,Electronics,1,3105,3105,CUST-25742,App
UK-2026-104828,2026-06-06,East,Kolkata,Mixer Grinder 750W,Home & Kitchen,2,3323,6646,CUST-47136,App
UK-2026-100050,2026-01-13,West,Mumbai,Formal Shirt,Fashion,1,1093,1093,CUST-50332,Marketplace
UK-2026-103197,2026-05-09,East,Bhubaneswar,Beard Grooming Kit,Beauty,2,987,1974,CUST-97999,App
UK-2026-100647,2026-01-17,North,Delhi,Mirrorless Camera Lite,Electronics,1,28324,28324,CUST-32496,App
UK-2026-102788,2026-04-05,Central,Raipur,Bluetooth Speaker Mini,Electronics,1,1501,1501,CUST-48078,Website
UK-2026-103502,2026-05-20,South,Chennai,Badminton Racket Set,Sports,1,2385,2385,CUST-66294,App
UK-2026-102497,2026-04-08,North,Chandigarh,Face Wash Combo,Beauty,2,444,888,CUST-40819,App
UK-2026-104234,2026-06-18,South,Bengaluru,Power Bank 20000mAh,Electronics,1,1741,1741,CUST-91461,App
UK-2026-103220,2026-05-19,East,Kolkata,Silk Saree,Fashion,1,3468,3468,CUST-71653,Website
UK-2026-100981,2026-02-25,South,Hyderabad,Ethnic Dupatta,Fashion,1,488,488,CUST-46285,App
UK-2026-104352,2026-06-16,West,Mumbai,Football Size 5,Sports,1,923,923,CUST-20757,App
UK-2026-104976,2026-06-10,South,Bengaluru,Wireless Earbuds Pro,Electronics,1,3045,3045,CUST-43137,App
UK-2026-104856,2026-06-23,North,Delhi,Running Sneakers,Fashion,2,2800,5600,CUST-88369,Website
UK-2026-102311,2026-04-23,West,Surat,Dinner Set 24pc,Home & Kitchen,1,2609,2609,CUST-54109,App
UK-2026-102413,2026-04-22,Central,Nagpur,Cotton Bedsheet Set,Home & Kitchen,2,1448,2896,CUST-57164,App
UK-2026-100594,2026-01-19,Central,Raipur,Face Wash Combo,Beauty,2,458,916,CUST-84168,App
UK-2026-104221,2026-06-21,Central,Indore,Sunscreen SPF50,Beauty,1,546,546,CUST-73689,Website
UK-2026-104138,2026-06-25,Central,Indore,Ethnic Dupatta,Fashion,1,487,487,CUST-37743,App
UK-2026-100205,2026-01-31,North,Noida,Non-Stick Cookware Set,Home & Kitchen,1,2940,2940,CUST-73991,App
UK-2026-103829,2026-05-26,South,Kochi,Leather Wallet,Fashion,1,879,879,CUST-27611,App
UK-2026-102483,2026-04-19,,Patna,Running Sneakers,Fashion,1,2927,2927,CUST-72513,App
UK-2026-101383,2026-02-06,East,Bhubaneswar,Eau de Parfum 100ml,Beauty,1,2036,2036,CUST-72879,App
UK-2026-100437,2026-01-25,South,Chennai,Formal Shirt,Fashion,1,1080,1080,CUST-26305,Website
UK-2026-104804,2026-06-04,West,Pune,Ultrabook Air 14,Electronics,1,30240,30240,CUST-22948,Website
UK-2026-100355,2026-01-10,South,Bengaluru,Slim Fit Jeans,Fashion,2,1525,3050,CUST-79167,Website
UK-2026-100214,2026-01-06,South,Bengaluru,Ultrabook Air 14,Electronics,2,29912,59824,CUST-56133,Marketplace
UK-2026-100398,31-01-26,East,Guwahati,Denim Jacket,Fashion,2,2147,4294,CUST-63675,Website
UK-2026-101225,26/02/2026,West,Surat,Smart Watch X2,Electronics,1,4593,4593,CUST-68919,Website
UK-2026-104017,2026-05-17,West,Ahmedabad,Mirrorless Camera Lite,Electronics,1,30360,30360,CUST-16855,Marketplace
UK-2026-100952,2026-02-08,North,Chandigarh,Power Bank 20000mAh,Electronics,3,1770,5310,CUST-51443,Marketplace
UK-2026-104125,2026-06-01,North,GGN,Robot Vacuum R7,Home & Kitchen,1,18585,18585,CUST-39987,App
UK-2026-102829,2026-04-08,Central,Indore,Mixer Grinder 750W,Home & Kitchen,1,3288,3288,CUST-58522,App
UK-2026-104565,2026-06-18,South,Kochi,Power Bank 20000mAh,Electronics,3,1797,5391,CUST-97058,App
UK-2026-103371,2026-05-09,North,Gurugram,Power Bank 20000mAh,Electronics,1,1760,1760,CUST-19943,Website
UK-2026-104495,2026-06-05,West,Ahmedabad,Formal Shirt,Fashion,1,1118,1118,CUST-49781,Website
UK-2026-101222,2026-02-24,West,Pune,Electric Kettle 1.5L,Home & Kitchen,4,1055,4220,CUST-56764,Website
UK-2026-103840,2026-05-11,North,Chandigarh,Gym Gloves,Sports,1,516,516,CUST-49847,Website
UK-2026-100533,2026-01-03,East,Guwahati,Foldable Treadmill T2,Sports,1,24201,24201,CUST-67977,App
UK-2026-101673,2026-03-15,East,Bhubaneswar,Mixer Grinder 750W,Home & Kitchen,2,3271,6542,CUST-99733,Website
UK-2026-101309,2026-02-25,South,Madras,Face Wash Combo,Beauty,1,441,441,CUST-85350,App
UK-2026-104802,2026-06-15,Central,Bhopal,Noise-Cancelling Headphones,Electronics,1,8600,8600,CUST-13840,Website
UK-2026-100142,2026-01-29,Central,Indore,Dinner Set 24pc,Home & Kitchen,1,2612,2612,CUST-58174,Website
UK-2026-100410,2026-01-27,Central,Nagpur,Cricket Bat English Willow,Sports,1,9178,9178,CUST-77008,App
UK-2026-104826,2026-06-02,South,Hyderabad,43-inch Smart TV,Electronics,2,25977,51954,CUST-62854,Marketplace
UK-2026-103530,2026-05-30,North,Noida,Robot Vacuum R7,Home & Kitchen,2,19037,38074,CUST-79773,Marketplace
UK-2026-101534,2026-03-15,Central,Nagpur,Gym Gloves,Sports,1,518,518,CUST-41325,Marketplace
UK-2026-101004,2026-02-05,North,Gurugram,Beard Grooming Kit,Beauty,2,971,1942,CUST-35559,Website
UK-2026-102037,2026-03-27,South,Kochi,Robot Vacuum R7,Home & Kitchen,2,19921,39842,CUST-53304,Marketplace
UK-2026-102268,2026-04-09,North,Delhi,Leather Wallet,Fashion,2,866,1732,CUST-82612,Website
UK-2026-101882,2026-03-26,North,Chandigarh,Electric Kettle 1.5L,Home & Kitchen,4,1101,4404,CUST-72901,Website
UK-2026-103380,2026-05-30,West,Ahmedabad,Slim Fit Jeans,Fashion,1,1596,1596,CUST-67922,App
UK-2026-101877,2026-03-29,Central,Indore,Modern Wall Clock,Home & Kitchen,2,768,1536,CUST-30208,Website
UK-2026-100517,2026-01-28,North,Chandigarh,Cycling Helmet,Sports,3,1648,4944,CUST-14813,App
UK-2026-100915,2026-02-22,Central,Nagpur,Cotton Bedsheet Set,Home & Kitchen,1,1409,1409,CUST-35559,App
UK-2026-103423,2026-05-09,West,Pune,Smart Watch X2,Electronics,4,4532,18128,CUST-92289,Marketplace
UK-2026-100534,2026-01-12,North,Chandigarh,Electric Kettle 1.5L,Home & Kitchen,1,1123,1123,CUST-20394,Website
UK-2026-102126,2026-03-05,West,Pune   ,Slim Fit Jeans,Fashion,1,1639,1639,CUST-33321,App
UK-2026-101428,2026-02-03,South,Bengaluru,Ethnic Dupatta,Fashion,1,498,498,CUST-40652,App
UK-2026-101156,2026-02-07,North,Noida,Wireless Earbuds Pro,Electronics,1,2989,2989,CUST-23060,App
UK-2026-103729,2026-05-03,South,Kochi,Silk Saree,Fashion,1,3412,3412,CUST-26257,Website
UK-2026-102685,2026-04-11,North,Delhi,Power Bank 20000mAh,Electronics,1,1762,1762,CUST-74998,App
UK-2026-103673,2026-05-06,East,Kolkata,Dinner Set 24pc,Home & Kitchen,1,2622,2622,CUST-62990,Marketplace
UK-2026-104410,2026-06-23,East,Guwahati,Smart Watch X2,Electronics,1,4408,4408,CUST-30121,App
UK-2026-102875,2026-04-04,North,Gurugram,Noise-Cancelling Headphones,Electronics,1,9217,9217,CUST-45832,App
UK-2026-100699,2026-01-15,West,Pune   ,Non-Stick Cookware Set,Home & Kitchen,4,2905,11620,CUST-51922,Website
UK-2026-102360,2026-04-07,East,Kolkata,Slim Fit Jeans,Fashion,2,1595,3190,CUST-72931,Website
UK-2026-100855,2026-02-10,West,Mumbai,Non-Stick Cookware Set,Home & Kitchen,2,2854,5708,CUST-35243,App
UK-2026-100082,2026-01-10,West,Ahmedabad,Makeup Brush Set,Beauty,1,1269,1269,CUST-87728,App
UK-2026-100528,2026-01-03,South,Kochi,Formal Shirt,Fashion,1,1045,1045,CUST-27646,Website
UK-2026-100078,2026-01-25,North,Noida,Makeup Brush Set,Beauty,1,1317,1317,CUST-12487,Website
UK-2026-102634,2026-04-09,West,Mumbai,Silk Saree,Fashion,1,3595,3595,CUST-46992,Website
UK-2026-104481,2026-06-01,East,Patna,Dinner Set 24pc,Home & Kitchen,2,2393,4786,CUST-63141,Website
UK-2026-104946,2026-06-28,South,Madras,Cotton Kurta Set,Fashion,1,1353,1353,CUST-36686,App
UK-2026-103556,2026-05-17,West,Pune,Denim Jacket,Fashion,1,2169,2169,CUST-66294,Website
UK-2026-104275,2026-06-29,Central,Raipur,Yoga Mat Pro,Sports,1,1149,1149,CUST-49529,Website
UK-2026-104235,2026-06-30,North,Gurugram,Smart Watch X2,Electronics,1,4548,4548,CUST-54109,Marketplace
UK-2026-102935,2026-04-17,Central,Bhopal,Sunscreen SPF50,Beauty,1,547,547,CUST-94925,Marketplace
UK-2026-102977,2026-04-01,North,Delhi,Gym Gloves,Sports,2,484,968,CUST-92088,App
UK-2026-100850,2026-02-13,East,Kolkata,Eau de Parfum 100ml,Beauty,2,2006,4012,CUST-73008,Website
UK-2026-100926,2026-02-25,North,Noida,Cricket Bat English Willow,Sports,,9112,9112,CUST-28951,App
UK-2026-104485,2026-06-16,South,Chennai,Non-Stick Cookware Set,Home & Kitchen,1,2940,2940,CUST-39517,Website
UK-2026-100038,2026-01-28,North,Delhi,Robot Vacuum R7,Home & Kitchen,1,19811,19811,CUST-94105,App
UK-2026-104479,2026-06-16,West,Mumbai,Makeup Brush Set,Beauty,2,1338,2676,CUST-56069,App
UK-2026-102128,2026-03-02,East,Patna,Denim Jacket,Fashion,1,2214,2214,CUST-14668,Website
UK-2026-101638,2026-03-11,North,Chandigarh,Running Sneakers,Fashion,1,2811,2811,CUST-42624,App
UK-2026-100792,2026-02-03,West,Mumbai,Mixer Grinder 750W,Home & Kitchen,2,3341,6682,CUST-81848,App
UK-2026-103270,2026-05-08,East,Guwahati,Silk Saree,Fashion,1,3616,3616,CUST-91341,App
UK-2026-104147,2026-06-15,South,Hyderabad,Cricket Bat English Willow,Sports,1,9029,9029,CUST-50771,App
UK-2026-102569,2026-04-29,West,Pune,Sunscreen SPF50,Beauty,2,531,1062,CUST-96283,App
UK-2026-103881,2026-05-29,North,Gurugram,Foldable Treadmill T2,Sports,1,25975,25975,CUST-12897,Website
UK-2026-101567,2026-03-01,Central,Nagpur,Non-Stick Cookware Set,Home & Kitchen,1,2764,2764,CUST-42544,Marketplace
UK-2026-104632,2026-06-05,Central,Indore,Cotton Bedsheet Set,Home & Kitchen,3,1432,4296,CUST-87531,Website
UK-2026-104780,2026-06-25,Central,Bhopal,Running Sneakers,Fashion,1,2897,2897,CUST-56220,Marketplace
UK-2026-103226,2026-05-01,South,Chennai,Leather Wallet,Fashion,1,941,941,CUST-41176,App
UK-2026-103331,2026-05-03,North,Chandigarh,Matte Lipstick Set,Beauty,1,920,920,CUST-99855,Website
UK-2026-100835,2026-02-08,North,Chandigarh,Leather Wallet,Fashion,3,913,2739,CUST-50771,Website
UK-2026-104443,2026-06-16,East,Calcutta,Beard Grooming Kit,Beauty,2,1035,2070,CUST-79986,App
UK-2026-101140,2026-02-14,Central,Indore,Leather Wallet,Fashion,1,894,894,CUST-91461,App
UK-2026-101904,2026-03-11,South,Chennai,43-inch Smart TV,Electronics,2,24991,49982,CUST-80175,App
UK-2026-103487,05-05-26,Central,Bhopal,Silk Saree,Fashion,2,3368,6736,CUST-48102,Marketplace
UK-2026-101030,2026-02-20,North,Chandigarh,Air Fryer 5L,Home & Kitchen,2,5631,11262,CUST-80437,Marketplace
UK-2026-100450,2026-01-07,Central,Indore,Air Fryer 5L,Home & Kitchen,1,5612,5612,CUST-95273,App
UK-2026-101384,2026-02-13,West,Mumbai,Formal Shirt,Fashion,4,1133,4532,CUST-47211,App
UK-2026-101610,2026-03-14,West,Mumbai,Adjustable Dumbbells 15kg,Sports,2,5113,10226,CUST-57044,App
UK-2026-103680,2026-05-04,East,Guwahati,Cotton Kurta Set,Fashion,3,1299,3897,CUST-38799,App
UK-2026-103044,2026-04-18,East,Kolkata,Noise-Cancelling Headphones,Electronics,1,8722,8722,CUST-60246,App
UK-2026-101312,2026-02-27,West,Pune,Electric Kettle 1.5L,Home & Kitchen,3,1107,3321,CUST-72737,App
UK-2026-104772,2026-06-16,North,Chandigarh,43-inch Smart TV,Electronics,2,24723,49446,CUST-11039,App
UK-2026-102026,2026-03-27,South,Chennai,Power Bank 20000mAh,Electronics,1,1745,1745,CUST-34515,Marketplace
UK-2026-101667,2026-03-24,Central,Bhopal,Ionic Hair Dryer,Beauty,1,1873,1873,CUST-46329,App
UK-2026-104284,2026-06-22,North,Chandigarh,Sunscreen SPF50,Beauty,1,573,573,CUST-86308,App
UK-2026-100487,2026-01-22,West,Ahmedabad,Eau de Parfum 100ml,Beauty,3,1910,5730,CUST-39162,App
UK-2026-100737,2026-02-09,South,Bengaluru,Electric Kettle 1.5L,Home & Kitchen,2,1132,2264,CUST-19096,Marketplace
UK-2026-101801,2026-03-28,South,Bengaluru,Noise-Cancelling Headphones,Electronics,3,9314,27942,CUST-36418,App
UK-2026-101484,2026-03-20,East,Bhubaneswar,Leather Wallet,Fashion,1,885,885,CUST-94120,App
UK-2026-104197,2026-06-24,South,Cochin,Mixer Grinder 750W,Home & Kitchen,3,3450,10350,CUST-12690,Marketplace
UK-2026-100237,2026-01-01,East,Guwahati,Modern Wall Clock,Home & Kitchen,1,766,766,CUST-79807,Marketplace
UK-2026-102700,2026-04-02,North,Chandigarh,43-inch Smart TV,Electronics,3,25479,76437,CUST-59726,Marketplace
UK-2026-103536,2026-05-05,West,Ahmedabad,Football Size 5,Sports,1,867,867,CUST-38315,Website
UK-2026-101121,2026-02-06,South,Bengaluru,Football Size 5,Sports,1,923,923,CUST-71998,App
UK-2026-102201,2026-03-11,Central,Bhopal,Power Bank 20000mAh,Electronics,1,1720,1720,CUST-39297,App
UK-2026-101701,2026-03-12,South,Kochi,Cycling Helmet,Sports,1,1600,1600,CUST-86858,Website
UK-2026-104532,2026-06-13,North,Chandigarh,Badminton Racket Set,Sports,4,2413,9652,CUST-28489,App
UK-2026-100949,2026-02-10,South,Hyderabad,Ionic Hair Dryer,Beauty,,1902,1902,CUST-67479,App
UK-2026-104613,2026-06-06,South,Hyderabad,Wireless Earbuds Pro,Electronics,1,2920,2920,CUST-11641,Marketplace
UK-2026-103382,2026-05-29,Central,Indore,  43-inch Smart TV,Electronics,2,26008,52016,CUST-27800,Marketplace
UK-2026-102482,2026-04-28,South,Chennai,Ultrabook Air 14,Electronics,2,29138,58276,CUST-27171,Marketplace
UK-2026-100707,2026-01-11,North,Gurugram,Leather Wallet,Fashion,2,917,1834,CUST-19943,App
UK-2026-103013,2026-04-05,West,Mumbai,Ultrabook Air 14,Electronics,1,29217,29217,CUST-74827,App
UK-2026-104593,2026-06-27,South,Chennai,Cotton Bedsheet Set,Home & Kitchen,1,1432,1432,CUST-19112,App
UK-2026-101800,2026-03-10,South,Chennai,Silk Saree,Fashion,3,3625,10875,CUST-68587,App
UK-2026-102391,2026-04-13,East,Patna,Dinner Set 24pc,Home & Kitchen,2,2619,5238,CUST-89123,Website
UK-2026-103354,2026-05-12,North,Gurugram,Running Sneakers,Fashion,1,2873,2873,CUST-19712,Website
UK-2026-104824,2026-06-24,East,Bhubaneswar,Slim Fit Jeans,Fashion,1,1596,1596,CUST-84774,Website
UK-2026-101736,2026-03-08,South,Chennai,Bluetooth Speaker Mini,Electronics,2,1454,2908,CUST-20187,Marketplace
UK-2026-104910,2026-06-06,Central,Bhopal,Vitamin C Serum,Beauty,1,702,702,CUST-17902,Website
UK-2026-104577,2026-06-18,North,Chandigarh,Vitamin C Serum,Beauty,1,699,699,CUST-72092,App
UK-2026-101108,2026-02-14,North,Noida,Denim Jacket,Fashion,1,2204,2204,CUST-37729,Website
UK-2026-101808,22/03/2026,East,Patna,Foldable Treadmill T2,Sports,1,24332,24332,CUST-27640,App
UK-2026-102934,2026-04-11,South,Chennai,Eau de Parfum 100ml,Beauty,3,2092,6276,CUST-59848,App
UK-2026-104703,2026-06-17,South,Bengaluru,Power Bank 20000mAh,Electronics,1,1869,1869,CUST-24723,Marketplace
UK-2026-102807,2026-04-07,Central,Raipur,Noise-Cancelling Headphones,Electronics,2,8637,17274,CUST-51124,App
UK-2026-102162,2026-03-24,West,Surat,Running Sneakers,Fashion,1,2730,2730,CUST-71231,App
UK-2026-103440,2026-05-23,North,Gurugram,43-inch Smart TV,Electronics,1,25383,25383,CUST-26867,App
UK-2026-102145,2026-03-03,West,Ahmedabad,Silk Saree,Fashion,1,3612,3612,CUST-53241,Marketplace
UK-2026-103337,2026-05-08,North,Chandigarh,Non-Stick Cookware Set,Home & Kitchen,2,2831,5662,CUST-78616,App
UK-2026-104620,2026-06-16,South,Chennai,Mixer Grinder 750W,Home & Kitchen,1,3217,3217,CUST-75906,App
UK-2026-100976,2026-02-21,Central,Indore,Makeup Brush Set,Beauty,1,1291,1291,CUST-98895,Marketplace
UK-2026-104787,2026-06-18,South,Chennai,Running Sneakers,Fashion,1,2814,2814,CUST-27561,Website
UK-2026-100621,2026-01-07,South,Hyderabad,Silk Saree,Fashion,1,3352,3352,CUST-12632,Website
UK-2026-100516,"Jan 20, 2026",South,Hyderabad,Ionic Hair Dryer,Beauty,1,1931,1931,CUST-47274,Website
UK-2026-104706,2026-06-23,West,Ahmedabad,Makeup Brush Set,Beauty,-1,1328,2656,CUST-23472,App
UK-2026-101718,2026-03-24,South,Chennai,Slim Fit Jeans,Fashion,2,1607,3214,CUST-66323,App
UK-2026-104688,2026-06-21,South,Kochi,Wireless Earbuds Pro,Electronics,2,2961,5922,CUST-57336,Marketplace
UK-2026-101631,2026-03-01,West,PUNE,Silk Saree,Fashion,1,3337,3337,CUST-56508,App
UK-2026-102923,2026-04-03,West,Pune,Mirrorless Camera Lite,Electronics,2,29705,59410,CUST-67576,App
UK-2026-101846,2026-03-26,South,Bengaluru,Leather Wallet,Fashion,1,936,936,CUST-39280,Website
UK-2026-102755,2026-04-14,South,Chennai,Robot Vacuum R7,Home & Kitchen,2,19722,39444,CUST-81041,App
UK-2026-104830,2026-06-06,South,Hyderabad,Denim Jacket,Fashion,1,2102,2102,CUST-47274,App
UK-2026-101865,2026-03-14,West,Ahmedabad,Formal Shirt,Fashion,1,1069,1069,CUST-87531,App
UK-2026-101988,24-03-26,South,Chennai,Badminton Racket Set,Sports,2,2455,4910,CUST-68965,Website
UK-2026-101615,2026-03-01,North,Noida,Foldable Treadmill T2,Sports,3,23800,71400,CUST-14734,App
UK-2026-102910,2026-04-19,North,Gurugram,Beard Grooming Kit,Beauty,1,955,955,CUST-45535,Website
UK-2026-101271,2026-02-21,West,Surat,Mirrorless Camera Lite,Electronics,1,30076,"₹30,076",CUST-75906,Marketplace
UK-2026-101952,2026-03-11,East,Kolkata,Mixer Grinder 750W,Home & Kitchen,2,3185,6370,CUST-65593,App
UK-2026-104600,2026-06-16,East,Bhubaneswar,ROBOT VACUUM R7,Home & Kitchen,1,19158,19158,CUST-19607,Marketplace
UK-2026-100630,2026-01-30,North,Gurugram,Mixer Grinder 750W,Home & Kitchen,1,3424,3424,CUST-98799,App
UK-2026-104450,2026-06-11,,Patna,Foldable Treadmill T2,Sports,1,23881,23881,CUST-47837,Marketplace
UK-2026-102192,2026-03-22,South,Kochi,Leather Wallet,Fashion,1,919,919,CUST-10096,App
UK-2026-102764,2026-04-12,North,Gurugram,Mirrorless Camera Lite,Electronics,1,28451,28451,CUST-19159,App
UK-2026-104529,2026-06-27,South,Madras,Mixer Grinder 750W,Home & Kitchen,1,3206,3206,CUST-66672,Marketplace
UK-2026-102426,2026-04-17,Central,Nagpur,Running Sneakers,Fashion,2,2894,5788,CUST-66198,Website
UK-2026-101992,2026-03-27,South,Chennai,Leather Wallet,Fashion,1,923,923,CUST-22378,Website
UK-2026-100166,2026-01-14,Central,Bhopal,Cricket Bat English Willow,Sports,1,8889,8889,CUST-55756,App
UK-2026-104253,2026-06-19,West,Pune,Sunscreen SPF50,Beauty,2,522,1044,CUST-13561,App
UK-2026-104390,2026-06-13,Central,Raipur,Running Sneakers,Fashion,2,2923,5846,CUST-39946,App
UK-2026-104378,2026-06-14,West,Surat,Mixer Grinder 750W,Home & Kitchen,2,3377,6754,CUST-17706,Website
UK-2026-104689,2026-06-19,North,Gurugram,Silk Saree,Fashion,4,3372,13488,CUST-47110,App
UK-2026-103050,2026-04-25,North,Delhi,Non-Stick Cookware Set,Home & Kitchen,2,2926,5852,CUST-93022,App
UK-2026-103105,2026-05-23,North,Delhi,Non-Stick Cookware Set,Home & Kitchen,4,3020,12080,CUST-40139,Website
UK-2026-102254,2026-04-01,North,Chandigarh,Leather Wallet,Fashion,2,898,1796,CUST-44547,App
UK-2026-103573,2026-05-23,South,Chennai,Air Fryer 5L,Home & Kitchen,1,5398,5398,CUST-43047,Website
UK-2026-102393,2026-04-26,West,Ahmedabad,Modern Wall Clock,Home & Kitchen,1,818,818,CUST-25928,Website
UK-2026-100026,2026-01-07,North,Delhi,Denim Jacket,Fashion,1,2210,2210,CUST-58667,Marketplace
UK-2026-100986,2026-02-02,North,Chandigarh,Modern Wall Clock,Home & Kitchen,1,829,829,CUST-49407,Website
UK-2026-103526,2026-05-14,East,Guwahati,Robot Vacuum R7,Home & Kitchen,1,19430,19430,CUST-67784,App
UK-2026-100963,2026-02-26,North,Delhi,Non-Stick Cookware Set,Home & Kitchen,4,2912,11648,CUST-23183,Website
UK-2026-103603,2026-05-05,East,Kolkata,Smart Watch X2,Electronics,1,4685,4685,CUST-47211,Marketplace
UK-2026-104894,2026-06-22,North,Gurugram,Ethnic Dupatta,Fashion,1,483,483,CUST-85341,App
UK-2026-100974,2026-02-17,West,Pune,Smart Watch X2,Electronics,1,4410,4410,CUST-41537,App
UK-2026-102707,2026-04-17,South,Bengaluru,Yoga Mat Pro,Sports,1,1177,1177,CUST-42805,App
UK-2026-101405,2026-02-28,North,Gurugram,Ionic Hair Dryer,Beauty,1,1934,1934,CUST-90645,App
UK-2026-100311,2026-01-21,Central,Nagpur,Mirrorless Camera Lite,Electronics,1,28383,28383,CUST-90254,App
UK-2026-101266,2026-02-04,North,Chandigarh,Modern Wall Clock,Home & Kitchen,1,823,823,CUST-55006,Website
UK-2026-101301,2026-02-15,North,Chandigarh,Smart Watch X2,Electronics,1,4634,4634,CUST-86916,Marketplace
UK-2026-100648,2026-01-20,West,Pune,Adjustable Dumbbells 15kg,Sports,1,4824,4824,CUST-31948,App
UK-2026-104392,2026-06-09,West,Mumbai,Cotton Bedsheet Set,Home & Kitchen,1,1456,1456,CUST-22669,App
UK-2026-104499,2026-06-20,East,Guwahati,Cricket Bat English Willow,Sports,1,8770,8770,CUST-43420,Website
UK-2026-101078,2026-02-10,North,Noida,43-inch Smart TV,Electronics,1,24768,24768,CUST-85480,App
UK-2026-100084,2026-01-06,West,Pune,Power Bank 20000mAh,Electronics,1,1769,1769,CUST-22840,Marketplace
UK-2026-102070,2026-03-13,West,Mumbai,Face Wash Combo,Beauty,1,432,432,CUST-29196,Website
UK-2026-100485,2026-01-30,East,Guwahati,Cotton Bedsheet Set,Home & Kitchen,1,1397,1397,CUST-98124,App
UK-2026-102210,2026-03-17,North,Gurugram,Mixer Grinder 750W,Home & Kitchen,2,3149,6298,CUST-69699,App
UK-2026-103431,2026-05-12,North,Delhi,Running Sneakers,Fashion,1,2837,2837,CUST-92023,Marketplace
UK-2026-100031,2026-01-20,East,Guwahati,Sunscreen SPF50,Beauty,2,549,1098,CUST-20279,App
UK-2026-103458,2026-05-10,West,Mumbai,Smart Watch X2,Electronics,2,4597,9194,CUST-67636,Marketplace
UK-2026-101172,2026-02-08,East,Guwahati,Cricket Bat English Willow,Sports,1,9073,9073,CUST-56792,Marketplace
UK-2026-101719,2026-03-16,East,Kolkata,Matte Lipstick Set,Beauty,2,926,1852,CUST-20309,App
UK-2026-103859,2026-05-30,North,Chandigarh,Bluetooth Speaker Mini,Electronics,3,1472,4416,CUST-21873,Marketplace
UK-2026-104610,2026-06-14,East,Patna,Air Fryer 5L,Home & Kitchen,1,5434,5434,CUST-73747,Marketplace
UK-2026-101703,2026-03-23,Central,Indore,Cotton Kurta Set,Fashion,1,1330,1330,CUST-72931,App
UK-2026-100939,2026-02-20,South,Hyderabad,Noise-Cancelling Headphones,Electronics,2,8750,17500,CUST-25300,App
UK-2026-104255,2026-06-14,West,Mumbai,Modern Wall Clock,Home & Kitchen,1,760,760,CUST-73705,Marketplace
UK-2026-100733,2026-02-27,East,Kolkata,Formal Shirt,Fashion,1,1098,1098,CUST-81409,Website
UK-2026-102113,2026-03-13,North,Gurugram,Adjustable Dumbbells 15kg,Sports,2,4996,9992,CUST-38023,App
UK-2026-102429,2026-04-01,South,Hyderabad,Robot Vacuum R7,Home & Kitchen,1,18285,18285,CUST-62854,Website
UK-2026-104048,2026-06-03,North,Noida,Robot Vacuum R7,Home & Kitchen,1,18749,18749,CUST-79807,Website
UK-2026-102335,2026-04-06,West,Pune,Ethnic Dupatta,Fashion,1,506,506,CUST-59256,Marketplace
UK-2026-103225,2026-05-07,South,Kochi,Yoga Mat Pro,Sports,1,1218,1218,CUST-59186,Marketplace
UK-2026-102005,2026-03-16,East,Bhubaneswar,SLIM FIT JEANS,Fashion,2,1618,3236,CUST-32359,Website
UK-2026-104414,2026-06-03,Central,Nagpur,Sunscreen SPF50,Beauty,1,562,562,CUST-42231,App
UK-2026-101983,2026-03-24,South,Chennai,Sunscreen SPF50,Beauty,2,526,1052,CUST-58702,App
UK-2026-103452,2026-05-28,North,Noida,Ethnic Dupatta,Fashion,1,499,499,CUST-81772,App
UK-2026-102682,2026-04-12,South,Bengaluru,Modern Wall Clock,Home & Kitchen,1,806,806,CUST-80248,Website
UK-2026-100424,2026-01-19,East,Bhubaneswar,Electric Kettle 1.5L,Home & Kitchen,1,1122,1122,CUST-25920,Website
UK-2026-103196,2026-05-01,West,Surat,Smart Watch X2,Electronics,3,4642,13926,CUST-75317,Website
UK-2026-100975,2026-02-26,East,Guwahati,Cotton Bedsheet Set,Home & Kitchen,1,1425,1425,CUST-95032,App
UK-2026-102172,2026-03-29,West,Mumbai,Football Size 5,Sports,1,857,857,CUST-76342,App
UK-2026-104682,2026-06-16,East,Patna,Badminton Racket Set,Sports,2,2506,5012,CUST-87908,Marketplace
UK-2026-101114,2026-02-07,West,Surat,Bluetooth Speaker Mini,Electronics,1,1467,1467,CUST-19607,Website
UK-2026-102101,2026-03-26,South,Chennai,Power Bank 20000mAh,Electronics,1,1782,1782,CUST-22937,Website
UK-2026-103123,2026-05-12,North,Chandigarh,Gym Gloves,Sports,1,482,482,CUST-63820,App
UK-2026-101961,2026-03-03,East,Patna,Beard Grooming Kit,Beauty,1,1013,1013,CUST-65871,Marketplace
UK-2026-101813,2026-03-10,East,Guwahati,Running Sneakers,Fashion,2,2911,5822,CUST-24891,Marketplace
UK-2026-102278,2026-04-03,South,Chennai,43-inch Smart TV,Electronics,2,25875,51750,CUST-61490,App
UK-2026-103275,2026-05-04,South,Hyderabad,Wireless Earbuds Pro,Electronics,2,2983,5966,CUST-47835,Marketplace
UK-2026-103865,"May 17, 2026",West,Ahmedabad,Robot Vacuum R7,Home & Kitchen,1,19694,19694,CUST-55681,App
UK-2026-103010,2026-04-12,South,Kochi,Denim Jacket,Fashion,1,2183,2183,CUST-28013,App
UK-2026-103165,2026-05-15,Central,Raipur,Adjustable Dumbbells 15kg,Sports,2,5180,10360,CUST-46783,Marketplace
UK-2026-100512,2026-01-06,East,Guwahati,Running Sneakers,Fashion,1,2904,2904,CUST-99747,Website
UK-2026-104996,2026-06-17,East,Calcutta,Bluetooth Speaker Mini,Electronics,1,1474,1474,CUST-72778,Website
UK-2026-103723,2026-05-21,South,Hyderabad,Adjustable Dumbbells 15kg,Sports,2,4926,9852,CUST-48753,App
UK-2026-101232,2026-02-19,East,Calcutta,Foldable Treadmill T2,Sports,2,26072,52144,CUST-79348,Website
UK-2026-101482,2026-03-14,South,Hyderabad,Sunscreen SPF50,Beauty,1,528,528,CUST-84257,App
UK-2026-102770,2026-04-20,Central,Bhopal,Bluetooth Speaker Mini,Electronics,,1551,1551,CUST-71493,Website
UK-2026-102661,2026-04-05,West,Mumbai,Noise-Cancelling Headphones,Electronics,1,8941,8941,CUST-29351,Marketplace
UK-2026-102458,2026-04-01,North,Delhi,Ionic Hair Dryer,Beauty,4,1835,7340,CUST-43872,App
UK-2026-100135,2026-01-19,South,Chennai,Yoga Mat Pro,Sports,2,1221,2442,CUST-43732,Website
UK-2026-100332,"Jan 17, 2026",East,Bhubaneswar,43-inch Smart TV,Electronics,1,25393,25393,CUST-25283,Marketplace
UK-2026-104245,2026-06-19,West,Surat,Sunscreen SPF50,Beauty,1,557,557,CUST-51200,App
UK-2026-101483,2026-03-23,South,Kochi,Ethnic Dupatta,Fashion,1,524,524,CUST-74495,Website
UK-2026-100440,2026-01-14,North,Gurugram,Smart Watch X2,Electronics,1,4613,4613,CUST-81262,App
UK-2026-104385,2026-06-11,North,Gurgaon,Foldable Treadmill T2,Sports,1,24431,24431,CUST-43047,Website
UK-2026-100560,2026-01-27,Central,Bhopal,Running Sneakers,Fashion,1,2732,2732,CUST-54714,Website
UK-2026-102362,2026-04-21,North,Chandigarh,Mirrorless Camera Lite,Electronics,1,28982,28982,CUST-59290,App
UK-2026-102771,2026-04-28,West,Surat,Denim Jacket,Fashion,1,2108,2108,CUST-48691,Website
UK-2026-102623,2026-04-02,Central,Bhopal,Ethnic Dupatta,Fashion,1,513,513,CUST-48440,App
UK-2026-100652,2026-01-12,South,Chennai,Wireless Earbuds Pro,Electronics,1,2930,2930,CUST-75922,Website
UK-2026-100990,2026-02-24,South,Kochi,Non-Stick Cookware Set,Home & Kitchen,2,2946,5892,CUST-38694,App
UK-2026-102209,2026-03-18,South,Chennai,Makeup Brush Set,Beauty,3,1313,3939,CUST-85037,Marketplace
UK-2026-100821,2026-02-03,North,Delhi,Cricket Bat English Willow,Sports,1,9133,9133,CUST-41690,Website
UK-2026-101547,2026-03-31,West,Ahmedabad,Gym Gloves,Sports,1,517,517,CUST-29711,App
UK-2026-103778,2026-05-18,South,Hyderabad,Adjustable Dumbbells 15kg,Sports,2,4981,9962,CUST-36849,Website
UK-2026-103437,2026-05-18,East,Bhubaneswar,Leather Wallet,Fashion,1,871,871,CUST-78032,Website
UK-2026-104126,2026-06-27,South,Hyderabad,Smart Watch X2,Electronics,2,4288,8576,CUST-50781,App
UK-2026-102782,2026-04-16,South,Kochi,Leather Wallet,Fashion,1,940,940,CUST-74809,App
UK-2026-102861,2026-04-14,Central,Raipur,Formal Shirt,Fashion,1,1139,1139,CUST-17761,App
UK-2026-104357,2026-06-10,South,Kochi,Football Size 5,Sports,1,926,926,CUST-98990,Marketplace
UK-2026-100402,2026-01-06,Central,Bhopal,Cotton Bedsheet Set,Home & Kitchen,1,1363,1363,CUST-47837,App
UK-2026-101565,2026-03-09,East,Calcutta,Vitamin C Serum,Beauty,1,671,671,CUST-40916,App
UK-2026-101421,2026-02-18,East,Patna,Smart Watch X2,Electronics,1,4479,4479,CUST-47794,App
UK-2026-100912,2026-02-26,North,Gurugram,Electric Kettle 1.5L,Home & Kitchen,1,1130,1130,CUST-28013,Website
UK-2026-101550,2026-03-02,East,Bhubaneswar,Electric Kettle 1.5L,Home & Kitchen,1,1147,1147,CUST-53458,Website
UK-2026-103469,2026-05-22,North,Noida,Robot Vacuum R7,Home & Kitchen,2,18480,,CUST-88738,App
UK-2026-100735,2026-02-21,North,Chandigarh,Foldable Treadmill T2,Sports,2,25607,51214,CUST-22948,Website
UK-2026-101228,2026-02-10,West,Surat,Adjustable Dumbbells 15kg,Sports,2,4769,9538,CUST-46297,Marketplace
UK-2026-102080,2026-03-18,South,Bengaluru,Cotton Bedsheet Set,Home & Kitchen,2,1454,2908,CUST-29829,App
UK-2026-100611,2026-01-31,West,Mumbai,Smart Watch X2,Electronics,1,4610,4610,CUST-39317,App
UK-2026-103278,2026-05-07,South,Hyderabad,43-inch Smart TV,Electronics,1,25097,25097,CUST-24190,Marketplace
UK-2026-103218,2026-05-26,Central,Nagpur,Mirrorless Camera Lite,Electronics,1,29838,29838,CUST-82612,Website
UK-2026-100447,2026-01-18,East,Patna,Vitamin C Serum,Beauty,2,668,1336,CUST-78508,Website
UK-2026-104539,2026-06-19,South,Kochi,Ethnic Dupatta,Fashion,-1,514,514,CUST-40703,Website
UK-2026-103363,2026-05-08,East,Kolkata,Wireless Earbuds Pro,Electronics,1,2913,2913,CUST-27562,App
UK-2026-103034,2026-04-14,West,Mumbai,Dinner Set 24pc,Home & Kitchen,1,2560,2560,CUST-71717,App
UK-2026-103957,2026-05-14,East,Bhubaneswar,Foldable Treadmill T2,Sports,2,25517,51034,CUST-46876,Marketplace
UK-2026-101576,2026-03-02,East,Kolkata,Ultrabook Air 14,Electronics,2,31086,62172,CUST-44762,Website
UK-2026-100208,2026-01-14,Central,Bhopal,Modern Wall Clock,Home & Kitchen,1,818,818,CUST-45832,App
UK-2026-101506,2026-03-07,East,Patna,Bluetooth Speaker Mini,Electronics,2,1492,2984,CUST-57992,Marketplace
UK-2026-101287,2026-02-07,West,Mumbai,Noise-Cancelling Headphones,Electronics,2,8840,17680,CUST-23846,App
UK-2026-102818,2026-04-21,East,Guwahati,43-inch Smart TV,Electronics,1,24733,24733,CUST-59953,App
UK-2026-102725,2026-04-14,South,Chennai,Cycling Helmet,Sports,3,1630,4890,CUST-59186,Marketplace
UK-2026-104105,2026-06-07,North,Delhi,Wireless Earbuds Pro,Electronics,1,3033,3033,CUST-63405,Marketplace
UK-2026-101494,2026-03-18,South,Hyderabad,Badminton Racket Set,Sports,1,2621,2621,CUST-79575,App
UK-2026-101224,2026-02-20,East,Guwahati,Electric Kettle 1.5L,Home & Kitchen,1,1151,1151,CUST-18893,App
UK-2026-103841,2026-05-17,West,Surat,Beard Grooming Kit,Beauty,4,981,3924,CUST-70406,App
UK-2026-102828,2026-04-10,South,Kochi,Matte Lipstick Set,Beauty,1,880,880,CUST-99684,App
UK-2026-102431,2026-04-17,North,Delhi,Electric Kettle 1.5L,Home & Kitchen,1,1150,1150,CUST-51156,Website
UK-2026-100300,2026-01-13,North,Delhi,Face Wash Combo,Beauty,1,451,451,CUST-10661,Website
UK-2026-103188,2026-05-17,East,Bhubaneswar,43-inch Smart TV,Electronics,3,25205,75615,CUST-46624,Website
UK-2026-100603,2026-01-19,,Pune,Running Sneakers,Fashion,1,2679,2679,CUST-84017,App
UK-2026-103497,2026-05-19,North,New Delhi,43-inch Smart TV,Electronics,1,25879,25879,CUST-58174,App
UK-2026-104779,2026-06-05,West,ahmedabad,43-inch Smart TV,Electronics,1,27016,27016,CUST-60761,App
UK-2026-104747,2026-06-22,East,Guwahati,Dinner Set 24pc,Home & Kitchen,3,2493,7479,CUST-11924,Marketplace
UK-2026-104076,2026-06-29,East,Kolkata,Ultrabook Air 14,Electronics,1,30583,30583,CUST-34916,Website
UK-2026-100713,2026-01-03,East,Bhubaneswar,Makeup Brush Set,Beauty,2,1342,2684,CUST-47211,App
UK-2026-100441,2026-01-10,West,Pune,Cricket Bat English Willow,Sports,1,9386,9386,CUST-12242,Website
UK-2026-103300,2026-05-06,East,Guwahati,Adjustable Dumbbells 15kg,Sports,2,4778,9556,CUST-44870,Website
UK-2026-104829,2026-06-21,Central,Indore,Gym Gloves,Sports,4,502,"2,008.00",CUST-76939,Website
UK-2026-101345,2026-02-04,South,Chennai,Denim Jacket,Fashion,1,2250,2250,CUST-18203,Website
UK-2026-101956,2026-03-15,West,Pune,Ultrabook Air 14,Electronics,1,28665,28665,CUST-78893,App
UK-2026-102670,2026-04-04,Central,Bhopal,Non-Stick Cookware Set,Home & Kitchen,1,2934,2934,CUST-21473,App
UK-2026-102050,2026-03-07,North,Gurugram,Cycling Helmet,Sports,1,1601,1601,CUST-40916,Marketplace
UK-2026-100759,2026-02-06,North,Noida,Gym Gloves,Sports,1,514,514,CUST-73757,App
UK-2026-101037,2026-02-11,North,Chandigarh,Formal Shirt,Fashion,1,1104,1104,CUST-71231,Marketplace
UK-2026-104845,2026-06-18,West,Surat,Mirrorless Camera Lite,Electronics,1,28758,28758,CUST-24865,Marketplace
UK-2026-103817,2026-05-28,Central,Nagpur,Sunscreen SPF50,Beauty,2,562,1124,CUST-51858,Website
UK-2026-100728,2026-02-18,Central,Raipur,Running Sneakers,Fashion,2,2830,5660,CUST-12726,App
UK-2026-103330,2026-05-26,North,Delhi,Silk Saree,Fashion,1,3337,3337,CUST-31939,App
UK-2026-104935,2026-06-01,West,Surat,Ethnic Dupatta,Fashion,2,516,1032,CUST-93355,Website
UK-2026-100431,2026-01-28,West,Surat,Wireless Earbuds Pro,Electronics,1,2982,2982,CUST-17825,App
UK-2026-100676,2026-01-14,Central,Raipur,Ethnic Dupatta,Fashion,1,510,510,CUST-34591,App
UK-2026-104010,2026-05-18,North,Gurugram,Modern Wall Clock,Home & Kitchen,1,834,834,CUST-22076,Website
UK-2026-102853,2026-04-22,South,Kochi,Face Wash Combo,Beauty,2,461,922,CUST-38508,App
UK-2026-104174,2026-06-16,North,Gurugram,Cotton Kurta Set,Fashion,2,1268,2536,CUST-24860,Website
UK-2026-103208,2026-05-16,North,Chandigarh,Bluetooth Speaker Mini,Electronics,2,1464,2928,CUST-30254,App
UK-2026-101308,2026-02-03,North,Chandigarh,Mirrorless Camera Lite,Electronics,2,29823,59646,CUST-71115,Marketplace
UK-2026-103266,2026-05-10,South,Kochi,Cotton Kurta Set,Fashion,1,1300,1300,CUST-55338,Website
UK-2026-103892,"May 30, 2026",North,Noida,Cricket Bat English Willow,Sports,2,8952,17904,CUST-62804,Website
UK-2026-103979,2026-05-11,South,Kochi,Badminton Racket Set,Sports,2,2536,5072,CUST-11290,App
UK-2026-102905,2026-04-19,North,Delhi,Noise-Cancelling Headphones,Electronics,1,9326,9326,CUST-47837,Website
UK-2026-102671,2026-04-13,North,Chandigarh,Wireless Earbuds Pro,Electronics,1,2906,2906,CUST-23846,App
UK-2026-100777,2026-02-09,North,Noida,Leather Wallet,Fashion,1,893,893,CUST-16598,App
UK-2026-100632,2026-01-07,North,Noida,Non-Stick Cookware Set,Home & Kitchen,2,2837,5674,CUST-60325,App
UK-2026-102486,2026-04-15,South,Bengaluru,Silk Saree,Fashion,1,3515,3515,CUST-21860,App
UK-2026-104930,2026-06-21,West,Pune,Mirrorless Camera Lite,Electronics,2,28486,56972,CUST-58514,App
UK-2026-101643,2026-03-11,,Noida,Dinner Set 24pc,Home & Kitchen,1,2579,2579,CUST-90434,Marketplace
UK-2026-101769,2026-03-19,South,Kochi,Dinner Set 24pc,Home & Kitchen,1,2426,2426,CUST-48587,Website
UK-2026-101245,2026-02-28,South,Chennai,Non-Stick Cookware Set,Home & Kitchen,1,3033,3033,CUST-89662,Website
UK-2026-101416,2026-02-10,East,Calcutta,Noise-Cancelling Headphones,Electronics,1,8788,8788,CUST-77578,Marketplace
UK-2026-102823,2026-04-19,South,Bengaluru,Silk Saree,Fashion,1,3345,"3,345.00",CUST-79378,App
UK-2026-103822,"May 16, 2026",East,Bhubaneswar,Vitamin C Serum,Beauty,2,688,1376,CUST-46395,App
UK-2026-101367,2026-02-23,West,Pune,Running Sneakers,Fashion,1,2814,2814,CUST-51374,Website
UK-2026-100725,2026-02-21,South,Bengaluru,Formal Shirt,Fashion,1,1049,1049,CUST-97224,App
UK-2026-104872,2026-06-11,West,Pune,Football Size 5,Sports,1,885,885,CUST-83124,Marketplace
UK-2026-102521,2026-04-23,South,Chennai,Gym Gloves,Sports,2,524,1048,CUST-89106,App
UK-2026-100550,2026-01-29,South,Bengaluru,Ethnic Dupatta,Fashion,1,504,504,CUST-39980,Marketplace
UK-2026-104345,04-06-26,East,Bhubaneswar,Beard Grooming Kit,Beauty,1,1047,1047,CUST-37350,App
UK-2026-103353,2026-05-10,South,Bengaluru,Cricket Bat English Willow,Sports,2,8798,17596,CUST-26163,Website
UK-2026-101766,2026-03-28,South,Kochi,Non-Stick Cookware Set,Home & Kitchen,1,2763,2763,CUST-46329,App
UK-2026-104128,2026-06-16,East,Patna,Mirrorless Camera Lite,Electronics,1,29314,29314,CUST-84774,Marketplace
UK-2026-103687,2026-05-29,North,Gurugram,Smart Watch X2,Electronics,1,4323,4323,CUST-90254,Marketplace
UK-2026-101272,2026-02-20,Central,Raipur,Beard Grooming Kit,Beauty,2,995,1990,CUST-50704,App
UK-2026-104736,2026-06-27,South,Kochi,Smart Watch X2,Electronics,2,4503,9006,CUST-21293,Website
UK-2026-104500,2026-06-09,Central,Raipur,Cotton Bedsheet Set,Home & Kitchen,1,1401,1401,CUST-53002,App
UK-2026-104172,2026-06-03,West,Surat,Silk Saree,Fashion,1,3393,3393,CUST-30153,App
UK-2026-104006,2026-05-30,North,Chandigarh,Formal Shirt,Fashion,1,1127,1127,CUST-63358,Website
UK-2026-103071,2026-04-12,West,Surat,Bluetooth Speaker Mini,Electronics,1,1564,1564,CUST-52512,Marketplace
UK-2026-101850,2026-03-09,North,Delhi,Sunscreen SPF50,Beauty,1,555,555,CUST-65795,App
UK-2026-104939,2026-06-14,Central,Raipur,Smart Watch X2,Electronics,2,4511,9022,CUST-83213,App
UK-2026-103485,23/05/2026,East,Guwahati,Foldable Treadmill T2,Sports,1,24187,24187,CUST-51820,Website
UK-2026-102331,"Apr 1, 2026",Central,Bhopal,Ultrabook Air 14,Electronics,1,29256,29256,CUST-77090,App
UK-2026-100701,2026-01-31,West,Ahmedabad,Vitamin C Serum,Beauty,1,713,713,CUST-23908,Website
UK-2026-100335,2026-01-31,South,Chennai,Vitamin C Serum,Beauty,1,684,684,CUST-94441,App
UK-2026-100309,2026-01-17,,Chandigarh,Wireless Earbuds Pro,Electronics,1,2898,2898,CUST-97271,Marketplace
UK-2026-103652,2026-05-31,South,Kochi,Adjustable Dumbbells 15kg,Sports,3,5050,15150,CUST-44350,App
UK-2026-103974,2026-05-22,South,Chennai,Ultrabook Air 14,Electronics,1,29374,29374,CUST-77880,Marketplace
UK-2026-100277,2026-01-29,East,Guwahati,Yoga Mat Pro,Sports,2,1188,2376,CUST-79762,App
UK-2026-101098,2026-02-02,West,Mumbai,Face Wash Combo,Beauty,2,429,858,CUST-29422,App
UK-2026-101538,2026-03-15,West,Pune,Wireless Earbuds Pro,Electronics,1,2913,2913,CUST-83124,App
UK-2026-100343,2026-01-08,Central,Nagpur,Cotton Bedsheet Set,Home & Kitchen,1,1367,1367,CUST-62140,Website
UK-2026-103436,"May 7, 2026",North,Gurugram,Ionic Hair Dryer,Beauty,1,1929,1929,CUST-12973,App
UK-2026-102132,2026-03-14,Central,Nagpur,Cotton Kurta Set,Fashion,1,1274,1274,CUST-28546,Website
UK-2026-102996,2026-04-11,Central,Raipur,Non-Stick Cookware Set,Home & Kitchen,2,2828,5656,CUST-61510,App
UK-2026-102378,2026-04-03,East,Patna,Wireless Earbuds Pro,Electronics,1,3107,3107,CUST-80175,Marketplace
UK-2026-103468,2026-05-17,North,Gurugram,Matte Lipstick Set,Beauty,1,891,891,CUST-24146,Website
UK-2026-102257,2026-04-13,South,Hyderabad,Non-Stick Cookware Set,Home & Kitchen,1,2802,2802,CUST-65795,Website
UK-2026-102924,2026-04-12,South,Kochi,Bluetooth Speaker Mini,Electronics,3,1503,4509,CUST-24331,Website
UK-2026-101125,2026-02-06,South,Kochi,Vitamin C Serum,Beauty,1,733,733,CUST-23454,Website
UK-2026-100537,2026-01-31,West,Pune,Football Size 5,Sports,2,862,1724,CUST-22961,Website
UK-2026-100524,2026-01-14,South,Bengaluru,Adjustable Dumbbells 15kg,Sports,1,5213,5213,CUST-39814,Website
UK-2026-102347,2026-04-08,North,Delhi,Wireless Earbuds Pro,Electronics,4,2963,11852,CUST-17071,Marketplace
UK-2026-103036,2026-04-02,South,Chennai,Wireless Earbuds Pro,Electronics,1,2949,2949,CUST-68589,App
UK-2026-104961,2026-06-19,West,Mumbai,43-inch Smart TV,Electronics,1,25694,25694,CUST-25515,Marketplace
UK-2026-100191,2026-01-28,East,Kolkata,Power Bank 20000mAh,Electronics,1,1792,1792,CUST-35859,Marketplace
UK-2026-102280,2026-04-07,North,Chandigarh,Silk Saree,Fashion,1,3365,,CUST-28477,App
UK-2026-104228,2026-06-28,South,Hyderabad,Electric Kettle 1.5L,Home & Kitchen,2,1149,2298,CUST-54149,Marketplace
UK-2026-102879,2026-04-02,South,Hyderabad,Makeup Brush Set,Beauty,1,1268,1268,CUST-85480,App
UK-2026-103932,2026-05-03,North,Chandigarh,Formal Shirt,Fashion,0,1107,1107,CUST-88277,App
UK-2026-102955,2026-04-19,West,Surat,Noise-Cancelling Headphones,Electronics,3,9276,27828,CUST-97226,Website
UK-2026-101430,2026-02-06,South,Kochi,Wireless Earbuds Pro,Electronics,1,2996,2996,CUST-92837,App
UK-2026-101347,2026-02-14,Central,Indore,Smart Watch X2,Electronics,1,4657,4657,CUST-49317,App
UK-2026-102548,2026-04-29,West,Surat,Ultrabook Air 14,Electronics,2,28532,57064,CUST-45597,App
UK-2026-101194,2026-02-06,West,Surat,Formal Shirt,Fashion,1,1112,1112,CUST-12726,App
UK-2026-102523,2026-04-16,South,Bengaluru,Gym Gloves,Sports,1,481,481,CUST-53129,Website
UK-2026-103776,2026-05-01,Central,Indore,Football Size 5,Sports,1,894,894,CUST-76836,App
UK-2026-103239,2026-05-17,South,Bengaluru,Smart Watch X2,Electronics,1,4610,4610,CUST-17817,App
UK-2026-104934,2026-06-05,South,Hyderabad,Non-Stick Cookware Set,Home & Kitchen,4,2965,11860,CUST-85037,App
UK-2026-100319,2026-01-13,North,Delhi,Sunscreen SPF50,Beauty,1,566,566,CUST-71470,Website
UK-2026-101337,2026-02-10,North,Gurugram,Slim Fit Jeans,Fashion,1,1566,1566,CUST-27336,Website
UK-2026-104252,2026-06-25,South,Kochi,Mixer Grinder 750W,Home & Kitchen,1,3165,3165,CUST-49781,Marketplace
UK-2026-102415,2026-04-24,East,Patna,Formal Shirt,Fashion,2,1128,2256,CUST-20872,Marketplace
UK-2026-104313,2026-06-02,South,Kochi,Smart Watch X2,Electronics,2,4304,8608,CUST-53167,App
UK-2026-102310,2026-04-17,West,Surat,Gym Gloves,Sports,1,518,518,CUST-67977,Website
UK-2026-101772,2026-03-10,South,Hyderabad,Cotton Kurta Set,Fashion,2,1238,2476,CUST-89268,App
UK-2026-101442,2026-02-26,South,Chennai,Eau de Parfum 100ml,Beauty,4,1926,7704,CUST-36192,App
UK-2026-100588,2026-01-25,South,Chennai,Air Fryer 5L,Home & Kitchen,1,5377,5377,CUST-62618,App
UK-2026-100019,2026-01-18,West,Surat,Matte Lipstick Set,Beauty,1,870,870,CUST-30208,App
UK-2026-101765,2026-03-29,North,Noida,Leather Wallet,Fashion,1,895,895,CUST-86841,App
UK-2026-100379,2026-01-26,Central,Nagpur,Cycling Helmet,Sports,1,1622,1622,CUST-69911,Website
UK-2026-101435,2026-02-05,East,Guwahati,Air Fryer 5L,Home & Kitchen,1,5475,5475,CUST-17893,App
UK-2026-102500,2026-04-18,West,Ahmedabad,Leather Wallet,Fashion,2,913,1826,CUST-27891,Website
UK-2026-100894,2026-02-10,East,Patna,Electric Kettle 1.5L,Home & Kitchen,1,1145,1145,CUST-67983,App
UK-2026-104989,2026-06-23,North,Delhi,Vitamin C Serum,Beauty,1,665,665,CUST-35243,Website
UK-2026-101150,2026-02-15,West,Ahmedabad,Silk Saree,Fashion,1,3632,3632,CUST-41014,Website
UK-2026-103062,2026-04-24,West,Mumbai,Noise-Cancelling Headphones,Electronics,2,8876,17752,CUST-69359,App
UK-2026-103180,2026-05-01,South,Kochi,Ultrabook Air 14,Electronics,1,30543,30543,CUST-84784,Marketplace
UK-2026-102011,2026-03-01,South,Hyderabad,Gym Gloves,Sports,1,520,520,CUST-59186,Website
UK-2026-104267,2026-06-02,Central,Indore,Ultrabook Air 14,Electronics,1,29524,29524,CUST-96131,App
UK-2026-103215,2026-05-31,Central,Indore,Wireless Earbuds Pro,Electronics,1,2881,2881,CUST-64333,Marketplace
UK-2026-104964,2026-06-04,South,Chennai,Running Sneakers,Fashion,1,2857,2857,CUST-30208,App
UK-2026-100820,2026-02-21,West,Surat,Mixer Grinder 750W,Home & Kitchen,2,3440,6880,CUST-87038,Website
UK-2026-102480,2026-04-28,South,Chennai,Non-Stick Cookware Set,Home & Kitchen,3,2907,8721,CUST-64765,App
UK-2026-102220,2026-03-19,North,Delhi,Makeup Brush Set,Beauty,2,1311,2622,CUST-63358,App
UK-2026-100360,2026-01-12,Central,Bhopal,Matte Lipstick Set,Beauty,1,865,865,CUST-41861,App
UK-2026-104249,2026-06-30,East,Patna,Noise-Cancelling Headphones,Electronics,1,9174,9174,CUST-65806,Website
UK-2026-101227,2026-02-28,West,Surat,Yoga Mat Pro,Sports,2,1175,2350,CUST-71963,Marketplace
UK-2026-101796,2026-03-26,Central,Raipur,Yoga Mat Pro,Sports,4,1249,4996,CUST-40652,Marketplace
UK-2026-102116,2026-03-26,West,Mumbai,Robot Vacuum R7,Home & Kitchen,1,18396,18396,CUST-89701,App
UK-2026-102351,2026-04-22,West,Ahmedabad,Bluetooth Speaker Mini,Electronics,2,1486,2972,CUST-93844,Marketplace
UK-2026-100831,2026-02-11,North,Noida,Power Bank 20000mAh,Electronics,1,1835,1835,CUST-66871,App
UK-2026-100021,2026-01-08,South,Hyderabad,Cotton Bedsheet Set,Home & Kitchen,1,1376,1376,CUST-52220,Website
UK-2026-101289,2026-02-07,South,Chennai,Leather Wallet,Fashion,1,908,908,CUST-53358,App
UK-2026-102958,2026-04-18,West,Pune,Running Sneakers,Fashion,2,2745,5490,CUST-32355,Website
UK-2026-104039,2026-06-06,Central,Raipur,Mixer Grinder 750W,Home & Kitchen,1,3345,3345,CUST-67503,App
UK-2026-100578,2026-01-12,South,Bengaluru,Wireless Earbuds Pro,Electronics,1,2946,2946,CUST-56448,App
UK-2026-100571,2026-01-20,South,Chennai,Modern Wall Clock,Home & Kitchen,1,804,804,CUST-27455,App
UK-2026-102298,2026-04-15,West,Ahmedabad,Ultrabook Air 14,Electronics,1,30519,30519,CUST-77823,App
UK-2026-100389,2026-01-13,South,Hyderabad,Yoga Mat Pro,Sports,1,1141,1141,CUST-19757,App
UK-2026-102261,2026-04-16,East,Guwahati,Modern Wall Clock,Home & Kitchen,1,816,816,CUST-95482,Website
UK-2026-104555,2026-06-03,East,Patna,Leather Wallet,Fashion,1,880,880,CUST-64105,Marketplace
UK-2026-104409,2026-06-05,North,Delhi,Cricket Bat English Willow,Sports,1,9084,9084,CUST-15771,Website
UK-2026-103885,2026-05-09,East,Patna,Modern Wall Clock,Home & Kitchen,1,764,764,CUST-75848,Website
UK-2026-104108,2026-06-02,North,Delhi,Eau de Parfum 100ml,Beauty,1,2003,2003,CUST-38023,Website
UK-2026-104364,2026-06-02,Central,Nagpur,Noise-Cancelling Headphones,Electronics,2,8972,17944,CUST-90210,Website
UK-2026-100993,2026-02-08,South,Bengaluru,43-inch Smart TV,Electronics,1,26206,26206,CUST-25129,Marketplace
UK-2026-103538,2026-05-13,North,Chandigarh,Robot Vacuum R7,Home & Kitchen,1,19874,19874,CUST-91461,Website
UK-2026-100313,2026-01-06,South,Hyderabad,Sunscreen SPF50,Beauty,1,570,570,CUST-46546,Website
UK-2026-104254,2026-06-10,South,Chennai,Ethnic Dupatta,Fashion,3,518,1554,CUST-62752,Website
UK-2026-104591,2026-06-22,West,Surat,Vitamin C Serum,Beauty,1,706,706,CUST-76330,App
UK-2026-100940,2026-02-18,South,Kochi,Silk Saree,Fashion,1,3333,3333,CUST-90210,App
UK-2026-101101,2026-02-09,North,Gurugram,Smart Watch X2,Electronics,2,4622,9244,CUST-11869,Website
UK-2026-103688,2026-05-30,South,Hyderabad,Mirrorless Camera Lite,Electronics,1,28728,28728,CUST-35305,Marketplace
UK-2026-100523,2026-01-02,North,Chandigarh,Leather Wallet,Fashion,2,887,1774,CUST-17082,Website
UK-2026-104002,2026-05-25,South,Bengaluru,Eau de Parfum 100ml,Beauty,1,1929,1929,CUST-17082,App
UK-2026-101897,2026-03-10,South,Chennai,Cricket Bat English Willow,Sports,2,8690,17380,CUST-83534,App
UK-2026-100670,2026-01-22,South,Hyderabad,Mixer Grinder 750W,Home & Kitchen,4,3262,13048,CUST-83664,App
UK-2026-100115,2026-01-20,West,Ahmedabad,43-inch Smart TV,Electronics,1,27176,27176,CUST-83103,App
UK-2026-102507,2026-04-04,,Patna,Ionic Hair Dryer,Beauty,1,1888,1888,CUST-26163,Website
UK-2026-100589,2026-01-20,East,Bhubaneswar,Robot Vacuum R7,Home & Kitchen,1,18096,18096,CUST-35474,Website
UK-2026-104665,2026-06-07,North,Delhi,Cricket Bat English Willow,Sports,1,8841,8841,CUST-21278,Marketplace
UK-2026-100863,2026-02-05,North,Delhi,Mirrorless Camera Lite,Electronics,1,28353,28353,CUST-59637,Marketplace
UK-2026-100616,2026-01-10,South,Bengaluru,Makeup Brush Set,Beauty,1,1253,1253,CUST-73811,Website
UK-2026-104701,2026-06-03,North,Chandigarh,Silk Saree,Fashion,3,3565,10695,CUST-59507,Website
UK-2026-104669,2026-06-12,North,Noida,Slim Fit Jeans,Fashion,1,1523,1523,CUST-43420,App
UK-2026-104623,2026-06-24,West,Pune,Wireless Earbuds Pro,Electronics,2,2982,5964,CUST-94105,Website
UK-2026-102900,2026-04-02,East,Bhubaneswar,Leather Wallet,Fashion,3,909,2727,CUST-42465,Website
UK-2026-103823,2026-05-31,South,Chennai,Dinner Set 24pc,Home & Kitchen,1,2382,2382,CUST-36108,Website
UK-2026-102559,2026-04-17,West,Surat,43-inch Smart TV,Electronics,1,26264,26264,CUST-64090,Website
UK-2026-104520,2026-06-30,North,Noida,Gym Gloves,Sports,1,510,510,CUST-83213,App
UK-2026-104099,2026-06-08,Central,Bhopal,Ethnic Dupatta,Fashion,2,519,1038,CUST-69699,Website
UK-2026-100199,2026-01-02,West,Surat,Smart Watch X2,Electronics,-1,4291,8582,CUST-77823,Marketplace
UK-2026-100838,2026-02-07,South,Kochi,Dinner Set 24pc,Home & Kitchen,2,2381,4762,CUST-43364,Marketplace
UK-2026-103910,2026-05-11,South,Chennai,CYCLING HELMET,Sports,1,1644,1644,CUST-98941,Website
UK-2026-102618,2026-04-17,Central,Indore,Wireless Earbuds Pro,Electronics,4,2964,11856,CUST-24891,Marketplace
UK-2026-102463,2026-04-02,South,Kochi,Formal Shirt,Fashion,1,1149,"₹1,149",CUST-22728,App
UK-2026-104308,2026-06-03,North,Gurugram,Wireless Earbuds Pro,Electronics,1,3079,3079,CUST-89598,App
UK-2026-101580,2026-03-02,South,Bengaluru,Running Sneakers,Fashion,1,2790,2790,CUST-15226,Website
UK-2026-103082,2026-04-19,West,Ahmedabad,Power Bank 20000mAh,Electronics,1,1845,1845,CUST-78672,Marketplace
UK-2026-102948,2026-04-10,South,Chennai,Mixer Grinder 750W,Home & Kitchen,3,3425,10275,CUST-58280,Website
UK-2026-100840,2026-02-08,East,Guwahati,Dinner Set 24pc,Home & Kitchen,1,2498,2498,CUST-75086,Marketplace
UK-2026-102751,2026-04-28,Central,Indore,Power Bank 20000mAh,Electronics,2,1880,3760,CUST-59011,Website
UK-2026-101976,"Mar 20, 2026",West,Ahmedabad,Leather Wallet,Fashion,1,892,892,CUST-59726,App
UK-2026-103964,2026-05-13,East,Guwahati,Smart Watch X2,Electronics,1,4534,4534,CUST-16120,App
UK-2026-103386,2026-05-07,Central,Bhopal,Badminton Racket Set,Sports,1,2505,2505,CUST-49832,App
UK-2026-101398,2026-02-14,North,Chandigarh,Running Sneakers,Fashion,1,2821,2821,CUST-75086,App
UK-2026-103409,2026-05-16,West,Surat,Bluetooth Speaker Mini,Electronics,1,1498,1498,CUST-72862,Marketplace
UK-2026-100093,2026-01-11,South,Bengaluru,Wireless Earbuds Pro,Electronics,1,3145,3145,CUST-91791,App
UK-2026-103816,2026-05-27,North,Chandigarh,Slim Fit Jeans,Fashion,1,1655,1655,CUST-48587,Marketplace
UK-2026-102915,2026-04-13,West,Pune,Ultrabook Air 14,Electronics,1,29294,29294,CUST-48216,App
UK-2026-101151,2026-02-05,West,Pune,Cycling Helmet,Sports,2,1640,3280,CUST-58667,Marketplace
UK-2026-100943,2026-02-03,West,Surat,Makeup Brush Set,Beauty,1,1317,1317,CUST-16489,App
UK-2026-100562,2026-01-06,North,Noida,Badminton Racket Set,Sports,2,2609,5218,CUST-79711,App
UK-2026-102970,29-04-26,South,Chennai,Football Size 5,Sports,1,916,916,CUST-40122,App
UK-2026-103528,2026-05-14,Central,Indore,Eau de Parfum 100ml,Beauty,2,1992,3984,CUST-80044,Website
UK-2026-104635,2026-06-26,Central,Nagpur,Formal Shirt,Fashion,2,1112,2224,CUST-18255,Marketplace
UK-2026-104903,2026-06-18,South,Madras,Face Wash Combo,Beauty,1,450,450,CUST-93800,App
UK-2026-102040,2026-03-23,East,Patna,Mirrorless Camera Lite,Electronics,1,28160,28160,CUST-44929,Website
UK-2026-104643,2026-06-06,West,Ahmedabad,Cotton Bedsheet Set,Home & Kitchen,1,1412,1412,CUST-59507,Website
UK-2026-101275,2026-02-27,South,Hyderabad,43-inch Smart TV,Electronics,2,24812,49624,CUST-77599,Marketplace
UK-2026-101199,2026-02-13,Central,Indore,Robot Vacuum R7,Home & Kitchen,1,18759,18759,CUST-74998,Marketplace
UK-2026-101548,2026-03-16,West,Surat,Sunscreen SPF50,Beauty,1,550,550,CUST-12161,Website
UK-2026-104915,2026-06-16,South,Kochi,Mixer Grinder 750W,Home & Kitchen,1,3305,3305,CUST-68823,App
UK-2026-100497,2026-01-18,South,Bengaluru,Leather Wallet,Fashion,1,933,933,CUST-84370,Website
UK-2026-100451,2026-01-11,North,Chandigarh,Formal Shirt,Fashion,1,1134,1134,CUST-40122,App
UK-2026-104870,2026-06-17,North,Delhi,Adjustable Dumbbells 15kg,Sports,1,5170,5170,CUST-63937,App
UK-2026-100344,2026-01-21,East,Guwahati,Beard Grooming Kit,Beauty,2,958,1916,CUST-10161,Website
UK-2026-103296,2026-05-25,North,Chandigarh,Bluetooth Speaker Mini,Electronics,3,1518,4554,CUST-52209,Website
UK-2026-100204,2026-01-01,South,Chennai,Denim Jacket,Fashion,1,2281,2281,CUST-71950,App
UK-2026-101849,2026-03-09,East,Bhubaneswar,Wireless Earbuds Pro,Electronics,1,2976,2976,CUST-15226,Marketplace
UK-2026-103826,24-05-26,North,Noida,Football Size 5,Sports,1,872,872,CUST-53358,App
UK-2026-100326,2026-01-14,Central,Raipur,Cotton Bedsheet Set,Home & Kitchen,1,1458,1458,CUST-24208,App
UK-2026-102417,2026-04-04,South,Hyderabad,Smart Watch X2,Electronics,1,4561,4561,CUST-44932,App
UK-2026-100664,2026-01-17,West,Ahmedabad,Adjustable Dumbbells 15kg,Sports,1,4960,4960,CUST-40625,App
UK-2026-100086,2026-01-10,South,Kochi,Adjustable Dumbbells 15kg,Sports,1,5116,5116,CUST-57336,Website
UK-2026-100634,2026-01-12,Central,Bhopal,Silk Saree,Fashion,3,3525,10575,CUST-17761,Marketplace
UK-2026-100653,2026-01-21,West,Surat,Badminton Racket Set,Sports,1,2521,2521,CUST-79961,App
UK-2026-101692,2026-03-13,South,Kochi,Mirrorless Camera Lite,Electronics,1,29483,29483,CUST-19128,App
UK-2026-103359,2026-05-20,East,Guwahati,Slim Fit Jeans,Fashion,1,1600,1600,CUST-65750,Website
UK-2026-100282,2026-01-09,North,Gurugram,Running Sneakers,Fashion,1,2920,2920,CUST-61416,Website
UK-2026-100564,2026-01-14,East,Patna,Dinner Set 24pc,Home & Kitchen,1,2588,2588,CUST-60154,Marketplace
UK-2026-104693,2026-06-10,South,Bengaluru,Football Size 5,Sports,2,882,1764,CUST-99360,Marketplace
UK-2026-101854,2026-03-30,South,Hyderabad,Gym Gloves,Sports,1,485,485,CUST-57907,Website
UK-2026-101372,2026-02-10,West,Pune,Cotton Kurta Set,Fashion,3,1249,3747,CUST-24421,Website
UK-2026-103598,2026-05-15,Central,Nagpur,Modern Wall Clock,Home & Kitchen,1,818,,CUST-66896,App
UK-2026-102892,2026-04-20,North,Chandigarh,Adjustable Dumbbells 15kg,Sports,1,4918,,CUST-56757,Website
UK-2026-103831,2026-05-06,,Hyderabad,Ethnic Dupatta,Fashion,2,476,952,CUST-36332,App
UK-2026-101353,2026-02-28,North,Gurugram,Mirrorless Camera Lite,Electronics,2,29562,59124,CUST-63358,App
UK-2026-102524,2026-04-26,West,Surat,Cricket Bat English Willow,Sports,3,9244,27732,CUST-83213,App
UK-2026-100674,2026-01-16,South,Kochi,Slim Fit Jeans,Fashion,1,1596,1596,CUST-76990,Website
UK-2026-103789,2026-05-16,West,Mumbai,Wireless Earbuds Pro,Electronics,1,3011,3011,CUST-34618,App
UK-2026-103288,2026-05-15,West,Ahmedabad,Slim Fit Jeans,Fashion,1,1667,1667,CUST-43426,App
UK-2026-100748,2026-02-04,South,Kochi,43-inch Smart TV,Electronics,1,25994,25994,CUST-99336,Website
UK-2026-104619,2026-06-19,East,Guwahati,Robot Vacuum R7,Home & Kitchen,2,18496,36992,CUST-67503,Marketplace
UK-2026-100095,2026-01-26,West,Pune,Leather Wallet,Fashion,1,905,905,CUST-25129,App
UK-2026-103201,2026-05-04,South,Chennai,Running Sneakers,Fashion,1,2739,2739,CUST-58244,Website
UK-2026-103271,"May 3, 2026",North,Gurugram,Ultrabook Air 14,Electronics,1,28944,28944,CUST-81260,Website
UK-2026-103310,2026-05-25,South,Chennai,Leather Wallet,Fashion,1,907,907,CUST-38687,Website
UK-2026-104257,06/06/2026,West,Surat,Mixer Grinder 750W,Home & Kitchen,1,3344,3344,CUST-68965,App
UK-2026-101508,2026-03-05,West,Mumbai,Smart Watch X2,Electronics,1,4319,4319,CUST-61817,Website
UK-2026-101733,2026-03-04,North,Chandigarh,Gym Gloves,Sports,1,478,478,CUST-11369,Website
UK-2026-102932,2026-04-27,East,Guwahati,Cricket Bat English Willow,Sports,2,9125,18250,CUST-39409,Website
UK-2026-100195,2026-01-21,North,Chandigarh,Mixer Grinder 750W,Home & Kitchen,1,3422,3422,CUST-25987,App
UK-2026-101304,2026-02-07,West,Surat,Ionic Hair Dryer,Beauty,1,1974,1974,CUST-33321,App
UK-2026-101836,2026-03-16,South,Chennai,Bluetooth Speaker Mini,Electronics,2,1535,3070,CUST-46625,App
UK-2026-100581,2026-01-22,West,Surat,Face Wash Combo,Beauty,3,466,"1,398.00",CUST-71649,Website
UK-2026-102226,2026-03-16,Central,Indore,Formal Shirt,Fashion,2,1102,2204,CUST-31672,Website
UK-2026-100406,2026-01-26,North,Gurugram,Adjustable Dumbbells 15kg,Sports,1,5134,5134,CUST-51623,Website
UK-2026-101910,09-03-26,South,Bengaluru,Matte Lipstick Set,Beauty,1,906,906,CUST-22142,App
UK-2026-101704,2026-03-08,Central,Nagpur,Ultrabook Air 14,Electronics,1,29288,29288,CUST-44220,App
UK-2026-100292,2026-01-22,North,Noida,Cricket Bat English Willow,Sports,2,8991,17982,CUST-35001,Marketplace
UK-2026-100283,2026-01-30,East,Patna,Silk Saree,Fashion,1,3651,3651,CUST-11308,App
UK-2026-101857,2026-03-03,North,Noida,Smart Watch X2,Electronics,1,4440,,CUST-87908,Website
UK-2026-102270,2026-04-24,South,Chennai,Silk Saree,Fashion,1,3634,3634,CUST-75706,Website
UK-2026-100241,2026-01-05,West,Surat,Ultrabook Air 14,Electronics,1,31300,31300,CUST-34205,Marketplace
UK-2026-102862,2026-04-23,North,Gurugram,Running Sneakers,Fashion,2,2840,5680,CUST-79762,App
UK-2026-103424,2026-05-29,West,Pune,Denim Jacket,Fashion,1,2257,2257,CUST-12802,Marketplace
UK-2026-104453,2026-06-02,South,Hyderabad,Air Fryer 5L,Home & Kitchen,1,5493,5493,CUST-19096,Marketplace
UK-2026-104513,2026-06-22,South,Bengaluru,Slim Fit Jeans,Fashion,1,1576,1576,CUST-71998,Website
UK-2026-103802,2026-05-17,Central,Bhopal,Power Bank 20000mAh,Electronics,,1815,1815,CUST-71493,App
UK-2026-101793,2026-03-01,North,Noida,Wireless Earbuds Pro,Electronics,1,3080,3080,CUST-53129,App
UK-2026-103465,2026-05-12,North,Delhi,Bluetooth Speaker Mini,Electronics,4,1508,6032,CUST-59186,App
UK-2026-102796,2026-04-07,North,New Delhi,Wireless Earbuds Pro,Electronics,1,3136,3136,CUST-18353,Marketplace
UK-2026-102930,2026-04-05,West,Surat,Leather Wallet,Fashion,2,868,1736,CUST-45453,Marketplace
UK-2026-102643,2026-04-14,West,Pune,Noise-Cancelling Headphones,Electronics,2,9328,18656,CUST-56303,Marketplace
UK-2026-100307,2026-01-11,South,Hyderabad,Sunscreen SPF50,Beauty,2,550,1100,CUST-23454,App
UK-2026-104375,2026-06-07,East,Kolkata,Silk Saree,Fashion,1,3398,3398,CUST-61510,App
UK-2026-103411,2026-05-08,South,Hyderabad,43-inch Smart TV,Electronics,1,27102,27102,CUST-14582,Marketplace
UK-2026-103070,2026-04-04,South,Hyderabad,Denim Jacket,Fashion,1,2283,2283,CUST-18216,Website
UK-2026-100665,2026-01-10,East,Patna,Ultrabook Air 14,Electronics,1,28996,,CUST-24865,App
UK-2026-103970,2026-05-11,East,Bhubaneswar,Bluetooth Speaker Mini,Electronics,1,1462,1462 INR,CUST-98766,App
UK-2026-104290,2026-06-24,North,Chandigarh,43-inch Smart TV,Electronics,1,25558,25558,CUST-53648,Marketplace
UK-2026-103439,2026-05-21,East,Guwahati,Silk Saree,Fashion,2,3420,6840,CUST-14895,App
UK-2026-104435,2026-06-24,North,Noida,Adjustable Dumbbells 15kg,Sports,1,4763,4763,CUST-29701,App
UK-2026-103824,2026-05-13,West,Ahmedabad,Running Sneakers,Fashion,1,2686,2686,CUST-46783,App
UK-2026-104518,2026-06-12,Central,Indore,Slim Fit Jeans,Fashion,2,1656,,CUST-63141,Marketplace
UK-2026-102679,2026-04-05,East,Patna,Dinner Set 24pc,Home & Kitchen,2,2561,5122,CUST-36965,Website
UK-2026-100811,2026-02-18,North,Gurugram,Power Bank 20000mAh,Electronics,1,1875,1875,CUST-34021,App
UK-2026-104776,2026-06-03,West,Pune,Mirrorless Camera Lite,Electronics,1,29353,29353,CUST-70846,App
UK-2026-102370,2026-04-07,West,Ahmedabad,Formal Shirt,Fashion,1,1097,1097,CUST-53639,Website
UK-2026-102881,2026-04-09,South,Hyderabad,Slim Fit Jeans,Fashion,1,1583,1583,CUST-16120,App
UK-2026-100160,2026-01-08,West,Pune,Yoga Mat Pro,Sports,2,1250,2500,CUST-39667,Website
UK-2026-100494,2026-01-04,South,Kochi,Cotton Bedsheet Set,Home & Kitchen,1,1390,1390,CUST-75667,App
UK-2026-103387,2026-05-29,West,Ahmedabad,Face Wash Combo,Beauty,3,461,1383,CUST-62662,App
UK-2026-104296,2026-06-10,West,Bombay,Wireless Earbuds Pro,Electronics,1,2895,2895,CUST-76631,Marketplace
UK-2026-103011,2026-04-05,East,Patna,Vitamin C Serum,Beauty,1,707,707,CUST-53638,Marketplace
UK-2026-103691,2026-05-16,West,Ahmedabad,Vitamin C Serum,Beauty,2,710,1420,CUST-27412,Website
UK-2026-100209,2026-01-02,North,Gurugram,Ionic Hair Dryer,Beauty,1,1968,1968,CUST-69356,App
UK-2026-104535,2026-06-28,North,Noida,Ultrabook Air 14,Electronics,1,31419,31419,CUST-75592,App
UK-2026-104342,2026-06-30,West,Mumbai,Silk Saree,Fashion,1,3327,3327,CUST-76939,Website
UK-2026-101103,2026-02-09,South,Hyderabad,Wireless Earbuds Pro,Electronics,1,2883,2883,CUST-30227,Marketplace
UK-2026-101539,2026-03-14,North,Gurugram,Non-Stick Cookware Set,Home & Kitchen,1,2766,2766,CUST-53451,Website
UK-2026-101444,2026-02-01,South,Bengaluru,Noise-Cancelling Headphones,Electronics,2,9203,18406,CUST-96349,App
UK-2026-103613,2026-05-10,North,Noida,Denim Jacket,Fashion,1,2109,2109,CUST-49433,App
UK-2026-101517,2026-03-18,North,Gurugram,Sunscreen SPF50,Beauty,2,529,1058,CUST-41015,Website
UK-2026-100046,2026-01-28,South,Bengaluru,Electric Kettle 1.5L,Home & Kitchen,1,1123,1123,CUST-47110,Website
UK-2026-104070,2026-06-03,South,Bengaluru,Silk Saree,Fashion,1,3387,3387,CUST-67273,Website
UK-2026-102390,2026-04-20,South,Chennai,Yoga Mat Pro,Sports,2,1226,2452,CUST-98455,Website
UK-2026-104656,2026-06-22,North,Noida,Mixer Grinder 750W,Home & Kitchen,2,3449,6898,CUST-34618,App
UK-2026-101728,2026-03-11,,Noida,Non-Stick Cookware Set,Home & Kitchen,2,2882,5764,CUST-80649,Marketplace
UK-2026-104625,2026-06-14,North,Chandigarh,Power Bank 20000mAh,Electronics,1,1733,1733,CUST-70846,Marketplace
UK-2026-101806,2026-03-10,North,Noida,Mirrorless Camera Lite,Electronics,1,29098,29098,CUST-42166,App
UK-2026-101501,2026-03-18,Central,Bhopal,Cotton Kurta Set,Fashion,1,1283,1283,CUST-58333,Website
UK-2026-103017,2026-04-28,South,Kochi,Vitamin C Serum,Beauty,1,732,732,CUST-49781,App
UK-2026-103109,2026-05-29,South,Hyderabad,Slim Fit Jeans,Fashion,2,1617,3234,CUST-13887,Website
UK-2026-101705,2026-03-06,Central,Bhopal,Dinner Set 24pc,Home & Kitchen,1,2395,2395,CUST-45811,App
UK-2026-101626,2026-03-25,North,Delhi,Mirrorless Camera Lite,Electronics,1,30276,30276,CUST-71950,Website
UK-2026-101069,2026-02-06,South,Kochi,Matte Lipstick Set,Beauty,1,892,892,CUST-71841,App
UK-2026-104480,2026-06-13,South,Kochi,Air Fryer 5L,Home & Kitchen,1,5725,5725,CUST-26216,Marketplace
UK-2026-100378,2026-01-27,North,Gurugram,Ultrabook Air 14,Electronics,1,31460,31460,CUST-71470,Website
UK-2026-102780,13/04/2026,West,Pune,Eau de Parfum 100ml,Beauty,1,1959,1959,CUST-71231,Website
UK-2026-100908,2026-02-16,Central,Nagpur,Sunscreen SPF50,Beauty,2,524,1048,CUST-58702,App
UK-2026-104582,2026-06-25,North,Chandigarh,Sunscreen SPF50,Beauty,1,526,526,CUST-79348,Website
UK-2026-103589,2026-05-16,North,Gurgaon,43-inch Smart TV,Electronics,1,26507,26507,CUST-79773,Marketplace
UK-2026-101895,2026-03-07,South,Kochi,Smart Watch X2,Electronics,1,4465,4465,CUST-48216,App
UK-2026-102018,2026-03-11,West,Mumbai,Non-Stick Cookware Set,Home & Kitchen,1,2791,2791,CUST-57031,Marketplace
UK-2026-101008,2026-02-03,North,Noida,Formal Shirt,Fashion,1,1070,1070,CUST-53277,Website
UK-2026-103768,2026-05-22,North,Gurugram,43-inch Smart TV,Electronics,1,27194,27194,CUST-96110,Marketplace
UK-2026-103209,2026-05-08,Central,Bhopal,Cricket Bat English Willow,Sports,1,9041,9041,CUST-80175,App
UK-2026-104715,2026-06-21,South,Hyderabad,Cotton Bedsheet Set,Home & Kitchen,1,1450,1450,CUST-50500,Marketplace
UK-2026-101640,2026-03-20,East,Kolkata,Wireless Earbuds Pro,Electronics,-2,3002,3002,CUST-80053,Marketplace
UK-2026-104298,2026-06-14,North,Noida,Ethnic Dupatta,Fashion,2,508,1016,CUST-18255,App
UK-2026-103596,2026-05-17,Central,Nagpur,Cotton Kurta Set,Fashion,1,1247,1247,CUST-67451,App
UK-2026-104383,2026-06-12,South,Bengaluru,Robot Vacuum R7,Home & Kitchen,1,19655,19655,CUST-46395,App
UK-2026-103248,2026-05-01,South,Chennai,Silk Saree,Fashion,1,3381,3381,CUST-41690,Website
UK-2026-102304,2026-04-21,West,Pune,Makeup Brush Set,Beauty,1,1238,,CUST-89728,App
UK-2026-102758,2026-04-15,North,Gurugram,Electric Kettle 1.5L,Home & Kitchen,1,1085,1085,CUST-16525,Marketplace
UK-2026-101089,2026-02-05,South,Bengaluru,Gym Gloves,Sports,2,475,950,CUST-77856,App
UK-2026-102515,2026-04-20,West,Surat,Football Size 5,Sports,1,905,905 INR,CUST-88653,Website
UK-2026-103884,"May 30, 2026",North,Chandigarh,Power Bank 20000mAh,Electronics,2,1865,3730,CUST-87785,Website
UK-2026-104240,2026-06-17,South,Chennai,Vitamin C Serum,Beauty,2,708,1416,CUST-93022,App
UK-2026-100791,2026-02-24,North,Delhi,Face Wash Combo,Beauty,1,464,464,CUST-22589,App
UK-2026-103651,2026-05-27,,Bhubaneswar,Cotton Bedsheet Set,Home & Kitchen,1,1421,1421,CUST-23323,App
UK-2026-102871,2026-04-29,North,Gurugram,Air Fryer 5L,Home & Kitchen,2,5231,10462,CUST-49248,Website
UK-2026-101197,2026-02-25,North,Noida,Smart Watch X2,Electronics,4,4430,17720,CUST-95984,App
UK-2026-101250,2026-02-12,South,Chennai,Noise-Cancelling Headphones,Electronics,1,8940,8940,CUST-50142,Marketplace
UK-2026-101335,2026-02-05,Central,Nagpur,Beard Grooming Kit,Beauty,1,1030,1030,CUST-12797,Website
UK-2026-104361,2026-06-26,North,Noida,Leather Wallet,Fashion,2,886,1772,CUST-96398,Marketplace
UK-2026-102069,2026-03-19,West,Mumbai,Slim Fit Jeans,Fashion,1,1630,1630,CUST-15009,Website
UK-2026-104844,2026-06-19,South,Bengaluru,Wireless Earbuds Pro,Electronics,2,2976,5952,CUST-84503,Website
UK-2026-102514,2026-04-26,East,Kolkata,Robot Vacuum R7,Home & Kitchen,2,19338,38676,CUST-77632,Website
UK-2026-103154,2026-05-08,Central,Nagpur,Cotton Bedsheet Set,Home & Kitchen,2,1387,2774,CUST-20872,Marketplace
UK-2026-103256,2026-05-23,West,Pune,Electric Kettle 1.5L,Home & Kitchen,1,1075,1075,CUST-29077,Marketplace
UK-2026-100218,2026-01-08,Central,Nagpur,Badminton Racket Set,Sports,1,2503,2503,CUST-55090,Website
UK-2026-103978,2026-05-24,West,Ahmedabad,Gym Gloves,Sports,1,476,476,CUST-35015,App
UK-2026-104887,2026-06-16,North,Gurugram,Slim Fit Jeans,Fashion,2,1665,3330,CUST-27768,App
UK-2026-100686,2026-01-01,West,Mumbai,Slim Fit Jeans,Fashion,1,1597,1597,CUST-71327,Website
UK-2026-101106,25-02-26,North,Chandigarh,Mirrorless Camera Lite,Electronics,1,30063,30063,CUST-96478,Marketplace
UK-2026-102125,2026-03-25,South,Kochi,Makeup Brush Set,Beauty,1,1347,1347,CUST-45014,Website
UK-2026-104992,2026-06-08,Central,Bhopal,Foldable Treadmill T2,Sports,1,24474,24474,CUST-78558,App
UK-2026-100745,2026-02-08,West,Mumbai,Silk Saree,Fashion,1,3550,3550,CUST-89268,Marketplace
UK-2026-103473,2026-05-11,East,Patna,43-inch Smart TV,Electronics,3,25961,77883,CUST-49552,Marketplace
UK-2026-102247,2026-04-26,West,Ahmedabad,Ethnic Dupatta,Fashion,1,476,476,CUST-33321,App
UK-2026-103615,2026-05-11,South,Chennai,Non-Stick Cookware Set,Home & Kitchen,1,3016,3016,CUST-37706,App
UK-2026-103686,2026-05-27,West,Ahmedabad,Adjustable Dumbbells 15kg,Sports,2,4902,9804,CUST-67479,Website
UK-2026-101034,2026-02-19,Central,Bhopal,Power Bank 20000mAh,Electronics,1,1742,1742,CUST-90645,Website
UK-2026-101676,2026-03-16,South,Cochin,43-inch Smart TV,Electronics,2,26544,53088,CUST-57992,App
UK-2026-103491,2026-05-21,North,Chandigarh,Leather Wallet,Fashion,1,882,882,CUST-42447,Website
UK-2026-103158,2026-05-14,North,Gurugram,Power Bank 20000mAh,Electronics,1,1745,1745,CUST-10210,Website
UK-2026-104157,2026-06-06,North,Chandigarh,Denim Jacket,Fashion,1,2298,2298,CUST-28015,Website
UK-2026-101707,2026-03-16,West,Mumbai,Cotton Kurta Set,Fashion,1,1318,1318,CUST-51156,App
UK-2026-101055,2026-02-04,West,Pune,Noise-Cancelling Headphones,Electronics,1,9162,9162,CUST-65771,Website
UK-2026-100315,2026-01-05,South,Kochi,Running Sneakers,Fashion,3,2706,8118,CUST-68965,Website
UK-2026-102363,2026-04-06,South,Chennai,Non-Stick Cookware Set,Home & Kitchen,2,2761,5522,CUST-53639,Marketplace
UK-2026-104732,2026-06-20,West,Ahmedabad,Sunscreen SPF50,Beauty,2,533,1066,CUST-53103,Marketplace
UK-2026-102909,2026-04-12,East,Patna,Ultrabook Air 14,Electronics,1,30256,30256,CUST-93174,Marketplace
UK-2026-100739,2026-02-11,North,Gurugram,Face Wash Combo,Beauty,1,437,437,CUST-95357,App
UK-2026-101152,2026-02-13,Central,Bhopal,Football Size 5,Sports,1,931,931,CUST-57393,App
UK-2026-104336,2026-06-02,West,Mumbai,Smart Watch X2,Electronics,3,4287,12861,CUST-37740,App
UK-2026-101186,2026-02-14,South,Chennai,Cricket Bat English Willow,Sports,3,9406,28218,CUST-90067,App
UK-2026-104540,2026-06-04,West,Ahmedabad,Robot Vacuum R7,Home & Kitchen,1,18328,18328,CUST-62995,App
UK-2026-103092,2026-05-29,West,Ahmedabad,Leather Wallet,Fashion,1,907,907,CUST-66304,App
UK-2026-103344,2026-05-27,East,Kolkata,Air Fryer 5L,Home & Kitchen,1,5771,5771,CUST-59186,App
UK-2026-104387,2026-06-25,North,Gurugram,Running Sneakers,Fashion,1,2914,2914,CUST-90090,Website
UK-2026-100958,2026-02-03,North,Noida,Noise-Cancelling Headphones,Electronics,4,9020,36080,CUST-43872,Marketplace
UK-2026-103968,2026-05-27,East,Kolkata,Cycling Helmet,Sports,2,1643,3286,CUST-34168,App
UK-2026-102324,2026-04-27,West,Surat,43-inch Smart TV,Electronics,1,25669,25669,CUST-27640,App
UK-2026-100511,2026-01-16,South,Hyderabad,Ultrabook Air 14,Electronics,1,30379,30379,CUST-73689,Website
UK-2026-101160,2026-02-20,North,Chandigarh,Denim Jacket,Fashion,1,2274,2274,CUST-58221,App
UK-2026-101385,2026-02-21,West,Surat,Noise-Cancelling Headphones,Electronics,1,9079,9079,CUST-11641,Website
UK-2026-101997,2026-03-16,West,Surat,Wireless Earbuds Pro,Electronics,2,3009,6018,CUST-55389,Website
UK-2026-100062,2026-01-03,North,Delhi,Mixer Grinder 750W,Home & Kitchen,1,3314,3314,CUST-40082,App
UK-2026-100507,2026-01-08,West,Mumbai,Cotton Bedsheet Set,Home & Kitchen,1,1355,1355,CUST-50500,App
UK-2026-104858,2026-06-24,,Bhopal,Vitamin C Serum,Beauty,1,716,716,CUST-18563,App
UK-2026-104007,2026-05-13,South,Chennai,Vitamin C Serum,Beauty,2,673,1346 INR,CUST-51052,App
UK-2026-103667,2026-05-05,North,Noida,Power Bank 20000mAh,Electronics,1,1864,1864,CUST-71653,Website
UK-2026-102191,2026-03-27,West,Ahmedabad,Dinner Set 24pc,Home & Kitchen,1,2598,2598,CUST-45947,Website
UK-2026-100539,2026-01-31,North,Noida,Cotton Kurta Set,Fashion,1,1319,1319,CUST-52323,Website
UK-2026-104369,2026-06-07,East,Patna,Badminton Racket Set,Sports,1,2448,2448,CUST-22840,App
UK-2026-104759,2026-06-29,East,Bhubaneswar,Formal Shirt,Fashion,1,1113,1113,CUST-25503,Website
UK-2026-100934,2026-02-22,Central,Nagpur,Wireless Earbuds Pro,Electronics,1,2941,2941,CUST-67464,Website
UK-2026-102383,2026-04-01,East,Kolkata,Ionic Hair Dryer,Beauty,1,1956,1956,CUST-28546,App
UK-2026-103424,2026-05-29,West,Pune,Denim Jacket,Fashion,1,2257,2257,CUST-12802,Marketplace
UK-2026-100463,2026-01-18,West,Surat,Silk Saree,Fashion,1,3608,3608,CUST-42624,App
UK-2026-100509,2026-01-21,North,Noida,Silk Saree,Fashion,1,3540,3540,CUST-20260,Website
UK-2026-104754,2026-06-09,North,Noida,Yoga Mat Pro,Sports,1,1211,1211,CUST-93035,Marketplace
UK-2026-103942,2026-05-25,North,Chandigarh,Bluetooth Speaker Mini,Electronics,1,1452,1452,CUST-77823,Marketplace
UK-2026-101249,2026-02-07,South,Chennai,Modern Wall Clock,Home & Kitchen,1,800,800,CUST-10734,Website
UK-2026-101392,2026-02-21,Central,Bhopal,Cotton Bedsheet Set,Home & Kitchen,1,1398,1398,CUST-53002,Marketplace
UK-2026-100744,2026-02-25,North,Gurugram,Adjustable Dumbbells 15kg,Sports,2,4812,9624,CUST-52323,App
UK-2026-100077,2026-01-24,East,Guwahati,Foldable Treadmill T2,Sports,1,25680,25680,CUST-94366,Website
UK-2026-100823,2026-02-26,South,Chennai,MIXER GRINDER 750W,Home & Kitchen,1,3312,3312,CUST-23575,App
UK-2026-104584,2026-06-04,South,Kochi,Makeup Brush Set,Beauty,1,1361,1361,CUST-40819,App
UK-2026-101935,2026-03-07,North,Delhi,Wireless Earbuds Pro,Electronics,2,2987,5974,CUST-34168,Marketplace
UK-2026-101116,2026-02-04,South,Hyderabad,Adjustable Dumbbells 15kg,Sports,2,4873,9746,CUST-56069,Marketplace
UK-2026-102013,2026-03-14,West,Surat,Modern Wall Clock,Home & Kitchen,2,830,1660,CUST-17592,App
UK-2026-104381,2026-06-10,South,Kochi,Cotton Bedsheet Set,Home & Kitchen,2,1415,2830 INR,CUST-59852,Marketplace
UK-2026-104647,2026-06-26,West,Mumbai,Makeup Brush Set,Beauty,1,1325,1325,CUST-35906,App
UK-2026-103702,14/05/2026,South,Hyderabad,Cotton Bedsheet Set,Home & Kitchen,1,1420,1420,CUST-45794,Website
UK-2026-100997,2026-02-09,Central,Raipur,Gym Gloves,Sports,1,484,484,CUST-44962,App
UK-2026-104874,2026-06-28,East,Bhubaneswar,Formal Shirt,Fashion,1,1146,"₹1,146",CUST-64573,App
UK-2026-104908,2026-06-01,West,Pune,Wireless Earbuds Pro,Electronics,-2,2869,5738,CUST-69705,Website
UK-2026-104717,2026-06-23,North,Delhi,Ultrabook Air 14,Electronics,1,29998,29998,CUST-53002,Marketplace
UK-2026-104883,2026-06-30,South,Hyderabad,Non-Stick Cookware Set,Home & Kitchen,1,3009,3009,CUST-10627,Marketplace
UK-2026-100356,2026-01-25,South,Hyderabad,Robot Vacuum R7,Home & Kitchen,1,19315,19315,CUST-53002,App
UK-2026-101619,2026-03-19,South,Bengaluru,Badminton Racket Set,Sports,1,2428,2428,CUST-27820,App
UK-2026-100567,2026-01-07,South,Hyderabad,Silk Saree,Fashion,3,3345,10035,CUST-78672,Website
UK-2026-104683,2026-06-05,North,Chandigarh,Ultrabook Air 14,Electronics,1,28874,28874,CUST-45593,Marketplace
UK-2026-101254,2026-02-17,South,Kochi,Slim Fit Jeans,Fashion,4,1646,6584,CUST-71327,Website
UK-2026-104762,2026-06-25,West,Ahmedabad,Formal Shirt,Fashion,1,1150,1150,CUST-98987,Website
UK-2026-102787,2026-04-21,North,Noida,Sunscreen SPF50,Beauty,2,575,1150,CUST-38331,Marketplace
UK-2026-101514,2026-03-29,East,Kolkata,Running Sneakers,Fashion,1,2744,2744,CUST-54931,App
UK-2026-100923,2026-02-24,East,Patna,Face Wash Combo,Beauty,2,436,872,CUST-77852,App
UK-2026-102043,2026-03-30,West,Surat,Denim Jacket,Fashion,3,2309,6927,CUST-21660,Website
UK-2026-102440,2026-04-19,North,Noida,Matte Lipstick Set,Beauty,1,873,873,CUST-96939,App
UK-2026-101653,2026-03-23,South,Hyderabad,Non-Stick Cookware Set,Home & Kitchen,2,2779,5558,CUST-42479,App
UK-2026-101936,2026-03-28,West,Pune,Ultrabook Air 14,Electronics,1,30645,30645,CUST-65330,Marketplace
UK-2026-103991,"May 26, 2026",North,Chandigarh,Robot Vacuum R7,Home & Kitchen,2,19429,38858,CUST-57907,Marketplace
UK-2026-102023,2026-03-02,Central,Indore,Ionic Hair Dryer,Beauty,3,1869,5607,CUST-47794,Website
UK-2026-100525,2026-01-21,North,Delhi,Formal Shirt,Fashion,1,1059,1059,CUST-78016,App
UK-2026-101075,2026-02-23,North,Chandigarh,Bluetooth Speaker Mini,Electronics,1,1447,1447,CUST-68042,Website
UK-2026-104886,2026-06-16,North,Chandigarh,Power Bank 20000mAh,Electronics,1,1838,1838,CUST-89518,App
UK-2026-104792,2026-06-16,East,Calcutta,Mirrorless Camera Lite,Electronics,2,28213,56426,CUST-26216,App
UK-2026-104561,2026-06-03,East,Kolkata,Ultrabook Air 14,Electronics,2,29803,59606,CUST-16239,Website
UK-2026-102586,2026-04-04,Central,Indore,Vitamin C Serum,Beauty,1,727,727,CUST-11641,App
UK-2026-102990,2026-04-02,South,Kochi,Cotton Bedsheet Set,Home & Kitchen,1,1397,1397,CUST-50384,App
UK-2026-101523,2026-03-13,West,Mumbai,Vitamin C Serum,Beauty,1,671,671,CUST-26051,App
UK-2026-104060,2026-06-22,South,Hyderabad,Cotton Bedsheet Set,Home & Kitchen,,1360,1360,CUST-80044,Website
UK-2026-100353,2026-01-06,East,Kolkata,Face Wash Combo,Beauty,1,439,439,CUST-45083,App
UK-2026-103795,2026-05-31,South,Kochi,Leather Wallet,Fashion,1,896,896,CUST-86124,Website
UK-2026-100761,2026-02-28,East,Patna,Yoga Mat Pro,Sports,1,1153,1153,CUST-25279,App
UK-2026-102288,2026-04-20,Central,Indore,Silk Saree,Fashion,1,3434,3434,CUST-70545,App
UK-2026-102761,2026-04-24,,Chandigarh,Cotton Bedsheet Set,Home & Kitchen,2,1391,2782,CUST-46257,App
UK-2026-103217,2026-05-22,Central,Bhopal,Power Bank 20000mAh,Electronics,1,1739,1739,CUST-17708,App
UK-2026-104601,2026-06-27,West,Ahmedabad,Ultrabook Air 14,Electronics,1,30315,30315,CUST-45832,Marketplace
UK-2026-102151,2026-03-04,East,Calcutta,Cricket Bat English Willow,Sports,1,9328,9328,CUST-19757,Website
UK-2026-101389,2026-02-21,West,Mumbai,Adjustable Dumbbells 15kg,Sports,1,4847,4847,CUST-66949,App
UK-2026-104394,2026-06-02,North,Gurugram,Ionic Hair Dryer,Beauty,1,1985,1985,CUST-71087,App
UK-2026-100285,2026-01-31,West,Pune,Running Sneakers,Fashion,1,2937,2937,CUST-36686,Website
UK-2026-101700,2026-03-28,South,Bengaluru,Formal Shirt,Fashion,1,1084,1084,CUST-13147,App
UK-2026-104415,2026-06-03,East,Kolkata,Mixer Grinder 750W,Home & Kitchen,2,3174,6348,CUST-53445,App
UK-2026-103280,2026-05-09,South,Kochi,Non-Stick Cookware Set,Home & Kitchen,1,2888,2888,CUST-27368,Website
UK-2026-102975,2026-04-24,South,Hyderabad,Beard Grooming Kit,Beauty,2,1003,2006,CUST-36192,App
UK-2026-103309,2026-05-13,South,Bengaluru,Wireless Earbuds Pro,Electronics,2,2925,5850,CUST-29711,App
UK-2026-104208,2026-06-03,South,Hyderabad,Gym Gloves,Sports,1,499,499,CUST-97846,Website
UK-2026-101390,2026-02-17,East,Guwahati,Silk Saree,Fashion,1,3563,3563,CUST-73567,App
UK-2026-103047,2026-04-24,South,Chennai,Cycling Helmet,Sports,1,1581,1581,CUST-72901,Marketplace
UK-2026-103786,2026-05-10,North,Noida,Yoga Mat Pro,Sports,1,1239,1239,CUST-18747,App
UK-2026-103879,2026-05-26,North,Gurugram,Robot Vacuum R7,Home & Kitchen,2,18650,37300 INR,CUST-35001,Website
UK-2026-104148,2026-06-19,,Mumbai,Face Wash Combo,Beauty,1,439,439,CUST-32793,Website
UK-2026-101184,2026-02-19,North,Noida,43-inch Smart TV,Electronics,1,26174,26174,CUST-17527,Marketplace
UK-2026-103470,2026-05-31,East,Patna,Power Bank 20000mAh,Electronics,1,1880,1880,CUST-41015,Marketplace
UK-2026-104607,15-06-26,South,Chennai,Matte Lipstick Set,Beauty,1,910,910,CUST-31948,Website
UK-2026-100572,2026-01-09,South,Hyderabad,Eau de Parfum 100ml,Beauty,1,2076,2076,CUST-61731,App
UK-2026-102754,2026-04-17,Central,Raipur,Ionic Hair Dryer,Beauty,1,1815,1815,CUST-44762,App
UK-2026-100907,2026-02-23,South,Bengaluru,Leather Wallet,Fashion,2,862,1724,CUST-96131,Website
UK-2026-104353,2026-06-26,North,Gurugram,Cycling Helmet,Sports,1,1658,1658,CUST-64390,Marketplace
UK-2026-100254,2026-01-04,West,Surat,Adjustable Dumbbells 15kg,Sports,1,4950,4950,CUST-65211,App
UK-2026-104205,2026-06-13,South,Bengaluru,43-inch Smart TV,Electronics,1,24774,24774,CUST-44073,App
UK-2026-102495,2026-04-06,East,Guwahati,43-inch Smart TV,Electronics,3,24801,74403,CUST-96780,Marketplace
UK-2026-103604,2026-05-31,South,Hyderabad,Ultrabook Air 14,Electronics,1,31364,31364,CUST-44258,App
UK-2026-103743,2026-05-27,North,Chandigarh,Dinner Set 24pc,Home & Kitchen,1,2384,2384,CUST-69028,App
UK-2026-101341,2026-02-23,East,Guwahati,Sunscreen SPF50,Beauty,1,538,538,CUST-37955,App
UK-2026-104382,2026-06-24,North,Gurugram,Sunscreen SPF50,Beauty,1,575,575,CUST-71703,Marketplace
UK-2026-102747,2026-04-04,West,Surat,Noise-Cancelling Headphones,Electronics,1,8771,,CUST-29711,Website
UK-2026-101438,2026-02-05,North,Chandigarh,Slim Fit Jeans,Fashion,1,1578,1578,CUST-62854,App
UK-2026-103168,2026-05-30,South,Hyderabad,Mixer Grinder 750W,Home & Kitchen,1,3437,3437,CUST-64035,App
UK-2026-101090,2026-02-04,North,Delhi,Mixer Grinder 750W,Home & Kitchen,1,3370,3370,CUST-51052,App
UK-2026-101767,2026-03-27,North,Gurugram,Running Sneakers,Fashion,1,2690,2690,CUST-51443,Website
UK-2026-101943,2026-03-06,South,Hyderabad,Eau de Parfum 100ml,Beauty,2,2098,4196,CUST-59629,App
UK-2026-103894,2026-05-03,South,Chennai,Bluetooth Speaker Mini,Electronics,1,1563,1563,CUST-17825,Marketplace
UK-2026-101241,2026-02-14,South,Kochi,Cotton Kurta Set,Fashion,1,1245,1245,CUST-74020,App
UK-2026-101721,2026-03-30,West,Pune,Modern Wall Clock,Home & Kitchen,1,835,835,CUST-17873,App
UK-2026-104164,2026-06-17,South,Bengaluru,Cotton Bedsheet Set,Home & Kitchen,1,1454,1454,CUST-37764,App
UK-2026-102182,2026-03-24,Central,Bhopal,Football Size 5,Sports,1,880,880,CUST-11517,App
UK-2026-101432,2026-02-02,East,Patna,Yoga Mat Pro,Sports,1,1214,1214,CUST-65750,App
UK-2026-102187,2026-03-30,South,Chennai,Foldable Treadmill T2,Sports,1,25825,25825,CUST-27891,App
UK-2026-104722,2026-06-04,West,Ahmedabad,Silk Saree,Fashion,1,3630,3630,CUST-16723,App
UK-2026-103832,2026-05-05,North,Chandigarh,Bluetooth Speaker Mini,Electronics,2,1450,2900,CUST-76571,Website
UK-2026-101634,2026-03-25,Central,Indore,Ethnic Dupatta,Fashion,1,514,514,CUST-14969,Website
UK-2026-101696,2026-03-26,South,Bengaluru,Running Sneakers,Fashion,1,2878,2878,CUST-22378,App
UK-2026-102250,2026-04-17,South,Hyderabad,Running Sneakers,Fashion,1,2702,2702,CUST-25625,Website
UK-2026-100422,2026-01-04,South,Kochi,Mirrorless Camera Lite,Electronics,1,29281,29281,CUST-75848,App
UK-2026-101644,2026-03-14,South,Hyderabad,Adjustable Dumbbells 15kg,Sports,1,4811,4811,CUST-76351,Marketplace
UK-2026-103085,2026-04-25,West,Ahmedabad,Silk Saree,Fashion,2,3655,7310,CUST-45066,App
UK-2026-102337,2026-04-11,South,Hyderabad,Robot Vacuum R7,Home & Kitchen,2,19397,38794,CUST-39280,Marketplace
UK-2026-101155,2026-02-26,West,Surat,Formal Shirt,Fashion,2,1141,2282,CUST-46361,App
UK-2026-104737,2026-06-01,North,Noida,Ethnic Dupatta,Fashion,1,477,477,CUST-57164,App
UK-2026-103457,2026-05-18,South,Hyderabad,Smart Watch X2,Electronics,2,4498,8996,CUST-89450,App
UK-2026-102109,2026-03-28,East,Bhubaneswar,Sunscreen SPF50,Beauty,1,522,522,CUST-15053,App
UK-2026-104300,2026-06-13,North,Chandigarh,Modern Wall Clock,Home & Kitchen,2,810,1620,CUST-86850,App
UK-2026-102179,2026-03-30,East,Patna,Mirrorless Camera Lite,Electronics,1,30197,30197,CUST-96349,Marketplace
UK-2026-102618,2026-04-17,Central,Indore,Wireless Earbuds Pro,Electronics,4,2964,11856,CUST-24891,Marketplace
UK-2026-102102,2026-03-24,North,Delhi,Slim Fit Jeans,Fashion,1,1564,1564,CUST-50351,App
UK-2026-104146,2026-06-19,North,Delhi,Ionic Hair Dryer,Beauty,1,1930,1930,CUST-68965,Website
UK-2026-103007,2026-04-20,South,Bengaluru,Non-Stick Cookware Set,Home & Kitchen,2,3006,6012,CUST-89268,Website
UK-2026-102385,2026-04-23,West,Surat,Formal Shirt,Fashion,1,1150,1150,CUST-90121,Website
UK-2026-100558,2026-01-10,West,Pune,Smart Watch X2,Electronics,2,4609,9218,CUST-16598,Website
UK-2026-104530,2026-06-11,East,Guwahati,Cotton Kurta Set,Fashion,4,1345,5380,CUST-59106,Website
UK-2026-101823,2026-03-25,North,Noida,Cricket Bat English Willow,Sports,4,8639,34556,CUST-17592,App
UK-2026-102180,2026-03-07,South,Chennai,Air Fryer 5L,Home & Kitchen,1,5707,5707,CUST-56764,Website
UK-2026-104588,2026-06-05,West,Ahmedabad,Face Wash Combo,Beauty,2,453,906,CUST-88653,Website
UK-2026-101117,"Feb 17, 2026",West,Mumbai,Ethnic Dupatta,Fashion,1,495,495,CUST-93022,App
UK-2026-103462,2026-05-09,North,Delhi,Face Wash Combo,Beauty,1,468,468,CUST-97846,Website
UK-2026-104203,2026-06-10,North,Chandigarh,Ultrabook Air 14,Electronics,1,28621,28621,CUST-65276,Website
UK-2026-101622,2026-03-31,East,Patna,Formal Shirt,Fashion,1,1081,1081,CUST-15143,App
UK-2026-101764,2026-03-20,North,Chandigarh,Adjustable Dumbbells 15kg,Sports,1,4860,4860,CUST-84321,Website
UK-2026-102583,2026-04-12,South,Hyderabad,Yoga Mat Pro,Sports,4,1188,4752,CUST-41285,Website
UK-2026-100133,2026-01-26,,Guwahati,Smart Watch X2,Electronics,2,4697,9394,CUST-36980,Marketplace
UK-2026-103016,2026-04-14,West,Pune,Cotton Kurta Set,Fashion,1,1267,1267,CUST-52872,Marketplace
UK-2026-103866,2026-05-05,North,Noida,Mirrorless Camera Lite,Electronics,1,29785,29785,CUST-25928,Website
UK-2026-103147,2026-05-29,South,Chennai,Noise-Cancelling Headphones,Electronics,1,9099,9099,CUST-45593,Marketplace
UK-2026-104522,2026-06-14,West,Surat,Ultrabook Air 14,Electronics,1,30213,30213,CUST-25345,Marketplace
UK-2026-104177,2026-06-05,East,Patna,Wireless Earbuds Pro,Electronics,1,3070,3070,CUST-68120,Website
UK-2026-101003,2026-02-22,West,Mumbai,Adjustable Dumbbells 15kg,Sports,1,5133,5133,CUST-64105,App
UK-2026-103216,2026-05-18,East,Bhubaneswar,Mirrorless Camera Lite,Electronics,1,30288,30288,CUST-97377,App
UK-2026-100686,2026-01-01,West,Mumbai,Slim Fit Jeans,Fashion,1,1597,1597,CUST-71327,Website
UK-2026-103422,2026-05-02,West,Pune,Eau de Parfum 100ml,Beauty,2,2076,4152,CUST-48440,App
UK-2026-100187,2026-01-16,South,Chennai,Formal Shirt,Fashion,2,1117,2234,CUST-64107,Marketplace
UK-2026-101402,2026-02-23,West,Pune,Mixer Grinder 750W,Home & Kitchen,1,3401,3401,CUST-62918,App
UK-2026-104958,2026-06-13,North,Delhi,Football Size 5,Sports,1,868,868,CUST-49248,Website
UK-2026-102300,2026-04-28,West,Pune,Foldable Treadmill T2,Sports,2,24050,48100,CUST-92023,App
UK-2026-102504,2026-04-12,South,Chennai,Mixer Grinder 750W,Home & Kitchen,2,3181,6362,CUST-99634,Website
UK-2026-101131,2026-02-08,Central,Nagpur,Noise-Cancelling Headphones,Electronics,2,8701,17402,CUST-55235,App
UK-2026-101212,2026-02-13,West,Pune,Eau de Parfum 100ml,Beauty,1,2029,2029,CUST-38548,Website
UK-2026-101841,2026-03-18,South,Hyderabad,Sunscreen SPF50,Beauty,1,559,559,CUST-45581,Website
UK-2026-103503,2026-05-22,North,Noida,Power Bank 20000mAh,Electronics,1,1744,1744,CUST-98766,App
UK-2026-100382,2026-01-10,North,Delhi,Sunscreen SPF50,Beauty,1,532,532,CUST-90410,App
UK-2026-101056,2026-02-17,West,Mumbai,Cotton Kurta Set,Fashion,1,1330,1330,CUST-55243,Website
UK-2026-102834,2026-04-12,South,Bengaluru,Mirrorless Camera Lite,Electronics,2,29682,59364,CUST-81800,App
UK-2026-103186,"May 19, 2026",North,Delhi,Face Wash Combo,Beauty,1,441,441,CUST-97999,Website
UK-2026-102946,18-04-26,Central,Nagpur,Foldable Treadmill T2,Sports,1,24134,24134,CUST-89450,App
UK-2026-101123,2026-02-20,Central,Nagpur,Eau de Parfum 100ml,Beauty,1,2067,2067,CUST-69957,Website
UK-2026-104309,2026-06-20,South,Bengaluru,Electric Kettle 1.5L,Home & Kitchen,1,1064,1064,CUST-70927,Marketplace
UK-2026-103696,2026-05-25,North,Delhi,Modern Wall Clock,Home & Kitchen,1,796,796,CUST-52885,Website
UK-2026-100669,2026-01-18,South,Bengaluru,Denim Jacket,Fashion,1,2240,2240,CUST-58897,Website
UK-2026-101040,2026-02-17,North,Chandigarh,Non-Stick Cookware Set,Home & Kitchen,1,2961,2961,CUST-64107,Website
UK-2026-104638,2026-06-19,South,Bengaluru,Silk Saree,Fashion,1,3554,3554,CUST-37184,App
UK-2026-101900,2026-03-18,South,Kochi,Adjustable Dumbbells 15kg,Sports,2,5193,10386,CUST-50351,Marketplace
UK-2026-100565,2026-01-30,Central,Indore,Wireless Earbuds Pro,Electronics,2,2919,5838,CUST-27562,Marketplace
UK-2026-100340,2026-01-19,South,Kochi,Air Fryer 5L,Home & Kitchen,1,5680,5680,CUST-75317,Website
UK-2026-102223,2026-03-28,Central,Nagpur,Ultrabook Air 14,Electronics,3,30673,92019,CUST-33706,Marketplace
UK-2026-100175,2026-01-19,East,Guwahati,Leather Wallet,Fashion,1,917,917,CUST-93174,App
UK-2026-103049,2026-04-20,West,Surat,Leather Wallet,Fashion,1,901,901,CUST-38538,Marketplace
UK-2026-101879,2026-03-24,South,Hyderabad,Power Bank 20000mAh,Electronics,1,1888,1888,CUST-37362,Website
UK-2026-103041,2026-04-29,East,Patna,Wireless Earbuds Pro,Electronics,1,2884,2884,CUST-66028,Website
UK-2026-104630,2026-06-27,West,Ahmedabad,Gym Gloves,Sports,1,521,521,CUST-97058,Marketplace
UK-2026-100944,2026-02-15,South,Bengaluru,Cotton Kurta Set,Fashion,2,1261,2522,CUST-16598,App
UK-2026-102698,2026-04-05,North,Delhi,Slim Fit Jeans,Fashion,2,1607,3214,CUST-57551,Marketplace
UK-2026-102960,2026-04-04,South,Kochi,Power Bank 20000mAh,Electronics,1,1859,1859,CUST-54201,Marketplace
UK-2026-104597,2026-06-10,West,Surat,Badminton Racket Set,Sports,2,2513,5026,CUST-14582,Marketplace
UK-2026-102659,2026-04-08,Central,Raipur,Adjustable Dumbbells 15kg,Sports,3,5185,15555,CUST-84503,Website
UK-2026-101844,2026-03-06,East,Kolkata,Bluetooth Speaker Mini,Electronics,2,1551,3102,CUST-34377,App
UK-2026-103984,2026-05-22,South,Chennai,Bluetooth Speaker Mini,Electronics,3,1510,4530,CUST-43301,App
UK-2026-102134,2026-03-28,West,Ahmedabad,Ultrabook Air 14,Electronics,1,29697,29697,CUST-28153,Marketplace
UK-2026-100428,2026-01-08,South,Kochi,Sunscreen SPF50,Beauty,2,546,1092,CUST-67737,App
UK-2026-101370,2026-02-25,North,Gurugram,Noise-Cancelling Headphones,Electronics,1,9376,9376,CUST-50837,App
UK-2026-100112,2026-01-22,North,Chandigarh,Formal Shirt,Fashion,2,1133,2266,CUST-46374,Marketplace
UK-2026-102130,2026-03-08,South,Kochi,Modern Wall Clock,Home & Kitchen,1,770,770,CUST-29296,Website
UK-2026-104238,2026-06-06,North,Chandigarh,Modern Wall Clock,Home & Kitchen,1,803,803,CUST-17527,App
UK-2026-104041,2026-06-10,South,Bengaluru,Leather Wallet,Fashion,1,924,924,CUST-98895,Marketplace
UK-2026-102019,2026-03-23,,Surat,Smart Watch X2,Electronics,1,4718,4718,CUST-61299,Website
UK-2026-104756,2026-06-28,South,Chennai,Gym Gloves,Sports,1,484,484,CUST-66246,App
UK-2026-103843,2026-05-29,South,chennai,Cricket Bat English Willow,Sports,1,8616,8616,CUST-39583,Website
UK-2026-101023,2026-02-25,Central,Nagpur,Dinner Set 24pc,Home & Kitchen,1,2489,2489,CUST-85552,App
UK-2026-103507,2026-05-10,North,Delhi,Modern Wall Clock,Home & Kitchen,1,796,796,CUST-45066,Website
UK-2026-101533,2026-03-03,South,Kochi,Wireless Earbuds Pro,Electronics,1,2995,2995,CUST-27638,App
UK-2026-100265,2026-01-07,South,Kochi,Dinner Set 24pc,Home & Kitchen,1,2430,2430,CUST-62990,Website
UK-2026-103149,2026-05-13,West,Mumbai,Ionic Hair Dryer,Beauty,2,1915,3830,CUST-88428,App
UK-2026-103009,2026-04-01,North,Gurugram,Smart Watch X2,Electronics,1,4393,4393,CUST-70406,Marketplace
UK-2026-101052,2026-02-21,North,Noida,Mixer Grinder 750W,Home & Kitchen,1,3240,3240,CUST-35015,Website
UK-2026-100531,2026-01-14,South,Bengaluru,Robot Vacuum R7,Home & Kitchen,1,18952,18952,CUST-27205,Website
UK-2026-104120,2026-06-21,Central,Raipur,Leather Wallet,Fashion,2,905,1810,CUST-51922,App
UK-2026-103193,2026-05-12,East,Guwahati,Running Sneakers,Fashion,2,2890,5780,CUST-71700,Marketplace
UK-2026-101161,2026-02-01,Central,Raipur,Slim Fit Jeans,Fashion,1,1580,1580,CUST-82697,Marketplace
UK-2026-104198,14-06-26,South,Bengaluru,Formal Shirt,Fashion,3,1099,3297,CUST-90448,Marketplace
UK-2026-102802,2026-04-13,South,Bengaluru,Modern Wall Clock,Home & Kitchen,-2,774,774,CUST-78743,Marketplace
UK-2026-100604,2026-01-26,South,Hyderabad,Football Size 5,Sports,1,929,929,CUST-71878,App
UK-2026-102567,2026-04-12,West,Pune,Denim Jacket,Fashion,,2167,2167,CUST-56133,App
UK-2026-104668,2026-06-03,West,Ahmedabad,Adjustable Dumbbells 15kg,Sports,1,4754,4754,CUST-53645,Website
UK-2026-103002,2026-04-19,West,Surat,Bluetooth Speaker Mini,Electronics,1,1554,1554,CUST-64991,App
UK-2026-104978,2026-06-15,North,Gurugram,Power Bank 20000mAh,Electronics,1,1767,1767,CUST-17825,Marketplace
UK-2026-103661,2026-05-09,West,Pune,Cricket Bat English Willow,Sports,1,8755,8755,CUST-68323,App
UK-2026-102711,2026-04-12,North,Noida,Vitamin C Serum,Beauty,2,731,1462,CUST-37624,App
UK-2026-104008,2026-05-03,East,Bhubaneswar,Mirrorless Camera Lite,Electronics,1,28939,28939,CUST-38694,Marketplace
UK-2026-101423,2026-02-25,South,Chennai,Noise-Cancelling Headphones,Electronics,3,8654,25962,CUST-76585,App
UK-2026-104175,"Jun 4, 2026",East,Patna,Air Fryer 5L,Home & Kitchen,1,5753,5753,CUST-61021,App
UK-2026-101017,2026-02-06,North,Chandigarh,Wireless Earbuds Pro,Electronics,1,3100,3100,CUST-77437,App
UK-2026-101787,2026-03-31,East,Kolkata,Formal Shirt,Fashion,1,1059,1059,CUST-80248,Website
UK-2026-102884,2026-04-20,North,Noida,Ultrabook Air 14,Electronics,2,30442,60884,CUST-27891,Marketplace
UK-2026-103019,2026-04-17,East,Kolkata,Smart Watch X2,Electronics,1,4477,4477,CUST-83424,Website
UK-2026-100022,2026-01-05,South,Kochi,Football Size 5,Sports,1,858,858,CUST-39987,Website
UK-2026-100044,2026-01-13,North,Chandigarh,Football Size 5,Sports,1,886,886,CUST-79348,Website
UK-2026-103804,2026-05-12,West,Ahmedabad,Foldable Treadmill T2,Sports,3,26073,78219,CUST-45581,App
UK-2026-100453,2026-01-24,West,Mumbai,Ethnic Dupatta,Fashion,1,516,516,CUST-62081,App
UK-2026-102357,2026-04-22,North,Noida,Cycling Helmet,Sports,2,1677,3354,CUST-32540,App
UK-2026-102673,2026-04-11,West,Surat,Yoga Mat Pro,Sports,1,1212,1212,CUST-67147,Website
UK-2026-103731,2026-05-20,South,Bengaluru,Leather Wallet,Fashion,1,921,921,CUST-69356,App
UK-2026-101322,2026-02-21,Central,Indore,Running Sneakers,Fashion,1,2915,2915,CUST-55229,Website
UK-2026-104052,2026-06-09,South,Hyderabad,Bluetooth Speaker Mini,Electronics,1,1458,1458,CUST-66246,App
UK-2026-101087,2026-02-11,West,Ahmedabad,Noise-Cancelling Headphones,Electronics,1,9437,9437,CUST-83424,Marketplace
UK-2026-101539,2026-03-14,North,Gurugram,Non-Stick Cookware Set,Home & Kitchen,1,2766,2766,CUST-53451,Website
UK-2026-100540,2026-01-27,North,Noida,Leather Wallet,Fashion,4,878,3512,CUST-23070,Website
UK-2026-103356,2026-05-07,East,Bhubaneswar,Silk Saree,Fashion,-2,3548,3548,CUST-84926,App
UK-2026-103611,2026-05-29,South,Chennai,Ionic Hair Dryer,Beauty,1,1981,1981,CUST-31939,Website
UK-2026-103512,2026-05-12,South,Kochi,Ethnic Dupatta,Fashion,2,500,1000,CUST-84168,Marketplace
UK-2026-103443,2026-05-15,North,Delhi,Yoga Mat Pro,Sports,1,1189,1189,CUST-99336,Marketplace
UK-2026-102690,2026-04-02,Central,  Bhopal,Power Bank 20000mAh,Electronics,2,1775,3550,CUST-24146,Marketplace
UK-2026-103145,2026-05-06,South,Chennai,Modern Wall Clock,Home & Kitchen,1,830,830,CUST-97284,Website
UK-2026-100483,2026-01-13,North,Chandigarh,Adjustable Dumbbells 15kg,Sports,2,4952,9904,CUST-93537,Marketplace
UK-2026-104299,2026-06-04,,Hyderabad,Foldable Treadmill T2,Sports,1,24462,24462,CUST-63466,Marketplace
UK-2026-102022,2026-03-13,West,Pune,Noise-Cancelling Headphones,Electronics,2,8699,17398,CUST-13089,App
UK-2026-101505,2026-03-18,West,Ahmedabad,Formal Shirt,Fashion,1,1127,1127,CUST-41954,App
UK-2026-102406,2026-04-01,Central,Indore,Vitamin C Serum,Beauty,4,704,2816,CUST-27308,App
UK-2026-103014,2026-04-11,East,Patna,Mirrorless Camera Lite,Electronics,1,29435,29435,CUST-66933,Marketplace
UK-2026-104880,2026-06-11,,Bengaluru,Formal Shirt,Fashion,1,1117,1117,CUST-35243,Website
UK-2026-102531,"Apr 1, 2026",East,Kolkata,Cotton Bedsheet Set,Home & Kitchen,1,1398,1398,CUST-24190,App
UK-2026-104586,2026-06-28,Central,Nagpur,Robot Vacuum R7,Home & Kitchen,1,18162,18162,CUST-14582,Website
UK-2026-102894,2026-04-28,Central,Bhopal,Yoga Mat Pro,Sports,1,1223,1223,CUST-91701,App
UK-2026-101205,2026-02-03,West,Pune,Face Wash Combo,Beauty,2,448,896,CUST-58099,Website
UK-2026-103398,2026-05-03,North,Noida,Mixer Grinder 750W,Home & Kitchen,2,3447,6894,CUST-83646,App
UK-2026-101557,2026-03-19,South,Kochi,Modern Wall Clock,Home & Kitchen,1,838,838,CUST-80248,App
UK-2026-102059,2026-03-29,North,Delhi,Cotton Kurta Set,Fashion,1,1272,1272,CUST-90121,Website
UK-2026-104005,2026-05-15,West,Pune,Denim Jacket,Fashion,1,2257,2257,CUST-87531,App
UK-2026-102348,2026-04-19,East,Patna,Gym Gloves,Sports,1,487,487,CUST-29351,Website
UK-2026-100547,2026-01-11,West,Pune,Cotton Kurta Set,Fashion,1,1296,1296,CUST-70288,App
UK-2026-102485,2026-04-05,North,New Delhi,Badminton Racket Set,Sports,1,2424,2424,CUST-44929,App
UK-2026-104950,2026-06-14,East,Guwahati,Wireless Earbuds Pro,Electronics,2,3023,6046,CUST-74657,Marketplace
UK-2026-101024,2026-02-04,West,Pune,Sunscreen SPF50,Beauty,1,571,571,CUST-58174,Website
UK-2026-103619,2026-05-26,West,Pune,Vitamin C Serum,Beauty,2,685,1370,CUST-52993,Website
UK-2026-102096,2026-03-31,North,Noida,Cotton Kurta Set,Fashion,1,1253,1253,CUST-72442,Website
UK-2026-103608,2026-05-13,North,Gurgaon,Matte Lipstick Set,Beauty,1,938,938,CUST-81687,Website
UK-2026-104614,2026-06-04,West,Pune,Smart Watch X2,Electronics,1,4671,4671,CUST-86193,Website
UK-2026-101429,2026-02-07,West,Mumbai,Silk Saree,Fashion,1,3559,3559,CUST-22948,App
UK-2026-100605,2026-01-06,North,Chandigarh,Non-Stick Cookware Set,Home & Kitchen,1,2982,2982,CUST-83669,App
UK-2026-101926,2026-03-08,West,Pune,Smart Watch X2,Electronics,1,4493,4493,CUST-95357,Marketplace
UK-2026-104876,2026-06-11,West,Pune,Cotton Bedsheet Set,Home & Kitchen,1,1443,1443,CUST-44535,App
UK-2026-102290,2026-04-05,East,Guwahati,Cricket Bat English Willow,Sports,1,9250,9250,CUST-45827,Website
UK-2026-102835,2026-04-23,West,Ahmedabad,Mirrorless Camera Lite,Electronics,2,28354,56708,CUST-35231,App
UK-2026-104244,2026-06-20,North,Gurugram,Matte Lipstick Set,Beauty,2,916,1832,CUST-72193,App
UK-2026-103917,2026-05-16,West,Ahmedabad,Dinner Set 24pc,Home & Kitchen,1,2464,2464,CUST-54209,Marketplace
UK-2026-100153,2026-01-24,South,Kochi,Mixer Grinder 750W,Home & Kitchen,1,3461,3461,CUST-64390,App
UK-2026-102282,2026-04-03,East,Guwahati,Robot Vacuum R7,Home & Kitchen,1,19318,19318,CUST-64105,Website
UK-2026-103222,2026-05-20,North,Gurugram,Mixer Grinder 750W,Home & Kitchen,1,3211,3211,CUST-43977,Website
UK-2026-104032,2026-06-16,East,Kolkata,Wireless Earbuds Pro,Electronics,1,3105,3105,CUST-95357,App
UK-2026-100544,2026-01-12,South,Chennai,Leather Wallet,Fashion,1,942,₹942,CUST-15302,App
UK-2026-103733,"May 16, 2026",West,Ahmedabad,Ultrabook Air 14,Electronics,1,30036,30036,CUST-98799,Marketplace
UK-2026-102443,2026-04-27,South,Chennai,Dinner Set 24pc,Home & Kitchen,1,2442,2442,CUST-97228,Website
UK-2026-101348,2026-02-14,North,Noida,Bluetooth Speaker Mini,Electronics,1,1447,1447,CUST-95032,App
UK-2026-104386,2026-06-20,South,Chennai,Leather Wallet,Fashion,1,912,912,CUST-80682,App
UK-2026-103664,2026-05-30,North,Gurgaon,Electric Kettle 1.5L,Home & Kitchen,1,1144,1144,CUST-29966,Website
UK-2026-101236,2026-02-28,South,Hyderabad,Mirrorless Camera Lite,Electronics,3,28579,85737,CUST-19307,Website
UK-2026-102520,2026-04-06,South,Chennai,Modern Wall Clock,Home & Kitchen,2,795,1590,CUST-46876,App
UK-2026-100065,2026-01-27,South,Kochi,Bluetooth Speaker Mini,Electronics,2,1488,2976,CUST-35243,Marketplace
UK-2026-101520,2026-03-02,North,Noida,Electric Kettle 1.5L,Home & Kitchen,1,1148,1148,CUST-92837,Website
UK-2026-100536,2026-01-02,North,Noida,43-inch Smart TV,Electronics,1,26211,26211 INR,CUST-35934,Website
UK-2026-102891,2026-04-18,East,Kolkata,Gym Gloves,Sports,1,487,487,CUST-80649,App
UK-2026-100266,2026-01-14,South,Kochi,Face Wash Combo,Beauty,1,433,433,CUST-87728,App
UK-2026-103781,2026-05-13,West,Ahmedabad,Cotton Kurta Set,Fashion,1,1248,1248,CUST-66304,App
UK-2026-101642,2026-03-18,North,Delhi,Wireless Earbuds Pro,Electronics,2,3043,6086,CUST-14302,App
UK-2026-102901,2026-04-10,West,Surat,Cricket Bat English Willow,Sports,1,9023,9023 INR,CUST-37729,App
UK-2026-103858,2026-05-31,South,Cochin,Running Sneakers,Fashion,1,2792,2792,CUST-67641,App
UK-2026-104288,2026-06-10,South,Bengaluru,Cricket Bat English Willow,Sports,1,9295,9295,CUST-48216,Marketplace
UK-2026-103061,2026-04-04,South,Kochi,Mirrorless Camera Lite,Electronics,1,28801,28801,CUST-52024,App
UK-2026-103521,2026-05-08,South,Kochi,Cotton Bedsheet Set,Home & Kitchen,3,1448,4344,CUST-17527,Website
UK-2026-103299,2026-05-04,West,Mumbai,Leather Wallet,Fashion,0,930,930,CUST-20813,Marketplace
UK-2026-100998,2026-02-01,South,Hyderabad,Robot Vacuum R7,Home & Kitchen,2,18680,37360,CUST-61457,App
UK-2026-103366,2026-05-18,South,Bangalore,Adjustable Dumbbells 15kg,Sports,1,5094,5094,CUST-14172,App
UK-2026-104947,2026-06-22,Central,Nagpur,Cotton Bedsheet Set,Home & Kitchen,1,1349,1349,CUST-59629,App
UK-2026-100618,2026-01-07,North,Gurugram,Noise-Cancelling Headphones,Electronics,3,8804,26412,CUST-45649,Website
UK-2026-104655,2026-06-13,North,Chandigarh,Ethnic Dupatta,Fashion,2,481,962,CUST-13188,Website
UK-2026-103701,2026-05-12,North,Gurugram,Ethnic Dupatta,Fashion,1,517,517,CUST-35231,App
UK-2026-103574,2026-05-15,Central,Bhopal,Ultrabook Air 14,Electronics,4,29257,117028,CUST-16637,Website
UK-2026-103844,2026-05-06,East,Bhubaneswar,Noise-Cancelling Headphones,Electronics,1,9369,9369,CUST-69878,App
UK-2026-101407,2026-02-18,West,Ahmedabad,Running Sneakers,Fashion,2,2762,5524,CUST-12038,App
UK-2026-104920,01/06/2026,West,Surat,Vitamin C Serum,Beauty,4,704,2816,CUST-71042,Website
UK-2026-104863,2026-06-25,South,Bengaluru,Leather Wallet,Fashion,2,865,1730,CUST-27638,Marketplace
UK-2026-103241,2026-05-01,Central,Indore,Dinner Set 24pc,Home & Kitchen,1,2596,2596 INR,CUST-68587,App
UK-2026-101998,2026-03-17,South,Hyderabad,Robot Vacuum R7,Home & Kitchen,3,19350,58050,CUST-56133,App
UK-2026-101518,2026-03-09,South,Bengaluru,Football Size 5,Sports,1,892,892,CUST-97747,App
UK-2026-103835,2026-05-17,South,Bengaluru,Ionic Hair Dryer,Beauty,1,1912,1912,CUST-50936,Website
UK-2026-102332,2026-04-08,South,Kochi,Power Bank 20000mAh,Electronics,1,1843,1843,CUST-19329,Marketplace
UK-2026-100566,18-01-26,North,Gurugram,Wireless Earbuds Pro,Electronics,1,3098,3098,CUST-10523,Marketplace
UK-2026-104432,2026-06-21,West,Mumbai,Yoga Mat Pro,Sports,1,1218,1218,CUST-34697,Marketplace
UK-2026-102513,2026-04-18,South,Bengaluru,Silk Saree,Fashion,1,3482,3482,CUST-79565,App
UK-2026-100465,2026-01-01,Central,Indore,Ultrabook Air 14,Electronics,2,28851,57702,CUST-12802,Website
UK-2026-101147,2026-02-22,,Hyderabad,Cricket Bat English Willow,Sports,1,8925,8925,CUST-84784,Website
UK-2026-102832,2026-04-24,South,Bengaluru,Non-Stick Cookware Set,Home & Kitchen,2,3020,6040,CUST-96799,App
UK-2026-101593,2026-03-03,East,Patna,Silk Saree,Fashion,,3326,3326,CUST-68551,App
UK-2026-104524,2026-06-23,West,Ahmedabad,Slim Fit Jeans,Fashion,1,1563,1563,CUST-47517,App
UK-2026-100017,2026-01-17,South,Chennai,Running Sneakers,Fashion,1,2903,2903,CUST-43767,App
UK-2026-101232,2026-02-19,East,Calcutta,Foldable Treadmill T2,Sports,2,26072,52144,CUST-79348,Website
UK-2026-104130,2026-06-06,South,Hyderabad,Mirrorless Camera Lite,Electronics,1,28802,28802,CUST-44073,Marketplace
UK-2026-104781,2026-06-23,West,Mumbai,Cycling Helmet,Sports,1,1617,1617,CUST-16816,Website
UK-2026-103205,17-05-26,West,Pune,Robot Vacuum R7,Home & Kitchen,1,18919,18919,CUST-13909,Marketplace
UK-2026-104400,"Jun 25, 2026",North,Noida,Face Wash Combo,Beauty,1,451,451,CUST-31628,App
UK-2026-104270,2026-06-18,West,Ahmedabad,Electric Kettle 1.5L,Home & Kitchen,2,1115,2230,CUST-64090,Website
UK-2026-101536,2026-03-05,Central,Nagpur,Beard Grooming Kit,Beauty,1,1029,1029,CUST-34021,Website
UK-2026-101043,2026-02-26,North,Gurugram,Robot Vacuum R7,Home & Kitchen,3,19645,58935,CUST-25188,App
UK-2026-101560,2026-03-24,North,Delhi,Robot Vacuum R7,Home & Kitchen,1,18624,18624,CUST-60280,App
UK-2026-103544,2026-05-30,West,Ahmedabad,Running Sneakers,Fashion,2,2872,5744,CUST-34697,Website
UK-2026-103441,2026-05-04,East,Bhubaneswar,Sunscreen SPF50,Beauty,0,535,535,CUST-55191,Website
UK-2026-104446,2026-06-10,West,Pune,Badminton Racket Set,Sports,2,2594,5188,CUST-41690,Website
UK-2026-101408,2026-02-14,West,Ahmedabad,Silk Saree,Fashion,2,3508,7016,CUST-44547,App
UK-2026-100584,08/01/2026,North,Noida,Electric Kettle 1.5L,Home & Kitchen,2,1097,2194,CUST-68172,App
UK-2026-101818,2026-03-10,South,Hyderabad,Sunscreen SPF50,Beauty,1,525,525,CUST-71026,App
UK-2026-102542,2026-04-27,South,Bengaluru,Cotton Kurta Set,Fashion,2,1266,2532,CUST-93971,Website
UK-2026-101504,2026-03-29,East,Kolkata,Formal Shirt,Fashion,2,1100,2200,CUST-54981,Website
UK-2026-104143,06-06-26,West,Pune,Mirrorless Camera Lite,Electronics,1,28449,28449,CUST-15542,Website
UK-2026-103139,2026-05-18,East,Calcutta,Foldable Treadmill T2,Sports,2,25522,51044,CUST-58280,App
UK-2026-101924,2026-03-19,West,Ahmedabad,Robot Vacuum R7,Home & Kitchen,1,19372,19372,CUST-43047,App
UK-2026-100514,2026-01-27,Central,Indore,Face Wash Combo,Beauty,1,438,438,CUST-92115,App
UK-2026-104317,2026-06-06,North,Chandigarh,Dinner Set 24pc,Home & Kitchen,1,2401,2401,CUST-29672,App
UK-2026-100454,2026-01-13,North,Gurugram,Silk Saree,Fashion,1,3434,3434,CUST-82689,App
UK-2026-102461,2026-04-06,East,Kolkata,Mirrorless Camera Lite,Electronics,1,27777,27777,CUST-73496,Website
UK-2026-101471,2026-03-15,East,Guwahati,43-inch Smart TV,Electronics,1,27262,27262,CUST-83103,Website
UK-2026-102085,2026-03-13,South,Hyderabad,Cotton Bedsheet Set,Home & Kitchen,1,1408,1408,CUST-68443,App
UK-2026-104373,2026-06-05,South,Chennai,Cotton Kurta Set,Fashion,3,1254,3762,CUST-61490,Marketplace
UK-2026-100503,2026-01-05,East,Kolkata,Ultrabook Air 14,Electronics,1,29399,29399,CUST-74998,App
UK-2026-102145,2026-03-03,West,Ahmedabad,Silk Saree,Fashion,1,3612,3612,CUST-53241,Marketplace
UK-2026-102792,2026-04-23,South,Chennai,Ethnic Dupatta,Fashion,2,512,1024,CUST-84989,Website
UK-2026-102798,2026-04-13,South,Kochi,Football Size 5,Sports,2,922,"1,844.00",CUST-40916,Website
UK-2026-102920,2026-04-24,Central,Bhopal,Eau de Parfum 100ml,Beauty,1,1984,,CUST-98990,App
UK-2026-104233,2026-06-19,West,Mumbai,Slim Fit Jeans,Fashion,1,1617,1617,CUST-77346,App
UK-2026-100186,2026-01-07,East,Guwahati,Cycling Helmet,Sports,1,1587,1587,CUST-93844,Website
UK-2026-102168,2026-03-04,East,Patna,Ionic Hair Dryer,Beauty,2,1837,,CUST-24212,App
UK-2026-103646,2026-05-10,East,Guwahati,Silk Saree,Fashion,1,3376,3376,CUST-47136,Website
UK-2026-102496,2026-04-03,North,Noida,Gym Gloves,Sports,1,489,489,CUST-62995,App
UK-2026-102439,2026-04-23,North,Gurugram,Cricket Bat English Willow,Sports,1,9226,9226,CUST-63648,App
UK-2026-104767,2026-06-06,South,Hyderabad,Electric Kettle 1.5L,Home & Kitchen,1,1128,1128,CUST-72513,Website
UK-2026-100129,2026-01-30,Central,Indore,Adjustable Dumbbells 15kg,Sports,1,4782,4782,CUST-91844,Marketplace
UK-2026-102219,2026-03-26,West,Mumbai,Cricket Bat English Willow,Sports,1,8779,8779,CUST-72379,Website
UK-2026-104182,2026-06-06,North,Gurugram,Running Sneakers,Fashion,1,2791,2791,CUST-13624,Marketplace
UK-2026-100703,2026-01-08,North,Gurugram,Eau de Parfum 100ml,Beauty,2,2066,4132,CUST-39297,App
UK-2026-100213,2026-01-06,North,Delhi,Ionic Hair Dryer,Beauty,3,1805,5415,CUST-66337,App
UK-2026-104739,2026-06-05,West,Pune,Robot Vacuum R7,Home & Kitchen,1,19788,19788,CUST-47211,Marketplace
UK-2026-104729,27-06-26,South,Hyderabad,Cotton Kurta Set,Fashion,2,1324,2648,CUST-69911,App
UK-2026-104884,2026-06-03,West,Pune   ,Beard Grooming Kit,Beauty,1,1012,1012,CUST-14220,Marketplace
UK-2026-102369,2026-04-20,West,Mumbai,Non-Stick Cookware Set,Home & Kitchen,1,2982,2982,CUST-81409,Website
UK-2026-104407,2026-06-07,Central,Bhopal,Adjustable Dumbbells 15kg,Sports,1,5140,5140,CUST-94925,App
UK-2026-101369,2026-02-21,South,Kochi,Bluetooth Speaker Mini,Electronics,1,1477,1477,CUST-64035,App
UK-2026-100116,2026-01-09,North,Chandigarh,Non-Stick Cookware Set,Home & Kitchen,1,3037,3037,CUST-13561,Website
UK-2026-102793,22-04-26,North,Noida,Leather Wallet,Fashion,1,921,921,CUST-22288,App
UK-2026-100039,2026-01-12,South,Hyderabad,Badminton Racket Set,Sports,1,2396,2396,CUST-29422,Website
UK-2026-100276,2026-01-22,South,Bengaluru,Power Bank 20000mAh,Electronics,1,1843,1843,CUST-69133,App
UK-2026-100054,2026-01-31,South,Bengaluru,Mixer Grinder 750W,Home & Kitchen,1,3314,3314,CUST-28243,App
UK-2026-104509,2026-06-26,South,Kochi,Leather Wallet,Fashion,1,882,882,CUST-13909,Marketplace
UK-2026-101789,2026-03-23,West,Ahmedabad,Mirrorless Camera Lite,Electronics,1,28619,28619,CUST-32952,Marketplace
UK-2026-101621,2026-03-10,Central,Indore,Ethnic Dupatta,Fashion,1,487,487,CUST-84257,Website
UK-2026-102438,2026-04-04,West,Mumbai,Air Fryer 5L,Home & Kitchen,1,5313,5313,CUST-28808,App
UK-2026-104014,2026-05-26,South,Chennai,Ultrabook Air 14,Electronics,1,28971,28971,CUST-99747,App
UK-2026-103332,2026-05-07,South,Kochi,Adjustable Dumbbells 15kg,Sports,1,4890,4890,CUST-21860,App
UK-2026-101708,2026-03-14,Central,Indore,Noise-Cancelling Headphones,Electronics,1,9102,9102,CUST-85289,App
UK-2026-103839,02-05-26,Central,Nagpur,Leather Wallet,Fashion,1,907,907,CUST-49529,Website
UK-2026-103169,2026-05-20,North,Gurugram,Dinner Set 24pc,Home & Kitchen,1,2588,2588,CUST-95482,App
UK-2026-102736,2026-04-16,North,Delhi,Ionic Hair Dryer,Beauty,1,1864,1864,CUST-13218,Website
UK-2026-103384,2026-05-29,East,Bhubaneswar,Smart Watch X2,Electronics,1,4352,4352,CUST-20562,Website
UK-2026-101969,2026-03-23,West,Ahmedabad,Noise-Cancelling Headphones,Electronics,3,9106,27318,CUST-72901,Marketplace
UK-2026-102512,2026-04-01,South,Kochi,Wireless Earbuds Pro,Electronics,4,2920,11680,CUST-82748,App
UK-2026-103322,2026-05-03,South,Kochi,Makeup Brush Set,Beauty,1,1239,1239,CUST-56209,Website
UK-2026-101527,2026-03-21,North,Noida,Cotton Bedsheet Set,Home & Kitchen,1,1344,1344,CUST-44220,App
UK-2026-103490,2026-05-31,Central,Indore,Non-Stick Cookware Set,Home & Kitchen,2,2907,5814,CUST-94441,Website
UK-2026-101594,2026-03-11,East,Patna,Football Size 5,Sports,1,918,918,CUST-41040,App
UK-2026-102473,2026-04-15,East,Patna,Sunscreen SPF50,Beauty,1,546,546,CUST-56955,Website
UK-2026-101136,2026-02-26,West,Surat,Cricket Bat English Willow,Sports,2,9333,18666,CUST-54513,App
UK-2026-104192,2026-06-12,North,Delhi,Wireless Earbuds Pro,Electronics,1,3140,3140,CUST-60246,App
UK-2026-104486,2026-06-02,South,Kochi,43-inch Smart TV,Electronics,1,26241,26241,CUST-79773,Website
UK-2026-101447,2026-02-25,North,Delhi,Mixer Grinder 750W,Home & Kitchen,3,3453,10359,CUST-94902,App
UK-2026-100637,2026-01-08,South,Kochi,Bluetooth Speaker Mini,Electronics,1,1544,1544,CUST-93445,App
UK-2026-101025,2026-02-04,West,Mumbai,Denim Jacket,Fashion,1,2283,2283,CUST-42465,App
UK-2026-103845,2026-05-01,West,Mumbai,Power Bank 20000mAh,Electronics,1,1802,1802,CUST-23831,Website
UK-2026-100330,2026-01-05,North,Noida,Air Fryer 5L,Home & Kitchen,3,5569,16707,CUST-73705,Website
UK-2026-103219,2026-05-22,South,Kochi,Slim Fit Jeans,Fashion,1,1584,1584,CUST-67636,App
UK-2026-101745,2026-03-20,West,Ahmedabad,Yoga Mat Pro,Sports,1,1224,1224,CUST-18085,App
UK-2026-103076,2026-04-20,North,Gurugram,43-inch Smart TV,Electronics,1,26225,26225,CUST-17893,App
UK-2026-103001,2026-04-13,East,Bhubaneswar,Cricket Bat English Willow,Sports,1,9418,9418,CUST-23060,App
UK-2026-103699,2026-05-16,South,Chennai,Cotton Kurta Set,Fashion,-2,1309,1309,CUST-81596,App
UK-2026-102871,2026-04-29,North,Gurugram,Air Fryer 5L,Home & Kitchen,2,5231,10462,CUST-49248,Website
UK-2026-103372,2026-05-10,West,Ahmedabad,Noise-Cancelling Headphones,Electronics,4,8673,34692,CUST-93844,App
UK-2026-104777,2026-06-12,West,Mumbai,Ultrabook Air 14,Electronics,3,29446,88338,CUST-93971,Website
UK-2026-104981,2026-06-30,North,Delhi,Power Bank 20000mAh,Electronics,2,1793,3586,CUST-85145,Website
UK-2026-100865,2026-02-15,West,Surat,Football Size 5,Sports,1,915,915,CUST-80044,App
UK-2026-103665,2026-05-08,East,Bhubaneswar,Bluetooth Speaker Mini,Electronics,1,1452,1452,CUST-34433,App
UK-2026-104103,"Jun 6, 2026",West,Pune,Air Fryer 5L,Home & Kitchen,1,5654,5654,CUST-82612,Website
UK-2026-103505,2026-05-27,East,Guwahati,Ionic Hair Dryer,Beauty,1,1944,1944,CUST-16598,App
UK-2026-101775,2026-03-07,North,Gurugram,Yoga Mat Pro,Sports,1,1226,1226,CUST-92899,Website
UK-2026-102713,2026-04-03,East,Bhubaneswar,Wireless Earbuds Pro,Electronics,2,3021,6042,CUST-39980,App
UK-2026-100709,2026-01-06,South,Kochi,Non-Stick Cookware Set,Home & Kitchen,1,2971,2971,CUST-71878,Marketplace
UK-2026-102236,2026-03-19,North,Chandigarh,Adjustable Dumbbells 15kg,Sports,1,5208,5208,CUST-16489,Marketplace
UK-2026-104149,2026-06-19,North,Noida,Noise-Cancelling Headphones,Electronics,1,8793,8793,CUST-50264,Marketplace
UK-2026-103081,2026-04-03,North,Delhi,Matte Lipstick Set,Beauty,2,892,1784,CUST-68132,App
UK-2026-103750,2026-05-06,South,Chennai,Dinner Set 24pc,Home & Kitchen,1,2558,2558,CUST-73747,Marketplace
UK-2026-104265,2026-06-06,Central,Nagpur,Non-Stick Cookware Set,Home & Kitchen,1,2881,2881,CUST-99273,Website
UK-2026-101356,2026-02-25,South,Chennai,Bluetooth Speaker Mini,Electronics,1,1468,1468,CUST-89518,App
UK-2026-100287,2026-01-31,North,Gurugram,Power Bank 20000mAh,Electronics,1,1799,1799,CUST-91844,Marketplace
UK-2026-103328,2026-05-28,East,Patna,Slim Fit Jeans,Fashion,1,1599,1599,CUST-72377,Website
UK-2026-102321,2026-04-29,North,Delhi,Cotton Kurta Set,Fashion,1,1236,"₹1,236",CUST-90179,App
UK-2026-100430,2026-01-21,South,Bengaluru,Ionic Hair Dryer,Beauty,1,1864,1864,CUST-10734,App
UK-2026-103947,2026-05-29,North,Delhi,Vitamin C Serum,Beauty,1,685,685,CUST-55338,App
UK-2026-101046,2026-02-27,North,Delhi,Mixer Grinder 750W,Home & Kitchen,1,3278,3278,CUST-80415,Website
UK-2026-102481,2026-04-09,South,Kochi,Football Size 5,Sports,2,908,1816,CUST-38182,App
UK-2026-104733,2026-06-10,East,Bhubaneswar,Formal Shirt,Fashion,2,1146,2292,CUST-44220,Website
UK-2026-104460,"Jun 20, 2026",West,Ahmedabad,Non-Stick Cookware Set,Home & Kitchen,1,3022,3022,CUST-98990,Website
UK-2026-103373,2026-05-09,West,Mumbai,Ionic Hair Dryer,Beauty,1,1983,1983,CUST-48812,Website
UK-2026-104187,2026-06-11,East,Guwahati,Cricket Bat English Willow,Sports,1,9428,9428,CUST-39409,Website
UK-2026-104478,2026-06-20,North,Delhi,Badminton Racket Set,Sports,3,2617,7851,CUST-10734,App
UK-2026-102034,2026-03-05,North,Gurugram,Cotton Bedsheet Set,Home & Kitchen,1,1453,1453,CUST-38538,Marketplace
UK-2026-101463,2026-03-31,West,Ahmedabad,Matte Lipstick Set,Beauty,1,909,909,CUST-27800,App
UK-2026-100458,2026-01-04,West,Mumbai,Sunscreen SPF50,Beauty,-2,572,572,CUST-29839,Website
UK-2026-100247,2026-01-04,South,Bengaluru,Cotton Kurta Set,Fashion,3,1303,3909,CUST-24095,Website
UK-2026-103389,2026-05-30,South,Hyderabad,Foldable Treadmill T2,Sports,,24378,24378,CUST-93503,App
UK-2026-103388,2026-05-25,West,Pune,Cotton Kurta Set,Fashion,1,1265,1265,CUST-59532,Website
UK-2026-100256,2026-01-30,Central,Raipur,Wireless Earbuds Pro,Electronics,1,3138,3138,CUST-71470,App
UK-2026-100310,2026-01-23,South,Bengaluru,Slim Fit Jeans,Fashion,1,1625,1625,CUST-48673,App
UK-2026-103951,2026-05-19,South,Cochin,Gym Gloves,Sports,1,499,499,CUST-12038,App
UK-2026-102098,2026-03-14,West,Ahmedabad,Ethnic Dupatta,Fashion,,489,489,CUST-15143,Website
UK-2026-101187,2026-02-09,East,Kolkata,Ionic Hair Dryer,Beauty,1,1953,1953,CUST-59732,App
UK-2026-103467,2026-05-03,West,Surat,Mirrorless Camera Lite,Electronics,1,28597,28597,CUST-18751,Marketplace
UK-2026-102891,2026-04-18,East,Kolkata,Gym Gloves,Sports,1,487,487,CUST-80649,App
UK-2026-101923,2026-03-10,South,Hyderabad,Wireless Earbuds Pro,Electronics,2,2852,5704,CUST-62829,Website
UK-2026-101671,2026-03-29,West,Ahmedabad,Electric Kettle 1.5L,Home & Kitchen,2,1073,2146,CUST-50231,Website
UK-2026-104068,2026-06-19,Central,Raipur,Running Sneakers,Fashion,1,2842,2842,CUST-86793,App
UK-2026-100816,2026-02-25,South,Kochi,Foldable Treadmill T2,Sports,1,24785,24785,CUST-67922,Marketplace
UK-2026-103558,2026-05-10,South,Bengaluru,Mixer Grinder 750W,Home & Kitchen,2,3232,6464,CUST-11290,App
UK-2026-104034,2026-06-04,South,Kochi,Dinner Set 24pc,Home & Kitchen,3,2477,7431,CUST-73541,App
UK-2026-102827,2026-04-05,West,Ahmedabad   ,Bluetooth Speaker Mini,Electronics,1,1443,1443,CUST-35926,App
UK-2026-104459,03/06/2026,East,Bhubaneswar,43-inch Smart TV,Electronics,1,25602,25602,CUST-83536,Marketplace
UK-2026-100434,2026-01-28,South,Chennai,Modern Wall Clock,Home & Kitchen,3,772,2316,CUST-31628,Website
UK-2026-100091,2026-01-21,North,Chandigarh,Air Fryer 5L,Home & Kitchen,1,5545,5545,CUST-89199,App
UK-2026-104165,2026-06-01,West,Ahmedabad,Wireless Earbuds Pro,Electronics,1,3107,3107,CUST-50500,Website
UK-2026-100393,2026-01-08,West,Surat,Denim Jacket,Fashion,1,2158,2158,CUST-24860,Marketplace
UK-2026-102339,10-04-26,South,Chennai,Cricket Bat English Willow,Sports,1,9024,9024,CUST-46546,App
UK-2026-103735,2026-05-28,South,Kochi,Mirrorless Camera Lite,Electronics,1,30049,30049,CUST-67464,Website
UK-2026-100864,2026-02-04,West,Pune,Cycling Helmet,Sports,2,1567,3134,CUST-79565,App
UK-2026-104571,2026-06-17,North,Chandigarh,Eau de Parfum 100ml,Beauty,2,2043,4086,CUST-31386,App
UK-2026-104440,2026-06-03,South,Bengaluru,Matte Lipstick Set,Beauty,1,884,884,CUST-89701,App
UK-2026-103774,2026-05-05,South,Chennai,Wireless Earbuds Pro,Electronics,1,3033,3033,CUST-97058,App
UK-2026-101074,2026-02-03,South,Bengaluru,Robot Vacuum R7,Home & Kitchen,1,18967,18967,CUST-98677,App
UK-2026-101083,2026-02-05,Central,Nagpur,Matte Lipstick Set,Beauty,-1,937,937,CUST-20850,Website
UK-2026-100802,2026-02-18,North,Delhi,Cricket Bat English Willow,Sports,1,8961,8961,CUST-82612,Marketplace
UK-2026-101489,26-03-26,Central,Indore,Badminton Racket Set,Sports,1,2599,2599,CUST-27646,Marketplace
UK-2026-103670,2026-05-13,South,Kochi,Cricket Bat English Willow,Sports,1,8717,8717,CUST-85306,Website
UK-2026-100416,2026-01-06,North,Chandigarh,Adjustable Dumbbells 15kg,Sports,1,4914,4914,CUST-44962,App
UK-2026-103995,2026-05-31,,Delhi,Noise-Cancelling Headphones,Electronics,2,9016,18032,CUST-68172,App
UK-2026-103796,2026-05-15,East,Bhubaneswar,Bluetooth Speaker Mini   ,Electronics,2,1522,3044,CUST-44535,Marketplace
UK-2026-102467,2026-04-30,West,Pune,Non-Stick Cookware Set,Home & Kitchen,3,2929,8787,CUST-52245,App
UK-2026-104744,2026-06-30,South,Kochi,43-inch Smart TV,Electronics,2,25386,50772,CUST-35025,Website
UK-2026-103125,2026-05-18,West,Pune,Silk Saree,Fashion,1,3583,3583,CUST-95032,App
UK-2026-100600,"Jan 20, 2026",North,Delhi,Noise-Cancelling Headphones,Electronics,1,9331,9331,CUST-10734,App
UK-2026-103365,2026-05-02,West,Surat,Adjustable Dumbbells 15kg,Sports,1,5204,5204,CUST-75022,App
UK-2026-103749,2026-05-13,West,Mumbai,Smart Watch X2,Electronics,1,4625,4625,CUST-27640,App
UK-2026-101754,2026-03-12,North,Gurugram,Mixer Grinder 750W,Home & Kitchen,2,3254,6508,CUST-43977,App
UK-2026-104230,2026-06-27,West,Surat,43-inch Smart TV,Electronics,3,27026,81078,CUST-76836,Marketplace
UK-2026-104022,2026-06-03,South,Chennai,Gym Gloves,Sports,2,489,978,CUST-86253,Website
UK-2026-104190,2026-06-05,North,Gurugram,Electric Kettle 1.5L,Home & Kitchen,1,1133,1133,CUST-60761,App
UK-2026-103903,2026-05-28,West,Ahmedabad,Electric Kettle 1.5L,Home & Kitchen,2,1134,2268 INR,CUST-81848,Website
UK-2026-100305,2026-01-24,East,Kolkata,Face Wash Combo,Beauty,1,450,450,CUST-43426,Website
UK-2026-100147,2026-01-27,West,Ahmedabad,Bluetooth Speaker Mini,Electronics,2,1511,3022,CUST-42122,App
UK-2026-102667,2026-04-13,North,Chandigarh,Smart Watch X2,Electronics,1,4605,4605,CUST-58333,Website
UK-2026-103818,2026-05-27,North,Delhi,Smart Watch X2,Electronics,1,4418,4418,CUST-89207,Marketplace
UK-2026-102075,2026-03-28,West,Surat,Slim Fit Jeans,Fashion,1,1651,1651,CUST-18440,Website
UK-2026-104327,16/06/2026,South,Kochi,Robot Vacuum R7,Home & Kitchen,1,19732,19732,CUST-29755,App
UK-2026-102822,2026-04-16,South,Chennai,Cycling Helmet,Sports,1,1677,1677,CUST-74809,Website
UK-2026-101791,2026-03-01,West,Ahmedabad,Mirrorless Camera Lite,Electronics,1,28342,28342,CUST-93858,Marketplace
UK-2026-100526,2026-01-09,North,New Delhi,Dinner Set 24pc,Home & Kitchen,2,2462,4924,CUST-36849,App
UK-2026-102961,2026-04-26,Central,Bhopal,Smart Watch X2,Electronics,1,4501,"4,501.00",CUST-98939,App
UK-2026-102898,2026-04-14,North,Noida,43-inch Smart TV,Electronics,2,24703,49406,CUST-49816,Website
UK-2026-104984,2026-06-14,West,Ahmedabad,Silk Saree,Fashion,1,3379,3379,CUST-39889,Marketplace
UK-2026-104302,2026-06-03,South,Bengaluru,Vitamin C Serum,Beauty,2,704,1408,CUST-97284,App
UK-2026-101377,2026-02-10,East,Patna,Smart Watch X2,Electronics,1,4523,4523,CUST-99877,Website
UK-2026-101157,2026-02-04,East,Guwahati,Formal Shirt,Fashion,1,1063,1063,CUST-28523,Website
UK-2026-101306,2026-02-27,North,Noida,Smart Watch X2,Electronics,1,4361,,CUST-39987,App
UK-2026-102918,2026-04-04,East,Guwahati,Smart Watch X2,Electronics,2,4462,8924,CUST-70011,Marketplace
UK-2026-100388,2026-01-02,South,Hyderabad,Electric Kettle 1.5L,Home & Kitchen,2,1083,2166,CUST-34959,Website
UK-2026-104137,2026-06-04,South,Bengaluru,Wireless Earbuds Pro,Electronics,2,3079,6158,CUST-71492,Marketplace
UK-2026-101837,2026-03-22,North,Noida,Cotton Kurta Set,Fashion,4,1312,5248,CUST-64090,Website
UK-2026-100818,2026-02-21,South,Kochi,Formal Shirt,Fashion,2,1058,2116,CUST-71493,App
UK-2026-104215,2026-06-19,South,Bengaluru,Badminton Racket Set,Sports,1,2524,2524,CUST-14232,App
UK-2026-104304,2026-06-16,East,Bhubaneswar,Dinner Set 24pc,Home & Kitchen,1,2538,2538,CUST-19943,Marketplace
UK-2026-100476,2026-01-30,South,Bengaluru,Sunscreen SPF50,Beauty,4,546,2184,CUST-51511,Website
UK-2026-103883,2026-05-23,South,Bengaluru,Noise-Cancelling Headphones,Electronics,2,9201,18402,CUST-32519,Website
UK-2026-104558,2026-06-26,South,Bengaluru,Ethnic Dupatta,Fashion,1,493,493,CUST-47462,Marketplace
UK-2026-102144,2026-03-13,West,Ahmedabad,Formal Shirt,Fashion,3,1116,3348,CUST-95970,Website
UK-2026-101067,2026-02-21,West,Ahmedabad,Robot Vacuum R7,Home & Kitchen,1,19064,19064,CUST-47794,Marketplace
UK-2026-102133,2026-03-22,South,Hyderabad,Silk Saree,Fashion,2,3613,7226,CUST-84017,Website
UK-2026-103098,2026-05-27,West,Pune,Ultrabook Air 14,Electronics,1,30168,30168,CUST-44273,Marketplace
UK-2026-103631,2026-05-06,North,Noida,Gym Gloves,Sports,1,510,510 INR,CUST-95741,Website
UK-2026-103254,2026-05-05,Central,Indore,Ethnic Dupatta,Fashion,1,523,523,CUST-77467,Website
UK-2026-102398,2026-04-26,Central,Bhopal,Denim Jacket,Fashion,1,2117,2117,CUST-70406,Website
UK-2026-103780,2026-05-25,South,Kochi,Dinner Set 24pc,Home & Kitchen,2,2492,4984,CUST-43977,App
UK-2026-104842,2026-06-02,East,Patna,Wireless Earbuds Pro,Electronics,2,3040,6080,CUST-43452,Website
UK-2026-101163,2026-02-18,East,Bhubaneswar,Dinner Set 24pc,Home & Kitchen,1,2523,2523,CUST-45136,Website
UK-2026-102870,2026-04-24,South,Hyderabad,Cycling Helmet,Sports,1,1641,1641,CUST-67737,Website
UK-2026-102617,2026-04-24,Central,Nagpur,Slim Fit Jeans,Fashion,1,1668,1668,CUST-75317,App
UK-2026-102883,2026-04-05,South,Kochi,Football Size 5,Sports,1,903,903,CUST-46992,Website
UK-2026-100443,2026-01-30,North,Chandigarh,Slim Fit Jeans,Fashion,0,1605,1605,CUST-68838,Website
UK-2026-103987,2026-05-06,East,Bhubaneswar,Dinner Set 24pc,Home & Kitchen,4,2523,10092,CUST-80123,Marketplace
UK-2026-101599,2026-03-25,North,Noida,Yoga Mat Pro,Sports,1,1193,1193,CUST-30712,Website
UK-2026-104321,2026-06-09,South,Hyderabad,Cotton Kurta Set,Fashion,1,1248,1248,CUST-65249,Marketplace
UK-2026-103967,2026-05-14,South,Bengaluru,Yoga Mat Pro,Sports,1,1232,1232,CUST-95984,Website
UK-2026-101105,05/02/2026,South,Bengaluru,Non-Stick Cookware Set,Home & Kitchen,1,2986,2986,CUST-90574,Marketplace
UK-2026-100273,2026-01-27,South,Bengaluru,Foldable Treadmill T2,Sports,-1,25713,25713,CUST-35517,App
UK-2026-100620,2026-01-21,West,Pune,Wireless Earbuds Pro,Electronics,3,2904,8712,CUST-81646,Website
UK-2026-103864,2026-05-09,East,Guwahati,Noise-Cancelling Headphones,Electronics,1,9092,9092,CUST-77069,Marketplace
UK-2026-101981,2026-03-16,South,Hyderabad,Wireless Earbuds Pro,Electronics,1,2855,2855,CUST-17142,App
UK-2026-101071,2026-02-27,West,Surat,Denim Jacket,Fashion,1,2233,2233,CUST-39226,Website
UK-2026-100937,2026-02-06,Central,Nagpur,Adjustable Dumbbells 15kg,Sports,1,4951,4951,CUST-55354,App
UK-2026-103595,2026-05-08,West,Mumbai,Yoga Mat Pro,Sports,2,1170,2340,CUST-25279,App
UK-2026-103177,2026-05-14,North,Noida,Vitamin C Serum,Beauty,1,708,708,CUST-86458,App
UK-2026-103718,2026-05-22,East,Bhubaneswar,43-inch Smart TV,Electronics,1,25740,25740,CUST-73857,App
UK-2026-102279,2026-04-10,South,Chennai,Air Fryer 5L,Home & Kitchen,1,5591,5591,CUST-90093,App
UK-2026-102531,"Apr 1, 2026",East,Kolkata,Cotton Bedsheet Set,Home & Kitchen,1,1398,1398,CUST-24190,App
UK-2026-101242,2026-02-17,Central,Bhopal,Cotton Kurta Set,Fashion,1,1290,1290,CUST-81041,Marketplace
UK-2026-102008,2026-03-14,South,Chennai,Foldable Treadmill T2,Sports,2,24493,48986,CUST-86916,App
UK-2026-100696,2026-01-14,North,Noida,Sunscreen SPF50,Beauty,2,573,1146,CUST-11924,App
UK-2026-102165,2026-03-16,North,GGN,Ultrabook Air 14,Electronics,1,31182,31182,CUST-34168,App
UK-2026-103282,2026-05-01,East,Patna,Mirrorless Camera Lite,Electronics,1,27838,27838,CUST-72056,Marketplace
UK-2026-101526,2026-03-13,,Noida,Cotton Kurta Set,Fashion,1,1315,1315,CUST-69356,App
UK-2026-101190,2026-02-19,North,Gurugram,Matte Lipstick Set,Beauty,1,939,939,CUST-91341,App
UK-2026-102843,2026-04-20,West,Mumbai,Noise-Cancelling Headphones,Electronics,1,9215,9215,CUST-58950,Website
UK-2026-103506,2026-05-20,North,Gurugram,Slim Fit Jeans,Fashion,2,1589,3178,CUST-25188,Website
UK-2026-104515,2026-06-03,West,Mumbai,Wireless Earbuds Pro,Electronics,1,3142,3142,CUST-56069,App
UK-2026-104843,2026-06-02,East,Guwahati,Slim Fit Jeans,Fashion,1,1662,1662,CUST-88369,Website
UK-2026-100970,2026-02-25,South,Hyderabad,Vitamin C Serum,Beauty,1,713,₹713,CUST-70753,Marketplace
UK-2026-104184,2026-06-04,South,Kochi,Non-Stick Cookware Set,Home & Kitchen,1,3011,3011,CUST-81126,App
UK-2026-100126,2026-01-17,West,Pune,Mirrorless Camera Lite,Electronics,3,28084,84252,CUST-17893,Website
UK-2026-104912,2026-06-09,North,Chandigarh,Adjustable Dumbbells 15kg,Sports,3,5221,15663,CUST-74146,App
UK-2026-103880,2026-05-14,North,Noida,Vitamin C Serum,Beauty,1,697,697,CUST-93445,App
UK-2026-101860,2026-03-17,East,Kolkata,Wireless Earbuds Pro,Electronics,1,2999,2999,CUST-25864,Marketplace
UK-2026-101660,2026-03-09,North,Gurugram,Formal Shirt,Fashion,1,1144,1144,CUST-35015,Website
UK-2026-103754,2026-05-05,South,Bengaluru,Cycling Helmet,Sports,1,1598,1598,CUST-81646,App
UK-2026-100368,2026-01-06,North,Gurugram,Ionic Hair Dryer,Beauty,1,1818,1818,CUST-99273,App
UK-2026-101368,2026-02-22,East,Bhubaneswar,Eau de Parfum 100ml,Beauty,1,2098,2098,CUST-76457,Website
UK-2026-101461,2026-03-25,West,Mumbai,Ultrabook Air 14,Electronics,1,30104,30104,CUST-32056,Marketplace
UK-2026-102189,2026-03-29,West,Pune,Power Bank 20000mAh,Electronics,1,1826,1826,CUST-30311,App
UK-2026-103127,2026-05-16,Central,Raipur,Non-Stick Cookware Set,Home & Kitchen,1,2905,2905,CUST-84503,App
UK-2026-101864,2026-03-31,West,Mumbai,Face Wash Combo,Beauty,1,429,429,CUST-38510,Website
UK-2026-104023,2026-06-04,North,Delhi,Robot Vacuum R7,Home & Kitchen,1,19406,19406,CUST-63707,App
UK-2026-104735,2026-06-18,East,Patna,Formal Shirt,Fashion,1,1084,1084,CUST-66246,Website
UK-2026-101478,2026-03-18,South,Hyderabad,Dinner Set 24pc,Home & Kitchen,4,2553,10212,CUST-31930,App
UK-2026-101352,2026-02-05,North,Delhi,Matte Lipstick Set,Beauty,2,916,1832,CUST-33706,App
UK-2026-102065,2026-03-12,South,Bengaluru,Mixer Grinder 750W,Home & Kitchen,1,3283,3283,CUST-56131,Marketplace
UK-2026-101552,2026-03-10,South,Chennai,electric kettle 1.5l,Home & Kitchen,4,1121,4484,CUST-55235,App
UK-2026-104667,2026-06-19,Central,Raipur,Cycling Helmet,Sports,4,1607,6428,CUST-37411,App
UK-2026-103628,2026-05-29,West,Ahmedabad,Power Bank 20000mAh,Electronics,3,1789,5367,CUST-16121,App
UK-2026-101635,2026-03-13,East,Bhubaneswar,Matte Lipstick Set,Beauty,1,927,927,CUST-87785,Website
UK-2026-103298,2026-05-10,North,Noida,Ultrabook Air 14,Electronics,1,30640,30640,CUST-35474,Marketplace
UK-2026-101031,2026-02-16,West,Ahmedabad,Cotton Kurta Set,Fashion,1,1345,1345,CUST-47635,Website
UK-2026-104094,2026-06-01,South,Kochi,Makeup Brush Set,Beauty,1,1272,1272,CUST-41014,Marketplace
UK-2026-104971,2026-06-06,South,Hyderabad,Electric Kettle 1.5L,Home & Kitchen,4,1086,4344,CUST-19905,App
UK-2026-100677,2026-01-31,Central,Indore,Denim Jacket,Fashion,2,2274,4548,CUST-90410,App
UK-2026-104909,25/06/2026,North,Delhi,Cotton Kurta Set,Fashion,1,1255,1255,CUST-66246,App
UK-2026-101493,2026-03-23,South,Hyderabad,Cricket Bat English Willow,Sports,3,8973,"26,919.00",CUST-74495,Marketplace
UK-2026-104366,2026-06-01,North,Chandigarh,Cotton Bedsheet Set,Home & Kitchen,2,1335,2670,CUST-30783,App
UK-2026-101086,2026-02-26,East,Bhubaneswar,Eau de Parfum 100ml,Beauty,1,2050,2050,CUST-71470,App
UK-2026-104035,2026-06-15,,Ahmedabad,Ethnic Dupatta,Fashion,1,484,484,CUST-19112,Website
UK-2026-100660,2026-01-27,East,Kolkata,Non-Stick Cookware Set,Home & Kitchen,1,3037,3037,CUST-72778,App
UK-2026-102606,2026-04-16,West,Mumbai,Wireless Earbuds Pro,Electronics,1,3063,3063,CUST-63929,Marketplace
UK-2026-101654,2026-03-08,West,Surat,43-inch Smart TV,Electronics,2,26982,53964,CUST-64991,Marketplace
UK-2026-103448,2026-05-03,South,Bengaluru,Cricket Bat English Willow,Sports,2,9109,18218,CUST-30652,App
UK-2026-102591,"Apr 17, 2026",South,Hyderabad,Dinner Set 24pc,Home & Kitchen,1,2432,2432,CUST-10661,Website
UK-2026-101401,2026-02-10,South,Hyderabad,Ethnic Dupatta,Fashion,1,502,502,CUST-42805,Website
UK-2026-103273,2026-05-07,Central,  Nagpur,Robot Vacuum R7,Home & Kitchen,1,19331,19331,CUST-54561,Marketplace
UK-2026-102587,2026-04-21,North,Chandigarh,Cotton Kurta Set,Fashion,1,1312,1312,CUST-54483,App
UK-2026-102375,2026-04-18,South,Chennai,Face Wash Combo,Beauty,3,432,1296,CUST-71115,App
UK-2026-103677,2026-05-15,West,Ahmedabad,Ionic Hair Dryer,Beauty,1,1985,1985,CUST-37241,Marketplace
UK-2026-103582,2026-05-16,South,Chennai,Bluetooth Speaker Mini,Electronics,4,1471,5884,CUST-29579,Marketplace
UK-2026-104461,2026-06-18,South,Chennai,Robot Vacuum R7,Home & Kitchen,1,19405,19405,CUST-82110,Website
UK-2026-101907,2026-03-04,South,Hyderabad,43-inch Smart TV,Electronics,1,25653,25653,CUST-28477,App
UK-2026-104464,2026-06-22,South,Chennai,Electric Kettle 1.5L,Home & Kitchen,1,1078,1078,CUST-57265,Website
UK-2026-103099,2026-05-11,East,Kolkata,Denim Jacket,Fashion,1,2175,2175,CUST-90418,Website
UK-2026-104789,2026-06-29,West,Ahmedabad,Noise-Cancelling Headphones,Electronics,1,9264,9264,CUST-91701,Website
UK-2026-103801,2026-05-26,East,Bhubaneswar,Noise-Cancelling Headphones,Electronics,-2,9112,18224,CUST-31930,Marketplace
UK-2026-104211,2026-06-04,South,Bengaluru,Adjustable Dumbbells 15kg,Sports,1,5151,5151,CUST-51026,Marketplace
UK-2026-102416,2026-04-20,West,Ahmedabad,Power Bank 20000mAh,Electronics,2,1859,3718,CUST-49405,App
UK-2026-103174,2026-05-19,West,Pune,Face Wash Combo,Beauty,2,434,868,CUST-67977,Marketplace
UK-2026-102135,2026-03-16,North,Delhi,Robot Vacuum R7,Home & Kitchen,2,19119,38238,CUST-77599,App
UK-2026-103852,2026-05-05,West,Mumbai,Robot Vacuum R7,Home & Kitchen,1,18316,18316,CUST-56544,Website
UK-2026-101996,2026-03-08,North,Noida,Silk Saree,Fashion,1,3324,3324,CUST-62804,App
UK-2026-104784,2026-06-14,West,Ahmedabad,Eau de Parfum 100ml,Beauty,1,1961,1961,CUST-61826,Marketplace
UK-2026-100938,2026-02-06,Central,Indore,Air Fryer 5L,Home & Kitchen,0,5466,10932,CUST-45014,App
UK-2026-102539,2026-04-26,South,Hyderabad,Mixer Grinder 750W,Home & Kitchen,4,3247,12988,CUST-14815,Website
UK-2026-101460,2026-03-07,North,Chandigarh,Noise-Cancelling Headphones,Electronics,1,8623,8623,CUST-13840,App
UK-2026-100331,2026-01-23,West,Mumbai,Electric Kettle 1.5L,Home & Kitchen,1,1104,1104,CUST-84926,Website
UK-2026-104462,2026-06-03,North,Delhi,Makeup Brush Set,Beauty,3,1241,3723,CUST-59256,Website
UK-2026-103377,2026-05-14,West,Pune,Mixer Grinder 750W,Home & Kitchen,1,3213,3213,CUST-37990,App
UK-2026-100694,2026-01-15,East,Bhubaneswar,Cotton Bedsheet Set,Home & Kitchen,2,1446,2892,CUST-94925,App
UK-2026-100973,2026-02-21,West,Mumbai,Bluetooth Speaker Mini,Electronics,1,1454,1454,CUST-57393,App
UK-2026-103264,2026-05-10,South,Hyderabad,Football Size 5,Sports,1,926,926,CUST-45136,App
UK-2026-100743,2026-02-15,East,Guwahati,Power Bank 20000mAh,Electronics,1,1805,1805,CUST-46329,Marketplace
UK-2026-100246,2026-01-13,North,Noida,Ultrabook Air 14,Electronics,2,29707,59414,CUST-52794,App
UK-2026-104229,2026-06-11,West,Pune,Dinner Set 24pc,Home & Kitchen,1,2511,2511,CUST-99877,Marketplace
UK-2026-101741,2026-03-05,South,Kochi,Ultrabook Air 14,Electronics,3,29838,89514,CUST-94451,App
UK-2026-104953,2026-06-17,North,Delhi,Noise-Cancelling Headphones,Electronics,0,8615,8615,CUST-50936,App
UK-2026-101675,2026-03-05,South,Chennai,Mixer Grinder 750W,Home & Kitchen,2,3299,6598,CUST-67622,App
UK-2026-101111,2026-02-11,South,Bengaluru,Foldable Treadmill T2,Sports,1,25931,25931,CUST-73757,Website
UK-2026-103792,2026-05-23,South,Kochi,Slim Fit Jeans,Fashion,1,1589,1589,CUST-25294,Website
UK-2026-103760,2026-05-09,East,Kolkata,Robot Vacuum R7,Home & Kitchen,1,18504,18504,CUST-16816,Website
UK-2026-103725,2026-05-10,West,Mumbai,Power Bank 20000mAh,Electronics,1,1812,1812,CUST-28013,Marketplace
UK-2026-100919,2026-02-10,South,Bengaluru,Beard Grooming Kit,Beauty,1,1029,1029 INR,CUST-35504,App
UK-2026-102365,2026-04-13,West,Pune,Slim Fit Jeans,Fashion,,1661,1661,CUST-22360,Marketplace
UK-2026-103240,2026-05-13,South,Kochi,Sunscreen SPF50,Beauty,2,533,1066,CUST-29966,App
UK-2026-104864,2026-06-26,West,Mumbai,Ionic Hair Dryer,Beauty,1,1886,1886,CUST-36369,Website
UK-2026-103152,2026-05-06,West,Surat,Gym Gloves,Sports,1,494,494,CUST-51922,App
UK-2026-100834,2026-02-25,South,Chennai,Leather Wallet   ,Fashion,1,859,859,CUST-74809,Website
UK-2026-104273,2026-06-08,South,Bengaluru,Denim Jacket,Fashion,1,2249,2249,CUST-27441,App
UK-2026-100081,2026-01-19,West,Mumbai,Mixer Grinder 750W,Home & Kitchen,1,3304,3304,CUST-50231,Website
UK-2026-103066,2026-04-28,South,Chennai,Football Size 5,Sports,1,885,885,CUST-69957,App
UK-2026-102639,2026-04-14,East,Kolkata,Running Sneakers,Fashion,2,2707,5414,CUST-27611,Marketplace
UK-2026-101136,2026-02-26,West,Surat,Cricket Bat English Willow,Sports,2,9333,18666,CUST-54513,App
UK-2026-102286,2026-04-12,South,Hyderabad,Modern Wall Clock,Home & Kitchen,1,775,775,CUST-67797,App
UK-2026-101921,2026-03-10,South,Kochi,Silk Saree,Fashion,1,3365,3365,CUST-52885,App
UK-2026-101229,2026-02-14,West,Mumbai,Bluetooth Speaker Mini,Electronics,2,1531,3062,CUST-47477,App
UK-2026-100931,2026-02-20,South,Bengaluru,Bluetooth Speaker Mini,Electronics,3,1458,4374,CUST-67641,Marketplace
UK-2026-100921,2026-02-03,South,Chennai,Ultrabook Air 14,Electronics,1,28595,28595,CUST-47794,App
UK-2026-102533,2026-04-28,,Kochi,Cotton Kurta Set,Fashion,2,1300,2600,CUST-95984,App
UK-2026-104496,2026-06-22,West,Pune,Smart Watch X2,Electronics,1,4715,4715,CUST-59507,App
UK-2026-100806,2026-02-24,West,Ahmedabad,Matte Lipstick Set,Beauty,1,915,915,CUST-43426,App
UK-2026-104057,2026-06-15,North,Gurugram,Bluetooth Speaker Mini,Electronics,1,1515,1515,CUST-25864,Marketplace
UK-2026-104602,2026-06-30,West,Pune,Bluetooth Speaker Mini,Electronics,1,1528,1528,CUST-15009,App
UK-2026-103429,2026-05-19,West,Ahmedabad,Mixer Grinder 750W,Home & Kitchen,2,3461,"6,922.00",CUST-54981,Website
UK-2026-101975,2026-03-15,South,Bengaluru,Cricket Bat English Willow,Sports,2,8585,17170,CUST-50837,App
UK-2026-103641,2026-05-03,Central,Bhopal,Yoga Mat Pro,Sports,1,1173,1173,CUST-41176,Website
UK-2026-102738,2026-04-30,North,Chandigarh,Smart Watch X2,Electronics,1,4292,"₹4,292",CUST-61271,App
UK-2026-104347,2026-06-25,South,Hyderabad,Noise-Cancelling Headphones,Electronics,2,9421,18842,CUST-24146,Website
UK-2026-103791,2026-05-01,North,Chandigarh,Denim Jacket,Fashion,2,2122,4244,CUST-49598,Website
UK-2026-103269,2026-05-28,East,Guwahati,Eau de Parfum 100ml,Beauty,1,1950,1950,CUST-18440,App
UK-2026-102727,2026-04-10,North,Noida,Ionic Hair Dryer,Beauty,1,1939,1939,CUST-93005,App
UK-2026-100419,2026-01-09,Central,Nagpur,Smart Watch X2,Electronics,1,4668,4668,CUST-67464,App
UK-2026-104938,2026-06-27,South,Bengaluru,Non-Stick Cookware Set,Home & Kitchen,1,3005,3005,CUST-99055,App
UK-2026-102762,2026-04-27,East,Guwahati,Foldable Treadmill T2,Sports,3,24924,74772,CUST-44836,Marketplace
UK-2026-103289,2026-05-02,West,Surat,Smart Watch X2,Electronics,2,4298,8596,CUST-94305,Website
UK-2026-102171,2026-03-13,Central,Nagpur,Ultrabook Air 14,Electronics,2,30933,61866,CUST-73713,Website
UK-2026-100104,2026-01-20,North,Noida,Power Bank 20000mAh,Electronics,1,1721,1721,CUST-10095,App
UK-2026-103602,2026-05-08,North,Delhi,Bluetooth Speaker Mini,Electronics,1,1542,1542,CUST-95970,Website
UK-2026-103861,2026-05-06,South,Chennai,Denim Jacket,Fashion,1,2247,2247,CUST-30227,App
UK-2026-100870,2026-02-07,Central,Indore,Modern Wall Clock,Home & Kitchen,1,792,,CUST-38023,App
UK-2026-103553,2026-05-17,South,Hyderabad,Smart Watch X2,Electronics,1,4579,4579,CUST-27638,App
UK-2026-102215,2026-03-03,East,Guwahati,Air Fryer 5L,Home & Kitchen,1,5633,5633,CUST-19274,Marketplace
UK-2026-102972,2026-04-03,South,Chennai   ,Matte Lipstick Set,Beauty,2,931,1862,CUST-29755,App
UK-2026-103882,2026-05-01,North,Gurugram,Air Fryer 5L,Home & Kitchen,1,5735,5735,CUST-83664,Website
UK-2026-100013,"Jan 27, 2026",South,Bengaluru,Wireless Earbuds Pro,Electronics,1,2911,2911,CUST-32519,Website
UK-2026-103480,2026-05-07,East,Kolkata,Power Bank 20000mAh,Electronics,1,1795,1795,CUST-34697,Marketplace
UK-2026-101433,2026-02-22,West,Ahmedabad,43-inch Smart TV,Electronics,2,26186,52372,CUST-52115,Marketplace
UK-2026-100502,2026-01-13,North,Noida,Ultrabook Air 14,Electronics,1,30205,30205,CUST-71700,App
UK-2026-100893,2026-02-23,East,Patna,Electric Kettle 1.5L,Home & Kitchen,4,1072,4288,CUST-29619,Marketplace
UK-2026-103876,2026-05-20,North,New Delhi,Mirrorless Camera Lite,Electronics,1,28934,28934,CUST-27303,Website
UK-2026-103889,2026-05-20,West,Mumbai,Cricket Bat English Willow,Sports,2,9097,18194,CUST-27336,Website
UK-2026-102599,2026-04-09,North,Gurugram,Formal Shirt,Fashion,1,1088,1088,CUST-66995,App
UK-2026-102568,2026-04-24,South,Hyderabad,Formal Shirt,Fashion,1,1138,1138,CUST-45532,Marketplace
UK-2026-102745,2026-04-25,North,Chandigarh,Running Sneakers,Fashion,-1,2718,2718,CUST-43142,Website
UK-2026-104490,2026-06-12,South,Chennai,Running Sneakers,Fashion,3,2786,8358,CUST-46876,App
UK-2026-102732,2026-04-01,West,Mumbai,Non-Stick Cookware Set,Home & Kitchen,4,2795,11180,CUST-67503,App
UK-2026-104879,2026-06-05,North,Delhi,Formal Shirt,Fashion,-2,1117,2234,CUST-37704,Marketplace
UK-2026-101798,2026-03-03,,Bhopal,Slim Fit Jeans,Fashion,1,1658,1658,CUST-29619,App
UK-2026-104801,2026-06-17,West,Ahmedabad,Bluetooth Speaker Mini,Electronics,2,1438,2876,CUST-84926,App
UK-2026-103067,2026-04-02,South,Hyderabad,Electric Kettle 1.5L,Home & Kitchen,1,1065,1065,CUST-93005,Marketplace
UK-2026-102184,2026-03-06,South,Chennai,Badminton Racket Set,Sports,2,2578,5156,CUST-20377,Website
UK-2026-104698,2026-06-23,South,Kochi,Foldable Treadmill T2,Sports,1,24372,24372,CUST-88433,App
UK-2026-104979,2026-06-09,North,Chandigarh,Electric Kettle 1.5L,Home & Kitchen,1,1087,1087 INR,CUST-83534,App
UK-2026-103856,2026-05-06,East,Bhubaneswar,Mirrorless Camera Lite,Electronics,1,28273,28273,CUST-73886,App
UK-2026-104507,2026-06-14,South,Kochi,Vitamin C Serum,Beauty,2,688,1376,CUST-82697,Website
UK-2026-101887,2026-03-29,West,Mumbai,Smart Watch X2,Electronics,2,4322,8644,CUST-69957,App
UK-2026-100223,2026-01-03,North,Chandigarh,Beard Grooming Kit,Beauty,1,980,980,CUST-15242,App
UK-2026-104246,2026-06-11,North,Chandigarh,Eau de Parfum 100ml,Beauty,1,2073,2073,CUST-96368,App
UK-2026-102277,2026-04-06,North,Delhi,Beard Grooming Kit,Beauty,1,1026,1026,CUST-21652,App
UK-2026-104449,2026-06-18,East,Calcutta,Makeup Brush Set,Beauty,1,1292,1292,CUST-91701,Marketplace
UK-2026-104451,2026-06-24,South,Chennai,Noise-Cancelling Headphones,Electronics,1,8963,8963,CUST-70519,Marketplace
UK-2026-104054,2026-06-22,West,Pune,Smart Watch X2,Electronics,1,4586,4586,CUST-32952,Marketplace
UK-2026-103418,2026-05-16,South,  Chennai,Wireless Earbuds Pro,Electronics,1,3057,3057,CUST-26548,Marketplace
UK-2026-103997,2026-05-16,North,Noida,Gym Gloves,Sports,1,501,501,CUST-48066,Website
UK-2026-100716,2026-01-06,West,Pune,Mirrorless Camera Lite,Electronics,1,29049,29049,CUST-77346,App
UK-2026-100629,2026-01-25,West,Ahmedabad,Electric Kettle 1.5L,Home & Kitchen,1,1053,1053,CUST-61490,Website
UK-2026-104616,2026-06-21,South,Chennai,Running Sneakers,Fashion,2,2720,5440,CUST-73072,Website
UK-2026-100868,2026-02-22,North,Delhi,Mixer Grinder 750W,Home & Kitchen,1,3370,3370,CUST-74998,Website
UK-2026-103640,26/05/2026,Central,Bhopal,Foldable Treadmill T2,Sports,1,25263,25263,CUST-30081,Marketplace
UK-2026-103101,2026-05-28,North,Gurugram,Running Sneakers,Fashion,1,2901,2901,CUST-84321,App
UK-2026-101060,2026-02-07,North,Gurgaon,Wireless Earbuds Pro,Electronics,1,3017,3017,CUST-24421,Website
UK-2026-101439,2026-02-09,South,Bengaluru,Cricket Bat English Willow,Sports,2,9086,18172,CUST-39517,App
UK-2026-102411,2026-04-06,South,Bengaluru,Modern Wall Clock,Home & Kitchen,1,777,777,CUST-27611,Marketplace
UK-2026-103379,2026-05-28,East,Bhubaneswar,Cotton Bedsheet Set,Home & Kitchen,2,1345,2690,CUST-79807,App
UK-2026-103684,2026-05-01,North,Chandigarh,Cotton Kurta Set,Fashion,1,1256,1256,CUST-12726,Website
UK-2026-102997,2026-04-22,West,Mumbai,Bluetooth Speaker Mini,Electronics,1,1483,1483,CUST-90756,App
UK-2026-104045,"Jun 26, 2026",North,Chandigarh,Dinner Set 24pc,Home & Kitchen,1,2511,2511,CUST-22840,Marketplace
UK-2026-104360,2026-06-17,South,Hyderabad,Mixer Grinder 750W,Home & Kitchen,1,3215,3215,CUST-93062,Marketplace
UK-2026-104766,2026-06-09,East,Bhubaneswar,Ethnic Dupatta,Fashion,1,486,486,CUST-85201,Marketplace
UK-2026-100545,2026-01-25,South,Chennai,Slim Fit Jeans,Fashion,1,1668,1668,CUST-71231,App
UK-2026-104343,2026-06-21,West,Mumbai,Beard Grooming Kit,Beauty,1,998,₹998,CUST-67977,App
UK-2026-103434,2026-05-19,Central,Bhopal,Ultrabook Air 14,Electronics,1,29230,29230,CUST-74827,Website
UK-2026-104040,2026-06-19,North,Gurugram,Leather Wallet,Fashion,1,883,883,CUST-17706,App
UK-2026-100793,2026-02-04,East,Patna,Cricket Bat English Willow,Sports,1,9188,9188,CUST-17706,Website
UK-2026-101125,2026-02-06,South,Kochi,Vitamin C Serum,Beauty,1,733,733,CUST-23454,Website
UK-2026-100641,2026-01-18,Central,Raipur,Eau de Parfum 100ml,Beauty,1,2028,2028,CUST-55621,Website
UK-2026-103157,2026-05-12,East,Guwahati,Formal Shirt,Fashion,1,1103,1103,CUST-44932,Website
UK-2026-100771,2026-02-14,West,Mumbai,Ethnic Dupatta,Fashion,2,488,976,CUST-47110,Marketplace
UK-2026-103643,2026-05-25,North,Noida,Smart Watch X2,Electronics,1,4415,4415,CUST-89016,Website
UK-2026-102169,2026-03-29,West,Ahmedabad,Running Sneakers,Fashion,1,2786,2786,CUST-24872,App
UK-2026-102446,2026-04-27,South,Bengaluru,Ethnic Dupatta,Fashion,2,498,996,CUST-89957,Website
UK-2026-101298,2026-02-04,East,Guwahati,Mirrorless Camera Lite,Electronics,1,29800,29800,CUST-58897,Marketplace
UK-2026-102556,2026-04-28,South,Hyderabad,43-inch Smart TV,Electronics,2,25401,50802,CUST-32029,Marketplace
UK-2026-100819,2026-02-01,North,Delhi,Ultrabook Air 14,Electronics,2,30218,60436,CUST-59033,Website
UK-2026-102227,2026-03-17,West,Surat,Smart Watch X2,Electronics,3,4414,13242,CUST-40742,Marketplace
UK-2026-101278,2026-02-14,West,Pune,Slim Fit Jeans,Fashion,2,1655,3310,CUST-60828,App
UK-2026-100530,2026-01-10,South,Chennai,Cotton Kurta Set,Fashion,1,1297,1297,CUST-21860,Website
UK-2026-101776,2026-03-29,North,Delhi,Smart Watch X2,Electronics,2,4497,8994,CUST-99502,Marketplace
UK-2026-104043,2026-06-05,North,Noida,Mirrorless Camera Lite,Electronics,2,29196,58392,CUST-51330,Marketplace
UK-2026-102973,2026-04-24,South,Chennai,Silk Saree,Fashion,2,3582,7164,CUST-93556,App
UK-2026-103893,2026-05-28,East,Guwahati,Running Sneakers,Fashion,1,2889,2889,CUST-98577,Website
UK-2026-104948,2026-06-13,South,Hyderabad,Robot Vacuum R7,Home & Kitchen,1,18126,18126,CUST-30094,Website
UK-2026-101294,2026-02-04,West,Mumbai,Cricket Bat English Willow,Sports,1,8711,8711,CUST-21278,App
UK-2026-104711,2026-06-24,North,Noida,Denim Jacket,Fashion,1,2208,2208,CUST-42122,App
UK-2026-101780,2026-03-25,South,Chennai,Adjustable Dumbbells 15kg,Sports,1,4859,4859,CUST-16525,App
UK-2026-100688,2026-01-15,West,Mumbai,Wireless Earbuds Pro,Electronics,1,3023,3023,CUST-61544,App
UK-2026-102242,2026-04-05,West,Pune,Robot Vacuum R7,Home & Kitchen,1,19645,19645,CUST-32540,Marketplace
UK-2026-101747,2026-03-05,South,Bengaluru,Noise-Cancelling Headphones,Electronics,1,9060,9060 INR,CUST-39785,App
UK-2026-102281,2026-04-18,Central,Indore,Silk Saree,Fashion,3,3511,10533,CUST-98941,Website
UK-2026-101513,2026-03-22,North,Delhi,Vitamin C Serum,Beauty,1,667,667,CUST-63635,App
UK-2026-101431,2026-02-22,East,Bhubaneswar,Beard Grooming Kit,Beauty,1,1036,1036,CUST-19202,Marketplace
UK-2026-102072,2026-03-28,South,Bengaluru,Power Bank 20000mAh,Electronics,1,1735,1735,CUST-44962,Marketplace
UK-2026-104395,2026-06-04,West,Mumbai,Wireless Earbuds Pro,Electronics,1,2856,2856,CUST-90093,Website
UK-2026-103260,2026-05-17,North,Noida,Power Bank 20000mAh,Electronics,,1829,3658,CUST-89419,Website
UK-2026-104346,2026-06-22,North,Delhi,Ionic Hair Dryer,Beauty,2,1821,3642,CUST-48583,App
UK-2026-103770,2026-05-15,Central,Raipur,Wireless Earbuds Pro,Electronics,1,2929,,CUST-76207,Website
UK-2026-101600,2026-03-02,South,Hyderabad,Noise-Cancelling Headphones,Electronics,1,8594,8594,CUST-30685,Website
UK-2026-102299,2026-04-20,South,Kochi,Slim Fit Jeans,Fashion,1,1608,1608,CUST-27356,App
UK-2026-100227,2026-01-31,South,Chennai,Leather Wallet,Fashion,1,860,860,CUST-32496,App
UK-2026-102081,2026-03-02,West,Surat,Mixer Grinder 750W,Home & Kitchen,2,3434,6868,CUST-36418,App
UK-2026-104027,2026-06-22,West,Pune,Ultrabook Air 14,Electronics,1,29162,29162,CUST-19700,Marketplace
UK-2026-102956,2026-04-22,North,Gurugram,Denim Jacket,Fashion,1,2280,2280,CUST-86253,Website
UK-2026-100961,2026-02-24,East,patna,Silk Saree,Fashion,2,3562,7124,CUST-22791,App
UK-2026-101982,2026-03-03,Central,Bhopal,Makeup Brush Set,Beauty,1,1356,1356,CUST-11924,Website
UK-2026-102509,2026-04-18,East,Bhubaneswar,Mixer Grinder 750W,Home & Kitchen,2,3393,6786,CUST-22142,App
UK-2026-104997,2026-06-07,East,Guwahati,Air Fryer 5L,Home & Kitchen,3,5313,15939,CUST-71703,Website
UK-2026-102839,2026-04-09,West,Ahmedabad,Denim Jacket,Fashion,-2,2254,2254,CUST-66933,App
UK-2026-104906,2026-06-26,South,Bengaluru,Sunscreen SPF50,Beauty,1,532,532,CUST-55090,Website
UK-2026-100576,2026-01-23,North,Noida,Power Bank 20000mAh,Electronics,1,1813,1813,CUST-95273,Website
UK-2026-104112,2026-06-20,South,Hyderabad,Ultrabook Air 14,Electronics,3,30024,90072,CUST-82110,App
UK-2026-103981,2026-05-20,North,Delhi,Non-Stick Cookware Set,Home & Kitchen,2,2825,"5,650.00",CUST-61416,Marketplace
UK-2026-102847,2026-04-17,North,Noida,Vitamin C Serum,Beauty,1,670,670,CUST-17605,App
UK-2026-104280,2026-06-02,East,Guwahati,Cotton Bedsheet Set,Home & Kitchen,2,1438,2876,CUST-13935,Website
UK-2026-102002,2026-03-07,South,Hyderabad,Makeup Brush Set,Beauty,1,1258,1258,CUST-53999,Website
UK-2026-102127,2026-03-15,Central,Indore,Ethnic Dupatta,Fashion,1,506,506,CUST-77125,Website
UK-2026-104170,2026-06-25,North,Chandigarh,Cotton Kurta Set,Fashion,2,1323,2646,CUST-65276,Marketplace
UK-2026-100570,2026-01-12,North,Noida,Running Sneakers,Fashion,1,2843,2843,CUST-98987,Marketplace
UK-2026-102010,2026-03-16,North,Chandigarh,Makeup Brush Set,Beauty,1,1358,1358,CUST-44932,App
UK-2026-104297,2026-06-29,South,Kochi,Face Wash Combo,Beauty,2,469,938,CUST-64658,App
UK-2026-100268,2026-01-23,East,Patna,Badminton Racket Set,Sports,1,2524,2524,CUST-36369,Marketplace
UK-2026-102062,2026-03-13,North,Chandigarh,Badminton Racket Set,Sports,1,2497,2497,CUST-41015,App
UK-2026-103430,2026-05-09,South,Bengaluru,Ionic Hair Dryer,Beauty,1,1967,1967,CUST-58234,Website
UK-2026-101693,2026-03-14,South,Kochi,Yoga Mat Pro,Sports,1,1200,1200,CUST-53103,App
UK-2026-104761,2026-06-03,South,Chennai,Eau de Parfum 100ml,Beauty,2,2033,4066,CUST-65330,App
UK-2026-102428,2026-04-03,North,Gurugram,Modern Wall Clock,Home & Kitchen,2,774,1548,CUST-28951,Marketplace
UK-2026-102887,2026-04-30,South,Kochi,Adjustable Dumbbells 15kg,Sports,4,4783,19132,CUST-22791,App
UK-2026-101264,2026-02-11,North,Noida,Noise-Cancelling Headphones,Electronics,2,9348,18696,CUST-17706,Marketplace
UK-2026-102104,2026-03-31,North,Chandigarh,Smart Watch X2,Electronics,1,4606,4606,CUST-72056,App
UK-2026-104176,2026-06-04,North,Noida,Air Fryer 5L,Home & Kitchen,2,5564,11128,CUST-22669,Marketplace
UK-2026-103035,2026-04-04,West,Pune,Robot Vacuum R7,Home & Kitchen,2,19542,39084,CUST-71470,App
UK-2026-102202,2026-03-08,North,Delhi,Modern Wall Clock,Home & Kitchen,1,807,807,CUST-98903,App
UK-2026-104318,2026-06-23,East,Kolkata,Badminton Racket Set,Sports,1,2597,2597,CUST-12690,App
UK-2026-102773,2026-04-23,East,Bhubaneswar,Wireless Earbuds Pro,Electronics,1,3117,3117,CUST-36108,Marketplace
UK-2026-100181,2026-01-04,West,Surat,Non-Stick Cookware Set,Home & Kitchen,,2989,2989,CUST-14553,App
UK-2026-101909,2026-03-19,West,Ahmedabad,Bluetooth Speaker Mini,Electronics,2,1512,3024,CUST-13887,Marketplace
UK-2026-100041,2026-01-27,South,Chennai,Eau de Parfum 100ml,Beauty,1,1962,1962,CUST-17983,Website
UK-2026-101214,2026-02-18,Central,Nagpur,Wireless Earbuds Pro,Electronics,1,3131,3131,CUST-56475,Marketplace
UK-2026-101874,2026-03-29,Central,Nagpur,Ultrabook Air 14,Electronics,1,28734,28734,CUST-55836,App
UK-2026-100453,2026-01-24,West,Mumbai,Ethnic Dupatta,Fashion,1,516,516,CUST-62081,App
UK-2026-102846,2026-04-18,South,Kochi,Makeup Brush Set,Beauty,1,1317,1317,CUST-81772,Marketplace
UK-2026-101092,2026-02-10,South,Kochi,Air Fryer 5L,Home & Kitchen,2,5517,11034,CUST-27356,App
UK-2026-103779,2026-05-31,Central,Nagpur,Ultrabook Air 14   ,Electronics,1,31366,31366,CUST-52512,App
UK-2026-104469,2026-06-15,North,Noida,Face Wash Combo,Beauty,2,433,866,CUST-65795,Website
UK-2026-104223,2026-06-02,North,Noida,Formal Shirt,Fashion,1,1080,1080,CUST-49018,App
UK-2026-100147,2026-01-27,West,Ahmedabad,Bluetooth Speaker Mini,Electronics,2,1511,3022,CUST-42122,App
UK-2026-100747,2026-02-08,West,Surat,43-inch Smart TV,Electronics,1,25001,25001,CUST-53639,Marketplace
UK-2026-102813,2026-04-15,North,Gurugram,Face Wash Combo,Beauty,1,442,442,CUST-74066,Website
UK-2026-102252,2026-04-10,Central,Raipur,Bluetooth Speaker Mini,Electronics,3,1564,4692,CUST-54714,Marketplace
UK-2026-101185,2026-02-25,South,Bengaluru,Noise-Cancelling Headphones,Electronics,1,9383,9383,CUST-14545,Website
UK-2026-103633,04/05/2026,South,Hyderabad,Makeup Brush Set,Beauty,1,1259,1259,CUST-67464,App
UK-2026-104576,2026-06-16,Central,Raipur,Cycling Helmet,Sports,1,1646,1646,CUST-95541,App
UK-2026-102654,2026-04-18,North,Noida,Makeup Brush Set,Beauty,2,1333,2666,CUST-75667,Marketplace
UK-2026-102767,2026-04-29,North,Delhi,Formal Shirt,Fashion,1,1056,1056,CUST-82336,App
UK-2026-100805,2026-02-01,South,Bengaluru,Face Wash Combo,Beauty,1,448,448,CUST-68587,App
UK-2026-103518,2026-05-19,East,Patna,Power Bank 20000mAh,Electronics,1,1753,1753,CUST-15132,App
UK-2026-104472,2026-06-25,South,Hyderabad,Non-Stick Cookware Set,Home & Kitchen,2,3034,"₹6,068",CUST-44258,App
UK-2026-102933,2026-04-21,West,Surat,Cotton Kurta Set,Fashion,1,1342,1342,CUST-78893,Website
UK-2026-104088,2026-06-05,Central,Bhopal,Wireless Earbuds Pro,Electronics,2,3007,6014,CUST-24421,App
UK-2026-103888,2026-05-19,East,Patna,Silk Saree,Fashion,1,3587,3587,CUST-47370,Website
UK-2026-104066,2026-06-15,North,Noida,Leather Wallet,Fashion,2,905,1810,CUST-48122,Marketplace
UK-2026-102926,2026-04-05,West,Pune,Ethnic Dupatta,Fashion,2,476,952,CUST-89049,Website
UK-2026-102555,2026-04-20,East,Bhubaneswar,Robot Vacuum R7,Home & Kitchen,1,19488,19488,CUST-20260,App
UK-2026-103084,2026-04-10,West,Pune,Silk Saree,Fashion,2,3659,7318,CUST-71703,App
UK-2026-100549,2026-01-15,South,Bengaluru,Foldable Treadmill T2,Sports,1,25471,25471,CUST-36192,App
UK-2026-101881,2026-03-15,West,Pune,Cotton Kurta Set,Fashion,2,1265,2530,CUST-99103,Website
UK-2026-100866,2026-02-22,South,Bengaluru,Smart Watch X2,Electronics,1,4300,4300,CUST-21059,App
UK-2026-100909,2026-02-06,North,Noida,Running Sneakers,Fashion,,2667,2667,CUST-37184,Website
UK-2026-100048,2026-01-16,North,Noida,Adjustable Dumbbells 15kg,Sports,1,5209,5209,CUST-72193,Marketplace
UK-2026-103455,28/05/2026,Central,Bhopal,Cotton Kurta Set,Fashion,1,1343,1343,CUST-54513,App
UK-2026-103534,2026-05-02,East,Bhubaneswar,Ethnic Dupatta,Fashion,1,480,480,CUST-68350,Marketplace
UK-2026-100070,2026-01-20,West,Ahmedabad,Bluetooth Speaker Mini,Electronics,1,1431,1431,CUST-45532,Website
UK-2026-101452,2026-03-21,South,Chennai,Ethnic Dupatta,Fashion,1,492,492,CUST-97228,App
UK-2026-104083,2026-06-14,Central,Raipur,Running Sneakers,Fashion,1,2729,2729,CUST-70406,Marketplace
UK-2026-103920,2026-05-18,North,Noida,Badminton Racket Set,Sports,2,2405,4810,CUST-67255,Website
UK-2026-102231,2026-03-08,South,Hyderabad,Cycling Helmet,Sports,1,1616,1616,CUST-59256,Website
UK-2026-102936,2026-04-01,North,Gurugram,Face Wash Combo,Beauty,3,442,1326,CUST-21059,App
UK-2026-101303,2026-02-06,East,Patna,Cotton Kurta Set,Fashion,1,1344,,CUST-64614,Website
UK-2026-101139,2026-02-21,East,Kolkata,Cotton Kurta Set,Fashion,1,1240,1240,CUST-95585,App
UK-2026-104433,2026-06-22,West,Mumbai,Leather Wallet,Fashion,2,882,1764,CUST-53360,App
UK-2026-101110,2026-02-20,,Bhopal,Wireless Earbuds Pro,Electronics,2,2952,5904,CUST-75667,App
UK-2026-101720,2026-03-27,West,Surat,Non-Stick Cookware Set,Home & Kitchen,1,2914,2914,CUST-45827,App
UK-2026-104985,2026-06-29,South,Chennai,Ethnic Dupatta,Fashion,2,475,950,CUST-17761,Website
UK-2026-101127,2026-02-25,West,Mumbai,Foldable Treadmill T2,Sports,1,25770,25770,CUST-71950,App
UK-2026-102409,2026-04-01,North,Chandigarh,Formal Shirt,Fashion,2,1102,2204,CUST-16525,App
UK-2026-100396,2026-01-30,West,Surat,Mirrorless Camera Lite,Electronics,4,29016,116064,CUST-60545,App
UK-2026-100639,2026-01-10,South,Hyderabad,Slim Fit Jeans,Fashion,3,1620,4860,CUST-39785,App
UK-2026-103486,"May 3, 2026",East,Guwahati,Ethnic Dupatta,Fashion,1,485,485,CUST-90496,Website
UK-2026-104710,2026-06-18,South,Hyderabad,Wireless Earbuds Pro,Electronics,1,3059,3059,CUST-82748,Website
UK-2026-101238,2026-02-06,West,Pune,Mixer Grinder 750W,Home & Kitchen,,3364,6728,CUST-19193,Website
UK-2026-101091,2026-02-21,South,Hyderabad,Electric Kettle 1.5L,Home & Kitchen,1,1065,1065,CUST-20201,App
UK-2026-102027,2026-03-06,East,Kolkata,Beard Grooming Kit,Beauty,1,974,974,CUST-11099,Website
UK-2026-103482,2026-05-10,Central,Indore,Silk Saree,Fashion,1,3604,3604,CUST-20377,Website
UK-2026-102702,2026-04-01,South,Bengaluru,Adjustable Dumbbells 15kg,Sports,1,5051,5051,CUST-69957,Website
UK-2026-102457,2026-04-19,West,Ahmedabad,Beard Grooming Kit,Beauty,1,969,969,CUST-82612,App
UK-2026-103669,2026-05-04,Central,Nagpur,Football Size 5,Sports,4,880,3520,CUST-50958,Website
UK-2026-104955,2026-06-04,North,Delhi,Silk Saree,Fashion,1,3504,3504,CUST-86850,Marketplace
UK-2026-104091,2026-06-10,South,Hyderabad,Wireless Earbuds Pro,Electronics,1,2905,2905,CUST-29077,Marketplace
UK-2026-101404,2026-02-14,North,Gurugram,Silk Saree,Fashion,1,3356,3356,CUST-51655,Website
UK-2026-103578,2026-05-28,South,Kochi,Ethnic Dupatta,Fashion,1,521,521.00,CUST-11200,Marketplace
UK-2026-101712,2026-03-11,East,Bhubaneswar,Badminton Racket Set,Sports,1,2587,2587,CUST-64368,App
UK-2026-101324,2026-02-10,West,Pune,Leather Wallet,Fashion,2,937,1874,CUST-15531,App
UK-2026-101657,2026-03-06,South,Chennai,IONIC HAIR DRYER,Beauty,1,1908,1908,CUST-66198,Website
UK-2026-102577,2026-04-21,South,Kochi,Smart Watch X2,Electronics,3,4378,13134,CUST-53304,Website
UK-2026-103077,2026-04-11,South,Bengaluru,Noise-Cancelling Headphones,Electronics,1,8654,8654,CUST-72513,App
UK-2026-102642,2026-04-30,South,Hyderabad,Gym Gloves,Sports,2,517,1034,CUST-14582,Website
UK-2026-100317,2026-01-29,West,Surat,Ultrabook Air 14,Electronics,1,29574,29574,CUST-43301,Website
UK-2026-104770,2026-06-27,North,Gurugram,Leather Wallet,Fashion,1,910,910,CUST-28857,App
UK-2026-103044,2026-04-18,East,Kolkata,Noise-Cancelling Headphones,Electronics,1,8722,8722,CUST-60246,App
UK-2026-101958,2026-03-08,South,Hyderabad,Cotton Bedsheet Set,Home & Kitchen,1,1462,1462,CUST-12089,Website
UK-2026-100858,2026-02-18,South,Bengaluru,Beard Grooming Kit,Beauty,1,969,969,CUST-72092,App
UK-2026-103277,2026-05-27,North,Gurugram,Power Bank 20000mAh,Electronics,1,1805,1805,CUST-21660,Marketplace
UK-2026-102588,2026-04-02,South,Bengaluru,Slim Fit Jeans,Fashion,1,1582,1582,CUST-32496,App
UK-2026-102234,2026-03-24,North,Noida,Leather Wallet,Fashion,1,906,906,CUST-58221,Website
UK-2026-102421,2026-04-10,South,Bengaluru,Modern Wall Clock,Home & Kitchen,2,775,1550,CUST-41011,App
UK-2026-100727,2026-02-08,Central,Bhopal,Cotton Bedsheet Set,Home & Kitchen,2,1362,2724,CUST-26947,App
UK-2026-100269,2026-01-12,Central,Nagpur,Adjustable Dumbbells 15kg,Sports,1,5183,5183,CUST-10034,App
UK-2026-100945,2026-02-21,North,Gurugram,Electric Kettle 1.5L,Home & Kitchen,1,1111,1111,CUST-26257,Marketplace
UK-2026-102471,2026-04-28,North,Delhi,Makeup Brush Set,Beauty,1,1307,1307,CUST-84189,Marketplace
UK-2026-104528,2026-06-02,,Bhubaneswar,Robot Vacuum R7,Home & Kitchen,1,18243,18243,CUST-71649,App
UK-2026-101168,2026-02-11,South,Hyderabad,Smart Watch X2,Electronics,1,4452,4452,CUST-30227,App
UK-2026-104445,2026-06-03,North,Noida,Silk Saree,Fashion,1,3331,3331,CUST-83664,Marketplace
UK-2026-101273,2026-02-14,East,Bhubaneswar,Electric Kettle 1.5L,Home & Kitchen,2,1064,2128,CUST-79575,Website
UK-2026-100016,2026-01-16,South,Kochi,Mixer Grinder 750W,Home & Kitchen,1,3371,3371,CUST-16637,App
UK-2026-104219,2026-06-23,North,Gurugram,Adjustable Dumbbells 15kg,Sports,1,5086,5086,CUST-62618,App
UK-2026-102603,2026-04-02,South,Hyderabad,Wireless Earbuds Pro,Electronics,2,3122,6244,CUST-33734,Marketplace
UK-2026-101488,2026-03-17,South,Bengaluru,Ultrabook Air 14,Electronics,1,30785,30785,CUST-81726,Website
UK-2026-102284,2026-04-27,North,Gurgaon,Cycling Helmet,Sports,2,1598,3196,CUST-58892,Website
UK-2026-100857,2026-02-26,South,Chennai,Robot Vacuum R7,Home & Kitchen,1,19765,19765,CUST-93538,Website
UK-2026-104305,2026-06-27,North,Gurugram,Bluetooth Speaker Mini,Electronics,2,1450,2900,CUST-87069,App
UK-2026-104225,2026-06-28,East,Guwahati,Denim Jacket,Fashion,2,2292,4584,CUST-58099,Website
UK-2026-103721,2026-05-26,North,Chandigarh,Cotton Kurta Set,Fashion,4,1241,4964,CUST-20562,App
UK-2026-104391,2026-06-13,East,Guwahati,Cotton Kurta Set,Fashion,1,1346,1346,CUST-61610,Marketplace
UK-2026-104606,2026-06-04,West,Ahmedabad,Foldable Treadmill T2,Sports,1,23807,23807,CUST-73739,Marketplace
UK-2026-104649,2026-06-09,Central,Bhopal,Ultrabook Air 14,Electronics,1,30738,30738,CUST-96793,Marketplace
UK-2026-104111,2026-06-23,North,Delhi,Mirrorless Camera Lite,Electronics,1,29141,29141,CUST-90121,Marketplace
UK-2026-100125,2026-01-18,South,Kochi,Power Bank 20000mAh,Electronics,2,1798,3596,CUST-70519,Website
UK-2026-103600,2026-05-08,East,Patna,Bluetooth Speaker Mini,Electronics,2,1543,3086,CUST-34699,Marketplace
UK-2026-100397,2026-01-10,East,Kolkata,Smart Watch X2,Electronics,1,4321,4321,CUST-53360,App
UK-2026-103263,2026-05-07,North,Chandigarh,Power Bank 20000mAh,Electronics,1,1870,1870,CUST-67147,Website
UK-2026-101853,2026-03-03,South,Hyderabad,Electric Kettle 1.5L,Home & Kitchen,1,1070,1070,CUST-18255,App
UK-2026-102123,2026-03-22,East,Kolkata,Cricket Bat English Willow,Sports,2,9142,18284,CUST-38510,Website
UK-2026-104911,2026-06-21,North,Chandigarh,Cycling Helmet,Sports,1,1669,1669,CUST-89728,App
UK-2026-101802,2026-03-04,North,Delhi,Beard Grooming Kit,Beauty,1,1038,1038,CUST-69878,App
UK-2026-104339,2026-06-13,South,Kochi,  Sunscreen SPF50,Beauty,2,553,1106,CUST-38524,App
UK-2026-100067,2026-01-23,North,Gurugram,Gym Gloves,Sports,1,510,510,CUST-34618,App
UK-2026-100271,2026-01-21,South,Hyderabad,Cricket Bat English Willow,Sports,1,9001,9001,CUST-48743,App
UK-2026-101727,2026-03-21,East,Patna,Running Sneakers,Fashion,1,2898,2898,CUST-44350,App
UK-2026-104752,2026-06-03,North,Gurugram,Formal Shirt,Fashion,1,1051,1051,CUST-98940,Marketplace
UK-2026-103337,2026-05-08,North,Chandigarh,Non-Stick Cookware Set,Home & Kitchen,2,2831,5662,CUST-78616,App
UK-2026-102000,2026-03-06,South,Hyderabad,Ultrabook Air 14,Electronics,1,30939,30939,CUST-63466,App
UK-2026-104603,2026-06-04,South,Bengaluru,Power Bank 20000mAh,Electronics,2,1759,3518,CUST-61544,App
UK-2026-102769,2026-04-29,Central,Nagpur,Power Bank 20000mAh,Electronics,1,1820,1820,CUST-31690,Website
UK-2026-101280,2026-02-07,South,Kochi,Noise-Cancelling Headphones,Electronics,2,8865,17730,CUST-71717,Website
UK-2026-103916,2026-05-02,South,Chennai,Running Sneakers,Fashion,2,2705,5410,CUST-88162,Website
UK-2026-100554,2026-01-19,South,Kochi,Dinner Set 24pc,Home & Kitchen,1,2608,2608,CUST-72111,Marketplace
UK-2026-100577,2026-01-30,South,Kochi,Formal Shirt,Fashion,1,1099,1099,CUST-37184,Website
UK-2026-100826,2026-02-05,North,Gurugram,Dinner Set 24pc,Home & Kitchen,1,2473,2473,CUST-74145,Website
UK-2026-103800,2026-05-09,North,Chandigarh   ,Formal Shirt,Fashion,1,1077,1077,CUST-22578,App
UK-2026-101542,2026-03-10,North,Gurugram,Cotton Bedsheet Set,Home & Kitchen,1,1385,1385,CUST-43452,Website
UK-2026-104768,2026-06-21,East,Patna,Makeup Brush Set,Beauty,2,1334,2668,CUST-97999,Website
UK-2026-104224,2026-06-20,West,Mumbai,Non-Stick Cookware Set,Home & Kitchen,1,2916,2916,CUST-17705,App
UK-2026-100895,2026-02-14,West,Mumbai,Beard Grooming Kit,Beauty,3,1014,3042,CUST-73886,App
UK-2026-100474,2026-01-15,South,Hyderabad,Non-Stick Cookware Set,Home & Kitchen,2,2846,5692,CUST-15950,App
UK-2026-104918,2026-06-27,East,Patna,Gym Gloves,Sports,1,521,521,CUST-45593,App
UK-2026-104745,2026-06-22,North,Delhi,Robot Vacuum R7,Home & Kitchen,1,18738,18738,CUST-97554,App
UK-2026-103171,2026-05-03,North,Delhi,Ionic Hair Dryer,Beauty,1,1826,1826,CUST-67948,Website
UK-2026-104813,2026-06-05,North,Delhi,Football Size 5,Sports,1,942,942,CUST-40082,Marketplace
UK-2026-103114,2026-05-02,West,Pune,Sunscreen SPF50,Beauty,1,551,551,CUST-29839,App
UK-2026-103498,2026-05-26,South,Chennai,Face Wash Combo,Beauty,2,463,926,CUST-46625,Website
UK-2026-100651,2026-01-29,Central,Indore,Slim Fit Jeans,Fashion,1,1535,1535,CUST-15885,Website
UK-2026-102160,2026-03-08,West,Surat,Mixer Grinder 750W,Home & Kitchen,2,3376,6752,CUST-17893,App
UK-2026-102626,2026-04-16,South,Bengaluru,Noise-Cancelling Headphones,Electronics,1,9017,9017,CUST-19905,App
UK-2026-101602,2026-03-20,East,Bhubaneswar,Wireless Earbuds Pro,Electronics,2,2854,5708,CUST-81726,Website
UK-2026-103347,2026-05-09,South,Bengaluru,Wireless Earbuds Pro,Electronics,4,2957,11828,CUST-93858,Website
UK-2026-100656,2026-01-19,Central,Nagpur,Power Bank 20000mAh   ,Electronics,1,1811,1811,CUST-77972,App
UK-2026-102112,2026-03-27,North,Chandigarh,Vitamin C Serum,Beauty,2,718,1436,CUST-34916,Website
UK-2026-101104,2026-02-25,West,Surat,Running Sneakers,Fashion,1,2785,2785,CUST-99757,Marketplace
UK-2026-102217,2026-03-26,West,Ahmedabad,Formal Shirt,Fashion,2,1097,2194,CUST-22645,App
UK-2026-102624,2026-04-06,South,Kochi,Air Fryer 5L,Home & Kitchen,1,5346,5346,CUST-75936,Website
UK-2026-104568,2026-06-06,North,Noida,Gym Gloves,Sports,1,486,486,CUST-79691,App
UK-2026-101325,2026-02-15,West,Ahmedabad,Makeup Brush Set,Beauty,1,1337,1337,CUST-79986,App
UK-2026-104359,2026-06-14,South,Bengaluru,Bluetooth Speaker Mini,Electronics,1,1508,1508 INR,CUST-60739,Marketplace
UK-2026-103399,2026-05-04,North,Delhi,Face Wash Combo,Beauty,1,445,445,CUST-30888,App
UK-2026-100810,2026-02-14,East,Patna,Wireless Earbuds Pro,Electronics,1,3137,3137,CUST-23283,Website
UK-2026-104141,2026-06-27,East,Bhubaneswar,Beard Grooming Kit,Beauty,1,1034,1034,CUST-93445,Website
UK-2026-102079,2026-03-14,North,Delhi,Leather Wallet,Fashion,1,925,925,CUST-47370,App
UK-2026-100968,2026-02-05,West,Ahmedabad,Sunscreen SPF50,Beauty,2,557,1114,CUST-29517,App
UK-2026-102038,2026-03-23,South,Chennai,Yoga Mat Pro,Sports,1,1192,1192,CUST-88001,App
UK-2026-102650,2026-04-08,South,Hyderabad,Bluetooth Speaker Mini,Electronics,1,1535,1535,CUST-39297,Marketplace
UK-2026-102207,2026-03-30,South,kochi,Silk Saree,Fashion,2,3377,6754,CUST-83172,App
UK-2026-100245,2026-01-30,North,Gurugram,Robot Vacuum R7,Home & Kitchen,1,19574,19574,CUST-92115,Marketplace
UK-2026-104896,2026-06-01,North,Noida,Leather Wallet,Fashion,2,909,1818,CUST-60280,Website
UK-2026-102608,2026-04-21,East,Patna,Air Fryer 5L,Home & Kitchen,2,5520,11040,CUST-56757,App
UK-2026-101374,2026-02-21,East,Kolkata,Sunscreen SPF50,Beauty,1,551,551,CUST-35559,Website
UK-2026-104115,2026-06-28,East,Patna,Running Sneakers,Fashion,2,2904,5808,CUST-93583,Website
UK-2026-103989,26-05-26,South,Hyderabad,Bluetooth Speaker Mini,Electronics,1,1435,1435,CUST-23029,Marketplace
UK-2026-103747,2026-05-11,South,Chennai,Running Sneakers,Fashion,1,2924,2924,CUST-12726,Website
UK-2026-102462,2026-04-12,North,Delhi,Vitamin C Serum,Beauty,1,674,674,CUST-22076,Marketplace
UK-2026-103746,12-05-26,South,Bengaluru,Beard Grooming Kit,Beauty,1,969,969,CUST-12487,App
UK-2026-103121,2026-05-09,West,Surat,Slim Fit Jeans,Fashion,,1532,1532,CUST-99877,App
UK-2026-102340,2026-04-18,West,Pune,Bluetooth Speaker Mini,Electronics,1,1472,1472,CUST-29709,App
UK-2026-101192,2026-02-07,West,Pune,Cotton Bedsheet Set,Home & Kitchen,1,1442,1442,CUST-29341,App
UK-2026-103141,2026-05-31,North,Delhi,Formal Shirt,Fashion,3,1134,3402,CUST-78893,Website
UK-2026-102505,2026-04-15,South,Chennai,43-inch Smart TV,Electronics,1,26625,26625,CUST-32030,Website
UK-2026-102176,2026-03-06,South,Kochi,Silk Saree,Fashion,1,3671,3671,CUST-64368,Website
UK-2026-101697,2026-03-01,South,Chennai,Bluetooth Speaker Mini,Electronics,2,1483,2966,CUST-78251,App
UK-2026-100366,2026-01-20,South,Chennai,Running Sneakers,Fashion,1,2841,2841,CUST-94105,App
UK-2026-101527,2026-03-21,North,Noida,Cotton Bedsheet Set,Home & Kitchen,1,1344,1344,CUST-44220,App
UK-2026-103719,2026-05-23,South,Chennai,43-inch Smart TV,Electronics,4,24766,99064,CUST-99185,Website
UK-2026-100298,2026-01-06,West,Pune,Ionic Hair Dryer,Beauty,2,1886,3772,CUST-96478,Marketplace
UK-2026-100348,24/01/2026,South,Kochi,Non-Stick Cookware Set,Home & Kitchen,1,2783,2783,CUST-51511,App
UK-2026-104160,2026-06-18,South,Bangalore,Leather Wallet,Fashion,1,912,912,CUST-66871,Website
UK-2026-102547,2026-04-14,South,Bengaluru,Smart Watch X2,Electronics,4,4308,17232,CUST-58667,App
UK-2026-102292,2026-04-16,North,Noida,Running Sneakers,Fashion,1,2860,2860,CUST-49831,App
UK-2026-100856,2026-02-02,South,Chennai,Gym Gloves,Sports,2,519,1038,CUST-61409,Website
UK-2026-101869,2026-03-13,Central,Raipur,Cricket Bat English Willow,Sports,1,9152,9152,CUST-80979,App
UK-2026-104537,2026-06-21,Central,Indore,Smart Watch X2,Electronics,2,4431,8862,CUST-75009,Marketplace
UK-2026-102489,2026-04-29,South,Bengaluru,Power Bank 20000mAh,Electronics,2,1880,3760,CUST-45967,App
UK-2026-100682,2026-01-13,East,Kolkata,Running Sneakers,Fashion,1,2921,2921,CUST-26867,App
UK-2026-103048,2026-04-17,North,gurugram,Makeup Brush Set,Beauty,1,1280,1280,CUST-91853,Website
UK-2026-101468,2026-03-08,South,Hyderabad,Cotton Kurta Set,Fashion,,1332,1332,CUST-88688,Marketplace
UK-2026-103727,2026-05-16,North,Chandigarh,Power Bank 20000mAh,Electronics,2,1860,,CUST-77458,App
UK-2026-104758,2026-06-13,West,Mumbai,Non-Stick Cookware Set,Home & Kitchen,2,2808,5616,CUST-69367,App
UK-2026-104827,2026-06-17,South,Kochi,Badminton Racket Set,Sports,1,2425,2425,CUST-53639,App
UK-2026-102668,2026-04-13,South,Kochi,Formal Shirt,Fashion,1,1078,1078,CUST-50351,Website
UK-2026-102613,2026-04-21,East,Patna,Noise-Cancelling Headphones,Electronics,3,9079,27237,CUST-95309,App
UK-2026-101820,2026-03-19,Central,Nagpur,Noise-Cancelling Headphones,Electronics,1,8712,8712,CUST-85289,Website
UK-2026-103519,2026-05-13,Central,Indore,Modern Wall Clock,Home & Kitchen,1,805,805,CUST-21011,App
UK-2026-102710,2026-04-03,North,Chandigarh,Non-Stick Cookware Set,Home & Kitchen,1,2893,2893,CUST-82797,App
UK-2026-104721,2026-06-02,South,Chennai,Slim Fit Jeans,Fashion,-1,1529,1529,CUST-79986,App
UK-2026-104878,12-06-26,West,Ahmedabad,Air Fryer 5L,Home & Kitchen,1,5680,5680,CUST-13840,App
UK-2026-100851,2026-02-12,East,Bhubaneswar,Leather Wallet,Fashion,3,906,2718,CUST-79575,App
UK-2026-104210,2026-06-26,South,Chennai,43-inch Smart TV,Electronics,1,26423,26423,CUST-77236,Website
UK-2026-100198,2026-01-28,North,Chandigarh,Bluetooth Speaker Mini,Electronics,1,1472,1472,CUST-80175,Marketplace
UK-2026-100234,2026-01-04,West,Pune,Yoga Mat Pro,Sports,1,1152,1152,CUST-11099,App
UK-2026-104236,2026-06-12,South,Bengaluru,Face Wash Combo,Beauty,1,456,456,CUST-61299,Website
UK-2026-100264,2026-01-13,North,Delhi,Yoga Mat Pro,Sports,1,1204,1204,CUST-88387,Website
UK-2026-101350,2026-02-22,East,Guwahati,Formal Shirt,Fashion,1,1061,1061,CUST-38315,Website
UK-2026-102612,2026-04-06,East,Patna,Bluetooth Speaker Mini,Electronics,1,1545,1545,CUST-24228,App
UK-2026-101512,2026-03-23,West,Pune,Robot Vacuum R7,Home & Kitchen,1,18711,18711,CUST-58234,Website
UK-2026-103711,2026-05-08,East,Guwahati,Bluetooth Speaker Mini,Electronics,2,1555,3110,CUST-45535,Website
UK-2026-101465,2026-03-17,North,Chandigarh,Denim Jacket,Fashion,2,2289,4578,CUST-64368,Website
UK-2026-103378,2026-05-12,South,Kochi,Robot Vacuum R7,Home & Kitchen,1,18119,18119,CUST-50351,App
UK-2026-102535,2026-04-03,North,Delhi,Ultrabook Air 14,Electronics,1,28764,28764,CUST-44547,Marketplace
UK-2026-102783,2026-04-12,North,GGN,Eau de Parfum 100ml,Beauty,2,2056,4112,CUST-30652,Marketplace
UK-2026-100387,2026-01-01,West,Surat,Robot Vacuum R7,Home & Kitchen,1,19123,19123,CUST-74550,Website
UK-2026-101929,2026-03-23,South,Bengaluru,Face Wash Combo,Beauty,1,467,467,CUST-45418,App
UK-2026-104419,2026-06-18,South,Kochi,Smart Watch X2,Electronics,2,4576,9152,CUST-23575,Marketplace
UK-2026-102091,2026-03-26,East,Patna,Smart Watch X2,Electronics,2,4276,8552,CUST-99185,Website
UK-2026-100057,2026-01-18,South,Bengaluru,Ultrabook Air 14,Electronics,2,29635,59270,CUST-21102,Website
UK-2026-102452,2026-04-11,North,Gurugram,Non-Stick Cookware Set,Home & Kitchen,3,2996,8988,CUST-48812,Website
UK-2026-104783,2026-06-24,West,Ahmedabad,Electric Kettle 1.5L,Home & Kitchen,1,1073,1073,CUST-96368,Marketplace
UK-2026-103644,2026-05-29,North,Delhi,Ionic Hair Dryer,Beauty,2,1844,3688,CUST-45581,App
UK-2026-102993,2026-04-29,South,Chennai,Foldable Treadmill T2,Sports,1,25765,25765,CUST-78508,App
UK-2026-100027,16/01/2026,North,Chandigarh,Foldable Treadmill T2,Sports,2,25649,51298,CUST-73713,Website
UK-2026-101729,2026-03-23,West,Pune,Matte Lipstick Set,Beauty,,865,865,CUST-51124,Website
UK-2026-102968,2026-04-21,North,Delhi,Electric Kettle 1.5L,Home & Kitchen,1,1152,1152 INR,CUST-86150,App
UK-2026-103200,2026-05-04,South,Hyderabad,Makeup Brush Set,Beauty,1,1266,1266,CUST-72056,Website
UK-2026-103326,2026-05-06,West,Mumbai,Electric Kettle 1.5L,Home & Kitchen,1,1074,1074,CUST-57907,App
UK-2026-103935,2026-05-19,Central,Raipur,Cotton Kurta Set,Fashion,2,1236,2472,CUST-55229,App
UK-2026-100079,2026-01-18,South,Kochi,Running Sneakers,Fashion,2,2694,5388,CUST-70207,App
UK-2026-102087,2026-03-14,West,Mumbai,Robot Vacuum R7,Home & Kitchen,2,19696,39392,CUST-47833,App
UK-2026-102366,2026-04-23,South,Cochin,Dinner Set 24pc,Home & Kitchen,3,2542,7626,CUST-41504,App
UK-2026-103340,2026-05-22,West,Mumbai,Power Bank 20000mAh,Electronics,2,1730,3460,CUST-64408,Website
UK-2026-103904,2026-05-17,South,Chennai,Mirrorless Camera Lite,Electronics,2,28336,56672,CUST-52204,App
UK-2026-101543,2026-03-22,South,Bengaluru,Running Sneakers,Fashion,1,2933,2933,CUST-67255,Marketplace
UK-2026-101426,2026-02-16,South,Bengaluru,Cotton Kurta Set,Fashion,1,1325,1325,CUST-22552,Website
UK-2026-102631,2026-04-15,West,Mumbai,Electric Kettle 1.5L,Home & Kitchen,1,1103,1103,CUST-89049,App
UK-2026-103403,2026-05-23,East,Bhubaneswar,Denim Jacket,Fashion,1,2295,2295,CUST-29077,Website
UK-2026-102518,2026-04-06,North,Chandigarh,Denim Jacket,Fashion,1,2095,2095,CUST-13674,App
UK-2026-102263,2026-04-22,East,Bhubaneswar,silk saree,Fashion,1,3391,3391,CUST-23472,App
UK-2026-101406,2026-02-06,Central,Raipur,  Adjustable Dumbbells 15kg,Sports,1,4808,4808,CUST-26548,App
UK-2026-100933,2026-02-22,South,Hyderabad,Robot Vacuum R7,Home & Kitchen,1,18648,18648,CUST-66933,Marketplace
UK-2026-100736,2026-02-24,West,Ahmedabad,Mirrorless Camera Lite,Electronics,3,29143,87429,CUST-63279,App
UK-2026-100189,2026-01-03,South,Chennai   ,Smart Watch X2,Electronics,2,4633,9266,CUST-65593,App
UK-2026-103004,2026-04-01,West,Pune,Cycling Helmet,Sports,1,1624,1624,CUST-59186,App
UK-2026-101807,2026-03-31,East,Kolkata,Non-Stick Cookware Set,Home & Kitchen,2,2761,5522,CUST-45418,App
UK-2026-101778,2026-03-04,South,  Kochi,Makeup Brush Set,Beauty,1,1269,1269,CUST-18203,Website
UK-2026-103620,2026-05-24,Central,Raipur,Mixer Grinder 750W,Home & Kitchen,2,3218,6436,CUST-52788,Website
UK-2026-103477,2026-05-31,South,Kochi,Mirrorless Camera Lite,Electronics,1,29671,29671,CUST-99733,Website
UK-2026-101026,2026-02-07,North,Chandigarh,Bluetooth Speaker Mini,Electronics,1,1445,1445,CUST-47775,App
UK-2026-104163,2026-06-05,West,Pune,Leather Wallet,Fashion,3,921,2763,CUST-17893,App
UK-2026-102240,2026-03-20,East,Guwahati,Silk Saree,Fashion,1,3542,3542,CUST-92204,App
UK-2026-103053,2026-04-14,West,Ahmedabad,Formal Shirt,Fashion,1,1124,1124,CUST-18847,App
UK-2026-102811,2026-04-18,South,Kochi,Beard Grooming Kit,Beauty,1,966,966,CUST-11869,Website
UK-2026-103383,2026-05-28,West,Ahmedabad,Ionic Hair Dryer,Beauty,1,1812,1812,CUST-47274,Marketplace
UK-2026-102908,2026-04-18,East,Patna,Formal Shirt,Fashion,1,1080,1080,CUST-90932,App
UK-2026-104042,2026-06-15,North,Delhi,Ultrabook Air 14,Electronics,2,29409,58818,CUST-29495,Marketplace
UK-2026-103374,07-05-26,Central,Nagpur,Ultrabook Air 14,Electronics,1,29677,29677,CUST-97141,Website
UK-2026-102015,2026-03-02,West,Pune,Ultrabook Air 14,Electronics,2,28549,57098,CUST-23943,App
UK-2026-101724,2026-03-19,South,Madras,Smart Watch X2,Electronics,1,4367,4367,CUST-45850,App
UK-2026-104285,2026-06-11,West,Ahmedabad,Silk Saree,Fashion,1,3402,3402,CUST-86253,App
UK-2026-103496,2026-05-20,South,Hyderabad,Air Fryer 5L,Home & Kitchen,3,5258,15774,CUST-24188,App
UK-2026-104651,2026-06-24,Central,Nagpur,Leather Wallet,Fashion,0,942,1884,CUST-57265,Marketplace
UK-2026-104183,2026-06-07,South,BLR,Silk Saree,Fashion,2,3603,7206,CUST-71998,Website
UK-2026-101331,2026-02-13,South,Chennai,Denim Jacket,Fashion,1,2283,2283,CUST-79223,Website
UK-2026-103307,2026-05-02,West,Pune,43-inch Smart TV,Electronics,1,25101,25101,CUST-99805,Website
UK-2026-103621,2026-05-31,West,Pune,Yoga Mat Pro,Sports,2,1238,"₹2,476",CUST-25006,Website
UK-2026-102778,2026-04-30,Central,Nagpur,43-inch Smart TV,Electronics,2,25111,50222,CUST-95699,Marketplace
UK-2026-101176,21-02-26,North,Gurugram,Face Wash Combo,Beauty,1,449,449,CUST-59106,App
UK-2026-102951,2026-04-01,Central,Nagpur,43-inch Smart TV,Electronics,2,25815,51630,CUST-86571,App
UK-2026-102309,2026-04-24,Central,Nagpur,Sunscreen SPF50,Beauty,2,526,1052,CUST-51443,App
UK-2026-100510,2026-01-21,North,Noida,Robot Vacuum R7,Home & Kitchen,-2,19152,19152,CUST-29701,App
UK-2026-103276,2026-05-14,East,Kolkata,Robot Vacuum R7,Home & Kitchen,1,19714,19714,CUST-70508,Website
UK-2026-101129,2026-02-25,West,Pune,Electric Kettle 1.5L,Home & Kitchen,1,1057,1057,CUST-71543,App
UK-2026-102550,2026-04-25,East,Kolkata,Matte Lipstick Set,Beauty,1,869,869,CUST-66337,Website
UK-2026-100460,2026-01-10,North,Noida,Slim Fit Jeans,Fashion,1,1581,1581,CUST-78126,App
UK-2026-102654,2026-04-18,North,Noida,Makeup Brush Set,Beauty,2,1333,2666,CUST-75667,Marketplace
UK-2026-104892,2026-06-14,North,Gurugram,Football Size 5,Sports,1,891,891,CUST-51705,App
UK-2026-101393,2026-02-21,West,Pune,Dinner Set 24pc,Home & Kitchen,1,2376,2376,CUST-41910,App
UK-2026-101827,2026-03-01,East,Guwahati,Running Sneakers,Fashion,1,2903,2903,CUST-12161,Website
UK-2026-100111,2026-01-26,East,Bhubaneswar,Sunscreen SPF50,Beauty,2,547,1094,CUST-96110,App
UK-2026-100722,2026-02-20,North,Delhi,Dinner Set 24pc,Home & Kitchen,1,2579,2579,CUST-90210,Website
UK-2026-104550,2026-06-07,North,Chandigarh,Silk Saree,Fashion,-1,3358,6716,CUST-84774,App
UK-2026-103292,2026-05-03,North,Noida,Sunscreen SPF50,Beauty,1,574,574,CUST-25928,Website
UK-2026-102345,2026-04-18,Central,Bhopal,Mixer Grinder 750W,Home & Kitchen,1,3393,3393,CUST-63707,App
UK-2026-100182,2026-01-31,East,Guwahati,Robot Vacuum R7,Home & Kitchen,,18501,18501,CUST-42768,App
UK-2026-103252,2026-05-31,North,Noida,Electric Kettle 1.5L,Home & Kitchen,1,1116,1116,CUST-36443,Website
UK-2026-103323,2026-05-02,East,Kolkata,Silk Saree,Fashion,2,3541,7082,CUST-51443,Website
UK-2026-103461,2026-05-01,South,Chennai,Matte Lipstick Set,Beauty,2,864,1728,CUST-74550,App
UK-2026-100729,2026-02-12,East,Kolkata,Power Bank 20000mAh,Electronics,2,1822,3644,CUST-66871,App
UK-2026-102323,2026-04-23,South,Kochi,Leather Wallet,Fashion,1,925,925,CUST-14193,App
UK-2026-104241,2026-06-04,Central,Raipur,Silk Saree,Fashion,1,3426,3426,CUST-98766,Website
UK-2026-104140,2026-06-22,East,Patna,Yoga Mat Pro,Sports,1,1202,1202,CUST-86916,Website
UK-2026-103930,16/05/2026,North,Noida,Bluetooth Speaker Mini,Electronics,1,1553,1553,CUST-78508,App
UK-2026-103329,2026-05-26,South,Kochi,Denim Jacket,Fashion,1,2093,2093,CUST-58514,Marketplace
UK-2026-101441,2026-02-08,East,Bhubaneswar,Cotton Kurta Set,Fashion,2,1302,2604,CUST-13089,Website
UK-2026-102274,2026-04-15,South,Bengaluru,Bluetooth Speaker Mini,Electronics,1,1524,1524,CUST-95309,Marketplace
UK-2026-101627,2026-03-17,West,Mumbai,Ethnic Dupatta,Fashion,4,488,1952,CUST-58522,App
UK-2026-102097,2026-03-23,South,Bengaluru,43-inch Smart TV,Electronics,1,25001,25001,CUST-67636,Website
UK-2026-104466,2026-06-22,West,Surat,Electric Kettle 1.5L,Home & Kitchen,1,1063,1063,CUST-40122,App
UK-2026-101530,2026-03-01,West,Pune,Dinner Set 24pc,Home & Kitchen,2,2500,"5,000.00",CUST-25849,Website
UK-2026-102652,2026-04-08,West,Pune,Robot Vacuum R7,Home & Kitchen,1,19941,19941,CUST-70288,Marketplace
UK-2026-100049,2026-01-05,South,Kochi,Ionic Hair Dryer,Beauty,2,1889,3778,CUST-50500,Website
UK-2026-102549,2026-04-13,Central,Bhopal,Running Sneakers,Fashion,2,2916,5832,CUST-95604,Website
UK-2026-100052,2026-01-04,North,Chandigarh,Air Fryer 5L,Home & Kitchen,1,5536,5536,CUST-73454,Marketplace
UK-2026-100860,2026-02-18,South,Bengaluru,Foldable Treadmill T2,Sports,1,23826,23826,CUST-71070,Marketplace
UK-2026-102248,2026-04-22,North,Noida,Denim Jacket,Fashion,2,2287,4574,CUST-15067,Website
UK-2026-104905,2026-06-11,West,Ahmedabad,Cotton Kurta Set,Fashion,1,1313,1313,CUST-22305,App
UK-2026-100488,2026-01-29,North,Noida,Dinner Set 24pc,Home & Kitchen,1,2472,2472,CUST-97058,App
UK-2026-100230,2026-01-29,West,Surat,Formal Shirt,Fashion,1,1130,1130,CUST-95273,Website
UK-2026-104699,2026-06-11,North,Noida,Wireless Earbuds Pro,Electronics,,3018,3018,CUST-71543,Marketplace
UK-2026-102305,2026-04-03,West,Surat,Vitamin C Serum,Beauty,2,705,1410,CUST-52718,App
UK-2026-102396,2026-04-24,South,Hyderabad,Mixer Grinder 750W,Home & Kitchen,1,3391,3391,CUST-14815,Marketplace
UK-2026-102851,2026-04-26,South,Cochin,Makeup Brush Set,Beauty,4,1362,5448,CUST-21293,Website
UK-2026-101851,2026-03-01,South,Bengaluru,Noise-Cancelling Headphones,Electronics,3,8704,26112,CUST-14815,Marketplace
UK-2026-103162,2026-05-11,North,Delhi,Gym Gloves,Sports,1,499,499,CUST-40703,Website
UK-2026-101088,2026-02-18,South,Bengaluru,Formal Shirt,Fashion,2,1140,2280,CUST-12973,Website
UK-2026-103164,2026-05-26,North,Delhi,Power Bank 20000mAh,Electronics,1,1760,1760,CUST-34699,App
UK-2026-101012,2026-02-25,South,Kochi,Ultrabook Air 14,Electronics,1,31481,31481,CUST-11966,App
UK-2026-102271,2026-04-17,North,Delhi,Ethnic Dupatta,Fashion,1,512,512,CUST-83847,App
UK-2026-102055,2026-03-20,West,Mumbai,Robot Vacuum R7,Home & Kitchen,1,18669,18669,CUST-70288,App
UK-2026-104541,2026-06-12,West,Mumbai,Modern Wall Clock,Home & Kitchen,1,777,777,CUST-12350,App
UK-2026-103233,2026-05-22,South,Kochi,Bluetooth Speaker Mini,Electronics,1,1500,1500,CUST-26867,App
UK-2026-101522,2026-03-24,North,Noida,Dinner Set 24pc,Home & Kitchen,1,2448,2448,CUST-28429,App
UK-2026-102159,"Mar 30, 2026",North,Noida,Football Size 5,Sports,1,917,917,CUST-55681,Marketplace
UK-2026-102508,2026-04-20,Central,Indore,Denim Jacket,Fashion,2,2090,4180,CUST-69911,App
UK-2026-100373,2026-01-19,North,Noida,Power Bank 20000mAh,Electronics,1,1723,1723,CUST-89199,App
UK-2026-102503,2026-04-10,South,Hyderabad,Vitamin C Serum,Beauty,2,705,1410,CUST-72425,Website
UK-2026-102228,2026-03-28,West,Pune,Electric Kettle 1.5L,Home & Kitchen,1,1103,1103 INR,CUST-66294,App
UK-2026-103705,2026-05-17,South,Bengaluru,Leather Wallet,Fashion,2,899,1798,CUST-19817,Website
UK-2026-103425,2026-05-02,South,Hyderabad,43-inch Smart TV,Electronics,3,27255,81765,CUST-86841,App
UK-2026-102141,2026-03-18,North,Noida,Cycling Helmet,Sports,1,1543,1543,CUST-64107,App
UK-2026-101195,2026-02-10,East,Kolkata,Silk Saree,Fashion,1,3468,3468,CUST-75906,Website
UK-2026-104447,2026-06-01,North,Noida,43-inch Smart TV,Electronics,1,26194,26194,CUST-40857,Marketplace
UK-2026-103029,2026-04-23,,Nagpur,Slim Fit Jeans,Fashion,1,1671,1671,CUST-32056,Website
UK-2026-104890,2026-06-28,South,Hyderabad,Bluetooth Speaker Mini,Electronics,2,1558,3116,CUST-43452,Marketplace
UK-2026-104431,2026-06-21,North,Noida,Denim Jacket,Fashion,1,2160,2160,CUST-41325,App
UK-2026-101680,2026-03-07,South,Chennai,Mirrorless Camera Lite,Electronics,2,28559,57118,CUST-70545,Website
UK-2026-102307,07-04-26,South,Kochi,Leather Wallet,Fashion,1,880,880,CUST-35125,App
UK-2026-101005,2026-02-11,West,Surat,Ultrabook Air 14,Electronics,4,31127,124508,CUST-37849,Marketplace
UK-2026-100446,2026-01-02,North,Gurugram,Denim Jacket,Fashion,2,2154,4308,CUST-32589,Website
UK-2026-100574,2026-01-28,North,Delhi,Mirrorless Camera Lite,Electronics,1,30065,30065,CUST-43420,Marketplace
UK-2026-102913,2026-04-04,North,Delhi,43-inch Smart TV,Electronics,1,26652,26652,CUST-16186,Website
UK-2026-101744,2026-03-18,East,Bhubaneswar,Smart Watch X2,Electronics,1,4712,4712,CUST-17592,Website
UK-2026-104559,2026-06-07,South,Hyderabad,Mixer Grinder 750W,Home & Kitchen,2,3362,6724,CUST-11517,App
UK-2026-102752,2026-04-28,East,Bhubaneswar,Noise-Cancelling Headphones,Electronics,3,9408,28224,CUST-66676,Marketplace
UK-2026-102303,2026-04-03,West,Mumbai,Bluetooth Speaker Mini,Electronics,1,1462,1462,CUST-52323,App
UK-2026-104838,2026-06-01,North,Noida,Noise-Cancelling Headphones,Electronics,1,8656,8656,CUST-36818,Website
UK-2026-104355,2026-06-18,South,Bengaluru,Slim Fit Jeans,Fashion,1,1559,1559,CUST-81687,App
UK-2026-103520,2026-05-01,North,Chandigarh,Football Size 5,Sports,1,932,932,CUST-23162,Website
UK-2026-101605,2026-03-13,West,Surat,Gym Gloves,Sports,2,483,966,CUST-14512,App
UK-2026-102728,2026-04-14,Central,Indore,Matte Lipstick Set,Beauty,1,942,942,CUST-20616,Website
UK-2026-100892,2026-02-21,Central,Raipur,Beard Grooming Kit,Beauty,1,995,,CUST-24534,Website
UK-2026-103523,2026-05-30,South,Hyderabad,Cotton Kurta Set,Fashion,2,1350,2700,CUST-57164,App
UK-2026-100248,2026-01-26,North,Gurugram,Running Sneakers,Fashion,1,2823,2823,CUST-68681,App
UK-2026-104793,2026-06-28,East,Kolkata,Ultrabook Air 14,Electronics,1,29421,29421,CUST-58233,App
UK-2026-104641,2026-06-11,South,Kochi,Non-Stick Cookware Set,Home & Kitchen,1,2798,2798,CUST-59637,Marketplace
UK-2026-104075,2026-06-08,East,Patna,Matte Lipstick Set,Beauty,2,918,1836,CUST-42369,Marketplace
UK-2026-100002,2026-01-01,South,Chennai,Cotton Bedsheet Set,Home & Kitchen,1,1448,1448,CUST-84370,App
UK-2026-104109,2026-06-02,Central,Raipur,Adjustable Dumbbells 15kg,Sports,2,4812,9624,CUST-68681,Website
UK-2026-104949,2026-06-19,West,Ahmedabad,Matte Lipstick Set,Beauty,1,909,909,CUST-72931,Website
UK-2026-101553,2026-03-23,South,Bengaluru,Formal Shirt,Fashion,1,1096,1096,CUST-44911,Marketplace
UK-2026-103466,2026-05-05,South,Kochi,Ultrabook Air 14,Electronics,2,30207,60414,CUST-22076,App
UK-2026-104644,2026-06-05,West,Ahmedabad,Leather Wallet,Fashion,1,881,881,CUST-51928,Marketplace
UK-2026-102541,2026-04-23,South,Kochi,Dinner Set 24pc,Home & Kitchen,1,2567,2567,CUST-71878,App
UK-2026-101971,2026-03-30,Central,Raipur,Electric Kettle 1.5L,Home & Kitchen,1,1109,1109,CUST-82468,Marketplace
UK-2026-101063,2026-02-22,West,Ahmedabad,Noise-Cancelling Headphones,Electronics,2,8989,17978,CUST-62618,App
UK-2026-103415,30-05-26,West,Ahmedabad,Football Size 5,Sports,1,890,890,CUST-17902,App
UK-2026-104980,2026-06-21,East,Patna,Cricket Bat English Willow,Sports,1,9386,9386,CUST-15771,Marketplace
UK-2026-103495,2026-05-25,East,Guwahati,Air Fryer 5L,Home & Kitchen,1,5329,5329,CUST-47110,App
UK-2026-104506,2026-06-25,South,Hyderabad,Mixer Grinder 750W,Home & Kitchen,1,3330,3330,CUST-80005,App
UK-2026-102649,2026-04-04,East,Bhubaneswar,Cotton Kurta Set,Fashion,1,1337,1337,CUST-98895,Website
UK-2026-103617,2026-05-15,North,New Delhi,Robot Vacuum R7,Home & Kitchen,3,18855,56565,CUST-24930,App
UK-2026-102093,2026-03-20,West,Bombay,43-inch Smart TV,Electronics,2,25820,51640,CUST-86793,Marketplace
UK-2026-103923,2026-05-25,Central,Indore,Matte Lipstick Set,Beauty,1,937,937,CUST-56544,App
UK-2026-104271,2026-06-28,South,Madras,Foldable Treadmill T2,Sports,2,25642,51284,CUST-25742,Website
UK-2026-102491,2026-04-09,West,Ahmedabad,Dinner Set 24pc,Home & Kitchen,1,2389,,CUST-95040,Marketplace
UK-2026-100890,2026-02-06,South,Kochi,Ultrabook Air 14,Electronics,1,29225,29225,CUST-23847,App
UK-2026-104069,2026-06-19,East,Bhubaneswar,Sunscreen SPF50,Beauty,2,544,1088,CUST-42447,Website
UK-2026-104936,2026-06-10,Central,Nagpur,Dinner Set 24pc,Home & Kitchen,1,2611,2611,CUST-71665,App
UK-2026-103987,2026-05-06,East,Bhubaneswar,Dinner Set 24pc,Home & Kitchen,4,2523,10092,CUST-80123,Marketplace
UK-2026-101413,24-02-26,North,Gurugram,Denim Jacket,Fashion,1,2291,2291,CUST-46322,App
UK-2026-102776,2026-04-19,North,Noida,Adjustable Dumbbells 15kg,Sports,2,5200,10400,CUST-71782,Website
UK-2026-101381,2026-02-06,East,Patna,Makeup Brush Set,Beauty,2,1261,2522,CUST-87040,App
UK-2026-100386,"Jan 24, 2026",West,Pune,Robot Vacuum R7,Home & Kitchen,1,19220,19220,CUST-72778,App
UK-2026-101081,2026-02-10,South,Hyderabad,Face Wash Combo,Beauty,1,456,456,CUST-25345,Marketplace
UK-2026-103113,2026-05-01,South,Kochi,Ethnic Dupatta,Fashion,2,492,984,CUST-44762,App
UK-2026-102978,2026-04-11,Central,Nagpur,Cycling Helmet,Sports,1,1544,1544,CUST-20562,Website
UK-2026-101633,2026-03-05,East,Patna,Leather Wallet,Fashion,2,934,1868,CUST-15226,App
UK-2026-103771,2026-05-29,North,Chandigarh,Wireless Earbuds Pro,Electronics,2,3127,6254,CUST-82261,Marketplace
UK-2026-102744,2026-04-10,North,Chandigarh,43-inch Smart TV,Electronics,1,25351,25351,CUST-27646,Marketplace
UK-2026-100074,2026-01-24,East,Guwahati,Formal Shirt,Fashion,1,1070,"₹1,070",CUST-46876,App
UK-2026-100765,2026-02-11,East,Bhubaneswar,Beard Grooming Kit,Beauty,2,1035,2070,CUST-78759,App
UK-2026-103255,2026-05-03,West,Pune,Mixer Grinder 750W,Home & Kitchen,1,3151,3151,CUST-46624,App
UK-2026-104685,2026-06-09,East,Bhubaneswar,Mirrorless Camera Lite,Electronics,2,29900,59800,CUST-21059,App
UK-2026-100127,2026-01-08,South,Kochi,Denim Jacket,Fashion,1,2095,2095,CUST-16630,App
UK-2026-103675,2026-05-07,West,Pune,43-inch Smart TV,Electronics,1,25205,25205,CUST-12161,Website
UK-2026-102753,2026-04-15,West,Ahmedabad,Denim Jacket,Fashion,2,2116,4232,CUST-96368,Website
UK-2026-100197,2026-01-25,South,Hyderabad,Ultrabook Air 14,Electronics,2,29990,59980,CUST-89123,App
UK-2026-100667,2026-01-13,North,Gurugram,Non-Stick Cookware Set,Home & Kitchen,1,3006,3006,CUST-27611,Website
UK-2026-101906,2026-03-07,Central,Nagpur,Eau de Parfum 100ml,Beauty,2,2043,4086,CUST-53645,Website
UK-2026-100105,2026-01-09,South,Chennai,Cotton Kurta Set,Fashion,1,1307,1307,CUST-64107,Website
UK-2026-104354,2026-06-24,North,Delhi,Running Sneakers,Fashion,2,2692,5384,CUST-87531,App
UK-2026-101321,2026-02-19,Central,Raipur,Matte Lipstick Set,Beauty,1,897,897,CUST-25345,App
UK-2026-101632,2026-03-08,South,Hyderabad,Running Sneakers,Fashion,1,2743,2743,CUST-19250,App
UK-2026-103842,2026-05-09,North,Delhi,Cotton Bedsheet Set,Home & Kitchen,4,1434,5736,CUST-98402,Website
UK-2026-103874,2026-05-17,North,Chandigarh,Denim Jacket,Fashion,1,2178,2178,CUST-51907,Website
UK-2026-103445,2026-05-10,South,Bangalore,Ethnic Dupatta,Fashion,2,502,1004,CUST-85490,Website
UK-2026-103583,2026-05-26,West,Surat,Ultrabook Air 14,Electronics,1,28516,28516,CUST-27368,Marketplace
UK-2026-101737,2026-03-10,East,Bhubaneswar,wireless earbuds pro,Electronics,1,3042,3042,CUST-91791,App
UK-2026-104684,2026-06-21,West,Ahmedabad,Running Sneakers,Fashion,1,2917,2917,CUST-81726,Marketplace
UK-2026-104920,01/06/2026,West,Surat,Vitamin C Serum,Beauty,4,704,2816,CUST-71042,Website
UK-2026-104800,2026-06-29,South,Hyderabad,Mirrorless Camera Lite,Electronics,2,29020,58040,CUST-88001,Marketplace
UK-2026-103032,2026-04-04,East,Patna,Football Size 5,Sports,1,941,941,CUST-99273,Marketplace
UK-2026-102592,2026-04-12,Central,Bhopal,Robot Vacuum R7,Home & Kitchen,2,18212,36424,CUST-62211,Marketplace
UK-2026-103652,2026-05-31,South,Kochi,Adjustable Dumbbells 15kg,Sports,3,5050,15150,CUST-44350,App
UK-2026-102474,17/04/2026,South,Kochi,Sunscreen SPF50,Beauty,3,530,1590,CUST-13909,Website
UK-2026-104590,2026-06-02,West,Bombay,Formal Shirt,Fashion,2,1053,2106,CUST-23861,Website
UK-2026-103333,2026-05-23,East,Bhubaneswar,Makeup Brush Set,Beauty,2,1301,2602,CUST-27455,App
UK-2026-102640,2026-04-27,South,kochi,Wireless Earbuds Pro,Electronics,1,3064,3064,CUST-89662,App
UK-2026-103924,2026-05-30,South,Kochi,Vitamin C Serum,Beauty,1,711,711,CUST-83103,App
UK-2026-102982,2026-04-09,South,Chennai,Makeup Brush Set,Beauty,1,1318,1318,CUST-35231,Website
UK-2026-100543,2026-01-02,South,Hyderabad,Matte Lipstick Set,Beauty,,932,932,CUST-15982,Marketplace
UK-2026-100439,2026-01-23,West,Mumbai,Noise-Cancelling Headphones,Electronics,1,8842,8842,CUST-72931,App
UK-2026-100359,2026-01-08,East,Bhubaneswar,Power Bank 20000mAh,Electronics,1,1858,"1,858.00",CUST-74020,App
UK-2026-101359,2026-02-21,South,Hyderabad,Foldable Treadmill T2,Sports,1,24724,24724,CUST-61967,App
UK-2026-102897,2026-04-11,South,Bengaluru,Smart Watch X2,Electronics,1,4543,4543,CUST-13176,App
UK-2026-104676,2026-06-13,South,Chennai,Ethnic Dupatta,Fashion,2,481,962,CUST-16723,Website
UK-2026-104423,2026-06-18,North,Noida,Ionic Hair Dryer,Beauty,2,1989,3978,CUST-49407,App
UK-2026-104707,2026-06-26,Central,Bhopal,Slim Fit Jeans,Fashion,1,1613,1613,CUST-18563,App
UK-2026-100342,2026-01-11,South,Chennai,Modern Wall Clock,Home & Kitchen,1,807,807,CUST-71026,App
UK-2026-104117,2026-06-21,Central,Nagpur,Silk Saree,Fashion,1,3665,3665,CUST-53648,Marketplace
UK-2026-103798,2026-05-12,East,Bhubaneswar,  Bluetooth Speaker Mini,Electronics,1,1425,1425,CUST-37990,Marketplace
UK-2026-102791,2026-04-04,South,Kochi,Denim Jacket,Fashion,2,2280,4560,CUST-65871,Marketplace
UK-2026-103464,2026-05-02,West,Surat,Power Bank 20000mAh,Electronics,1,1757,1757,CUST-78616,App
UK-2026-102328,2026-04-19,West,Surat,Running Sneakers,Fashion,1,2760,2760,CUST-61610,Website
UK-2026-104422,2026-06-13,North,Chandigarh,Ethnic Dupatta,Fashion,4,518,2072,CUST-13583,App
UK-2026-104695,2026-06-09,South,Chennai,Bluetooth Speaker Mini,Electronics,1,1457,1457,CUST-12701,Marketplace
UK-2026-103024,2026-04-16,South,Chennai,Silk Saree,Fashion,1,3649,3649,CUST-72022,Website
UK-2026-101987,2026-03-24,,Hyderabad,Beard Grooming Kit,Beauty,1,987,987,CUST-77100,App
UK-2026-102143,2026-03-26,West,Pune,Power Bank 20000mAh,Electronics,1,1848,1848,CUST-29969,App
UK-2026-101201,2026-02-26,Central,Indore,Running Sneakers,Fashion,2,2798,5596,CUST-37179,App
UK-2026-100408,01/01/2026,West,Pune,Robot Vacuum R7,Home & Kitchen,1,18208,18208,CUST-29095,Website
UK-2026-102749,2026-04-06,West,Ahmedabad,Non-Stick Cookware Set,Home & Kitchen,1,2900,2900,CUST-55681,App
UK-2026-102737,2026-04-26,West,Surat,Running Sneakers,Fashion,1,2853,2853,CUST-95273,App
UK-2026-103325,2026-05-19,South,Kochi,Robot Vacuum R7,Home & Kitchen,1,19894,19894,CUST-21652,App
UK-2026-104019,2026-05-26,North,Delhi,Electric Kettle 1.5L,Home & Kitchen,1,1132,1132,CUST-82158,Marketplace
UK-2026-100633,2026-01-18,Central,Indore,Face Wash Combo,Beauty,1,443,443,CUST-22552,App
UK-2026-103830,2026-05-26,East,Bhubaneswar,Mixer Grinder 750W,Home & Kitchen,1,3389,3389,CUST-49062,App
UK-2026-101986,2026-03-04,West,Mumbai,Air Fryer 5L,Home & Kitchen,1,5596,5596,CUST-23183,Website
UK-2026-104832,2026-06-25,West,Surat,Ethnic Dupatta,Fashion,-2,483,483,CUST-86763,Website
UK-2026-100787,22-02-26,North,Gurugram,Formal Shirt,Fashion,3,1111,3333,CUST-95433,App
UK-2026-101554,2026-03-14,East,Patna,Yoga Mat Pro,Sports,1,1164,1164,CUST-98858,App
UK-2026-103944,2026-05-04,Central,Bhopal,Running Sneakers,Fashion,2,2845,5690,CUST-59848,App
UK-2026-104367,2026-06-18,East,Guwahati,Silk Saree,Fashion,3,3525,,CUST-47211,Website
UK-2026-100033,2026-01-16,North,Delhi,Bluetooth Speaker Mini,Electronics,1,1507,1507,CUST-28808,Website
UK-2026-103996,2026-05-07,East,Bhubaneswar,Adjustable Dumbbells 15kg,Sports,1,5214,5214,CUST-32519,App
UK-2026-100900,2026-02-01,South,Chennai,Leather Wallet,Fashion,1,885,885,CUST-70753,Website
UK-2026-102506,2026-04-29,Central,Bhopal,Face Wash Combo,Beauty,1,451,,CUST-69133,App
UK-2026-103734,2026-05-17,East,Guwahati,Denim Jacket,Fashion,1,2136,2136,CUST-12242,Website
UK-2026-102107,2026-03-14,North,Delhi,Cotton Bedsheet Set,Home & Kitchen,1,1411,1411,CUST-24554,App
UK-2026-101942,2026-03-31,North,Gurugram,Non-Stick Cookware Set,Home & Kitchen,1,2849,2849,CUST-51820,App
UK-2026-104962,2026-06-11,South,Kochi,Silk Saree,Fashion,4,3639,14556,CUST-72374,Website
UK-2026-100267,2026-01-29,West,Pune,Robot Vacuum R7,Home & Kitchen,1,18635,18635,CUST-90902,App
UK-2026-101977,2026-03-14,West,Pune,Silk Saree,Fashion,1,3519,3519,CUST-47517,App
UK-2026-103438,2026-05-11,West,Mumbai,Cotton Bedsheet Set,Home & Kitchen,1,1340,1340,CUST-18216,Marketplace
UK-2026-101588,2026-03-27,South,Kochi,Adjustable Dumbbells 15kg,Sports,3,5144,15432,CUST-71231,App
UK-2026-104156,2026-06-16,North,Delhi,Leather Wallet,Fashion,2,930,1860,CUST-70207,App
UK-2026-102384,2026-04-29,North,Gurugram,Mirrorless Camera Lite,Electronics,1,28142,28142,CUST-19202,App
UK-2026-104514,2026-06-02,South,Bengaluru,Denim Jacket,Fashion,1,2280,2280,CUST-43806,Website
UK-2026-100471,2026-01-28,West,Surat,43-inch Smart TV,Electronics,3,27092,81276,CUST-40139,Website
UK-2026-103898,2026-05-16,Central,Nagpur,Smart Watch X2,Electronics,1,4543,4543,CUST-25503,Website
UK-2026-102283,2026-04-15,West,Pune,Badminton Racket Set,Sports,3,2515,7545,CUST-47794,App
UK-2026-100825,2026-02-15,East,Guwahati,Beard Grooming Kit,Beauty,1,951,951,CUST-72193,App
UK-2026-104132,2026-06-27,South,Bengaluru,Smart Watch X2,Electronics,2,4397,8794,CUST-79961,Marketplace
UK-2026-104476,2026-06-18,West,Pune,Running Sneakers,Fashion,2,2929,5858,CUST-42166,App
UK-2026-100432,2026-01-24,East,Kolkata,Denim Jacket,Fashion,4,2250,9000,CUST-54561,App
UK-2026-101082,2026-02-23,North,Chandigarh,Ionic Hair Dryer,Beauty,1,1864,1864,CUST-90457,App
UK-2026-102106,2026-03-23,Central,Bhopal,Eau de Parfum 100ml,Beauty,1,2018,2018,CUST-64015,Website
UK-2026-103396,2026-05-05,North,Noida,Mirrorless Camera Lite,Electronics,1,30093,30093,CUST-93966,Website
UK-2026-101378,2026-02-23,Central,Bhopal,Robot Vacuum R7,Home & Kitchen,1,18828,18828,CUST-52706,App
UK-2026-101752,23/03/2026,North,Delhi,43-inch Smart TV,Electronics,1,24832,24832,CUST-88090,Marketplace
UK-2026-100928,2026-02-28,South,Bengaluru,Robot Vacuum R7,Home & Kitchen,2,19402,38804,CUST-59726,App
UK-2026-102510,2026-04-29,West,Ahmedabad,Modern Wall Clock,Home & Kitchen,1,807,807,CUST-73739,App
UK-2026-101682,2026-03-01,South,Bengaluru,Eau de Parfum 100ml,Beauty,1,1910,1910,CUST-45832,App
UK-2026-101036,2026-02-04,West,Pune,Silk Saree,Fashion,2,3365,6730,CUST-41954,Website
UK-2026-104696,2026-06-19,North,Gurugram,43-inch Smart TV,Electronics,1,26628,26628,CUST-26216,Website
UK-2026-102094,2026-03-17,South,Chennai,Football Size 5,Sports,1,889,889,CUST-71493,App
UK-2026-102964,2026-04-11,North,Gurugram,power bank 20000mah,Electronics,1,1811,1811,CUST-72862,App
UK-2026-101180,2026-02-23,East,Patna,Non-Stick Cookware Set,Home & Kitchen,1,2898,2898,CUST-53648,Website
UK-2026-103539,2026-05-28,North,Chandigarh,Slim Fit Jeans,Fashion,1,1561,1561,CUST-35001,Website
UK-2026-104016,2026-05-14,South,Hyderabad,Ultrabook Air 14,Electronics,1,28926,28926,CUST-97846,App
UK-2026-102427,2026-04-16,East,Guwahati,Vitamin C Serum,Beauty,1,674,674,CUST-78251,App
UK-2026-102120,2026-03-06,West,Ahmedabad,Slim Fit Jeans,Fashion,1,1549,1549,CUST-66949,Website
UK-2026-104330,2026-06-27,South,Hyderabad,Makeup Brush Set,Beauty,2,1245,2490,CUST-19817,App
UK-2026-101978,2026-03-07,North,Chandigarh,Leather Wallet,Fashion,1,919,919,CUST-59683,Website
UK-2026-103857,2026-05-17,West,ahmedabad,Makeup Brush Set,Beauty,1,1245,1245,CUST-46783,Marketplace
UK-2026-103238,"May 1, 2026",East,Guwahati,Yoga Mat Pro,Sports,1,1220,1220,CUST-31373,App
UK-2026-102923,2026-04-03,West,Pune,Mirrorless Camera Lite,Electronics,2,29705,59410,CUST-67576,App
UK-2026-103758,2026-05-12,North,Gurugram,Smart Watch X2,Electronics,1,4628,4628,CUST-44929,Marketplace
UK-2026-103738,2026-05-21,South,Hyderabad,Eau de Parfum 100ml,Beauty,1,2058,2058,CUST-36534,Website
UK-2026-101422,2026-02-17,South,Hyderabad,Cotton Kurta Set,Fashion,2,1283,2566,CUST-58702,Marketplace
UK-2026-102499,2026-04-11,South,Chennai,Leather Wallet,Fashion,1,865,865,CUST-95088,App
UK-2026-101230,2026-02-17,North,Gurugram,43-inch Smart TV,Electronics,2,26817,53634,CUST-83590,App
UK-2026-104854,2026-06-14,North,Delhi,Gym Gloves,Sports,2,475,950,CUST-16630,Marketplace
UK-2026-104847,2026-06-24,North,Noida,Wireless Earbuds Pro,Electronics,1,2982,2982,CUST-90093,Website
UK-2026-104344,2026-06-29,South,Bengaluru,Makeup Brush Set,Beauty,1,1319,1319,CUST-57693,Website
UK-2026-100668,2026-01-02,East,Bhubaneswar,Wireless Earbuds Pro,Electronics,1,2957,2957,CUST-25345,App
UK-2026-103040,2026-04-26,Central,Raipur,Modern Wall Clock,Home & Kitchen,4,788,3152,CUST-39785,Marketplace
UK-2026-103400,2026-05-30,West,Mumbai,Ionic Hair Dryer,Beauty,1,1987,1987,CUST-57286,App
UK-2026-104055,09/06/2026,North,Gurugram,Makeup Brush Set,Beauty,3,1313,3939,CUST-35243,App
UK-2026-104020,2026-05-09,North,Gurugram,Yoga Mat Pro,Sports,1,1158,1158,CUST-98990,Marketplace
UK-2026-100092,2026-01-23,Central,Indore,Ultrabook Air 14,Electronics,1,29958,29958,CUST-35231,App
UK-2026-103417,2026-05-13,East,Guwahati,Ultrabook Air 14,Electronics,1,28550,28550,CUST-40742,App
UK-2026-103291,2026-05-10,East,Kolkata,Robot Vacuum R7,Home & Kitchen,2,18117,36234,CUST-67502,Website
UK-2026-100179,2026-01-21,South,Hyderabad,Matte Lipstick Set,Beauty,1,896,896,CUST-68044,Website
UK-2026-104743,2026-06-17,South,Kochi,Noise-Cancelling Headphones,Electronics,2,8560,"₹17,120",CUST-58183,Marketplace
UK-2026-100299,2026-01-13,South,Bengaluru,Silk Saree,Fashion,2,3564,7128,CUST-30227,App
UK-2026-100357,2026-01-01,North,Chandigarh,Cotton Kurta Set,Fashion,1,1329,1329,CUST-28489,Website
UK-2026-102885,2026-04-01,Central,Bhopal,Electric Kettle 1.5L,Home & Kitchen,1,1121,1121,CUST-39667,Website
UK-2026-103635,2026-05-10,North,Delhi,Vitamin C Serum,Beauty,2,700,1400,CUST-90179,Marketplace
UK-2026-102572,2026-04-05,North,Noida,Leather Wallet,Fashion,1,907,907,CUST-14911,Website
UK-2026-100692,2026-01-27,South,Chennai,Dinner Set 24pc,Home & Kitchen,2,2464,4928,CUST-90119,App
UK-2026-100413,2026-01-05,South,Hyderabad,Football Size 5,Sports,1,858,858,CUST-91461,Website
UK-2026-104611,2026-06-18,North,Delhi,43-inch Smart TV,Electronics,1,25920,25920,CUST-36849,App
UK-2026-104692,2026-06-07,North,Delhi,Adjustable Dumbbells 15kg,Sports,3,5160,15480,CUST-91158,App
UK-2026-101097,2026-02-26,Central,Raipur,Non-Stick Cookware Set,Home & Kitchen,1,3029,"₹3,029",CUST-87236,App
UK-2026-103938,2026-05-29,North,Gurugram,Makeup Brush Set,Beauty,1,1250,1250,CUST-17527,App
UK-2026-100211,2026-01-15,West,Ahmedabad,Makeup Brush Set,Beauty,2,1337,2674,CUST-23861,App
UK-2026-100999,2026-02-04,Central,Bhopal,Face Wash Combo,Beauty,1,443,443,CUST-13840,Website
UK-2026-101135,2026-02-11,Central,Indore,Face Wash Combo,Beauty,1,454,454,CUST-14815,App
UK-2026-100883,2026-02-02,North,Delhi,Sunscreen SPF50,Beauty,2,576,1152,CUST-68350,App
UK-2026-100312,2026-01-28,West,Surat,Electric Kettle 1.5L,Home & Kitchen,4,1139,4556,CUST-73496,Marketplace
UK-2026-104454,2026-06-13,North,Gurugram,Ethnic Dupatta,Fashion,1,513,513,CUST-28857,App
UK-2026-101292,2026-02-03,West,Surat,Modern Wall Clock,Home & Kitchen,1,780,780,CUST-22669,App
UK-2026-104797,2026-06-27,North,New Delhi,Dinner Set 24pc,Home & Kitchen,1,2478,2478,CUST-68282,Website
UK-2026-104873,2026-06-19,Central,Bhopal,Silk Saree,Fashion,1,3520,3520 INR,CUST-99442,Website
UK-2026-102564,2026-04-03,East,Bhubaneswar,Mirrorless Camera Lite,Electronics,4,30366,121464,CUST-52115,Marketplace
UK-2026-101407,2026-02-18,West,Ahmedabad,Running Sneakers,Fashion,2,2762,5524,CUST-12038,App
UK-2026-100363,2026-01-04,North,Noida,Adjustable Dumbbells 15kg,Sports,1,5158,5158,CUST-51712,App
UK-2026-100263,2026-01-15,South,Kochi,Makeup Brush Set,Beauty,1,1295,1295,CUST-46546,Website
UK-2026-101049,12/02/2026,West,Pune,Wireless Earbuds Pro,Electronics,1,3090,3090,CUST-54561,Website
UK-2026-101868,2026-03-28,East,Guwahati,43-inch Smart TV,Electronics,-1,25359,25359,CUST-50351,Website
UK-2026-104891,2026-06-10,North,Noida,FOOTBALL SIZE 5,Sports,1,920,920,CUST-69911,App
UK-2026-102899,2026-04-02,North,Chandigarh,Air Fryer 5L,Home & Kitchen,1,5740,5740,CUST-53358,Marketplace
UK-2026-104242,2026-06-16,South,Hyderabad,Cotton Kurta Set,Fashion,1,1362,1362,CUST-19911,Marketplace
UK-2026-102911,"Apr 19, 2026",West,Surat,Yoga Mat Pro,Sports,1,1186,1186,CUST-12029,Marketplace
UK-2026-102476,2026-04-16,South,Hyderabad,Leather Wallet,Fashion,1,922,922,CUST-86858,App
UK-2026-100244,2026-01-05,South,Hyderabad,43-inch Smart TV,Electronics,1,27145,27145,CUST-73886,App
UK-2026-102083,2026-03-25,East,Kolkata,Formal Shirt,Fashion,1,1075,1075,CUST-18598,App
UK-2026-102825,2026-04-04,North,Chandigarh,Wireless Earbuds Pro,Electronics,2,3123,6246,CUST-65771,Marketplace
UK-2026-100597,2026-01-05,South,Kochi,Noise-Cancelling Headphones,Electronics,1,9118,9118,CUST-93966,App
UK-2026-104102,2026-06-03,South,Hyderabad,Bluetooth Speaker Mini,Electronics,1,1563,1563 INR,CUST-37180,App
UK-2026-102525,2026-04-01,Central,Indore,Non-Stick Cookware Set,Home & Kitchen,1,2987,2987,CUST-69359,Website
UK-2026-102808,2026-04-02,West,Ahmedabad,Cotton Kurta Set,Fashion,1,1319,1319,CUST-57116,App
UK-2026-100515,2026-01-05,East,Guwahati,Non-Stick Cookware Set,Home & Kitchen,1,2800,2800,CUST-46257,App
UK-2026-103432,2026-05-27,East,Patna,Cricket Bat English Willow,Sports,1,8770,8770,CUST-10096,Website
UK-2026-102195,2026-03-13,West,Mumbai,Leather Wallet,Fashion,1,897,897,CUST-38023,App
UK-2026-101568,"Mar 20, 2026",West,Mumbai,Electric Kettle 1.5L,Home & Kitchen,1,1096,1096,CUST-68323,App
UK-2026-104768,2026-06-21,East,Patna,Makeup Brush Set,Beauty,2,1334,2668,CUST-97999,Website
UK-2026-102212,2026-03-30,North,Noida,Denim Jacket,Fashion,2,2195,4390,CUST-31549,App
UK-2026-104388,2026-06-25,North,Gurugram,Robot Vacuum R7,Home & Kitchen,1,19370,19370,CUST-20872,Website
UK-2026-101358,2026-02-04,West,Mumbai,Cotton Kurta Set,Fashion,3,1319,3957,CUST-38724,Website
UK-2026-102139,2026-03-18,Central,Bhopal,Air Fryer 5L,Home & Kitchen,1,5575,5575,CUST-20872,App
UK-2026-101133,2026-02-27,West,Surat,Running Sneakers,Fashion,1,2836,"₹2,836",CUST-52024,App
UK-2026-102837,2026-04-28,Central,Indore,Ethnic Dupatta,Fashion,1,515,515,CUST-92890,App
UK-2026-102660,2026-04-08,West,Ahmedabad,Dinner Set 24pc,Home & Kitchen,1,2559,2559,CUST-71543,Marketplace
UK-2026-103925,2026-05-13,North,Gurugram,Noise-Cancelling Headphones,Electronics,2,9140,18280,CUST-34736,App
UK-2026-102860,2026-04-26,South,Kochi,Denim Jacket,Fashion,1,2212,2212,CUST-24131,App
UK-2026-101810,2026-03-24,East,Kolkata,Bluetooth Speaker Mini,Electronics,2,1561,3122,CUST-30394,App
UK-2026-100723,2026-02-18,East,Bhubaneswar,Running Sneakers,Fashion,2,2902,5804,CUST-56764,App
UK-2026-102974,2026-04-26,South,Kochi,Adjustable Dumbbells 15kg,Sports,2,5040,"₹10,080",CUST-56574,App
UK-2026-101908,2026-03-24,South,Hyderabad,Running Sneakers,Fashion,1,2781,2781,CUST-95032,Website
UK-2026-103966,2026-05-19,West,Surat,Badminton Racket Set,Sports,1,2442,2442,CUST-82468,App
UK-2026-103146,2026-05-15,East,Guwahati,Noise-Cancelling Headphones,Electronics,2,9445,18890,CUST-46938,Marketplace
UK-2026-101343,2026-02-22,Central,Raipur,Yoga Mat Pro,Sports,1,1222,1222,CUST-66933,Website
UK-2026-101202,2026-02-18,North,Noida,Makeup Brush Set,Beauty,1,1304,1304,CUST-66789,Website
UK-2026-104583,2026-06-10,Central,Indore,Adjustable Dumbbells 15kg,Sports,1,5172,5172,CUST-64015,App
UK-2026-101840,2026-03-14,West,Mumbai,Robot Vacuum R7,Home & Kitchen,1,19656,19656,CUST-24723,App
UK-2026-100404,2026-01-10,West,Mumbai,Dinner Set 24pc,Home & Kitchen,2,2492,4984,CUST-46322,Website
UK-2026-103249,2026-05-24,West,Ahmedabad,Denim Jacket,Fashion,,2094,2094,CUST-54931,Website
UK-2026-100365,2026-01-28,North,Delhi,Air Fryer 5L,Home & Kitchen,2,5290,10580,CUST-54981,App
UK-2026-101540,2026-03-05,West,Mumbai,Robot Vacuum R7,Home & Kitchen,3,19129,57387,CUST-88105,Website
UK-2026-100911,2026-02-14,South,Chennai,Formal Shirt,Fashion,1,1095,1095,CUST-35445,App
UK-2026-101809,2026-03-28,North,Chandigarh,Smart Watch X2,Electronics,2,4719,9438,CUST-67694,Website
UK-2026-103446,2026-05-12,East,Guwahati,43-inch Smart TV,Electronics,2,26263,52526,CUST-49248,Website
UK-2026-101612,2026-03-27,East,Bhubaneswar,43-inch Smart TV,Electronics,1,24958,24958,CUST-30094,Marketplace
UK-2026-101453,"Mar 9, 2026",East,Guwahati,Cricket Bat English Willow,Sports,1,9388,9388,CUST-73567,Marketplace
UK-2026-104869,2026-06-03,North,Chandigarh,Dinner Set 24pc,Home & Kitchen,1,2479,2479,CUST-69911,App
UK-2026-103261,2026-05-22,South,Chennai,Gym Gloves,Sports,2,524,1048,CUST-31494,Marketplace
UK-2026-101200,2026-02-11,South,Hyderabad,Air Fryer 5L,Home & Kitchen,-1,5507,5507,CUST-53304,Marketplace
UK-2026-101636,2026-03-07,East,Guwahati,Formal Shirt,Fashion,2,1136,2272,CUST-45588,App
UK-2026-104456,2026-06-21,Central,Raipur,Wireless Earbuds Pro,Electronics,1,3108,3108,CUST-70358,Marketplace
UK-2026-104848,2026-06-24,South,Bengaluru,Cotton Kurta Set,Fashion,1,1266,1266,CUST-85422,Website
UK-2026-104810,2026-06-09,South,Bengaluru,Mirrorless Camera Lite,Electronics,1,27954,27954,CUST-95040,Website
UK-2026-103428,2026-05-04,North,Chandigarh,Face Wash Combo,Beauty,1,431,431,CUST-50332,App
UK-2026-104791,2026-06-03,East,Bhubaneswar,Running Sneakers,Fashion,3,2935,8805,CUST-13674,App
UK-2026-104757,2026-06-22,South,Hyderabad,Mirrorless Camera Lite,Electronics,,28929,28929,CUST-40703,Website
UK-2026-104734,2026-06-28,North,Gurugram,Modern Wall Clock,Home & Kitchen,2,781,1562,CUST-23226,App
UK-2026-100740,2026-02-21,Central,Bhopal,Cycling Helmet,Sports,1,1623,1623,CUST-83536,App
UK-2026-100459,2026-01-29,North,Noida,Matte Lipstick Set,Beauty,1,913,913,CUST-63648,Website
UK-2026-101054,2026-02-13,North,Noida,Running Sneakers,Fashion,2,2735,,CUST-61089,Website
UK-2026-100689,2026-01-23,South,Bengaluru,Makeup Brush Set,Beauty,1,1299,1299,CUST-19817,App
UK-2026-102838,2026-04-18,Central,Nagpur,Cotton Bedsheet Set,Home & Kitchen,1,1348,1348,CUST-37743,App
UK-2026-100599,2026-01-28,South,Chennai,Sunscreen SPF50,Beauty,2,555,1110,CUST-15009,App
UK-2026-102902,2026-04-05,South,Chennai,Power Bank 20000mAh,Electronics,1,1771,1771,CUST-89450,Marketplace
UK-2026-101313,2026-02-12,South,Bengaluru,Wireless Earbuds Pro,Electronics,1,3147,3147,CUST-93844,App
UK-2026-104167,2026-06-07,West,Surat,Adjustable Dumbbells 15kg,Sports,2,4898,9796,CUST-62211,Marketplace
UK-2026-101459,26/03/2026,West,Surat,Makeup Brush Set,Beauty,1,1285,1285,CUST-31693,Marketplace
UK-2026-101605,2026-03-13,West,Surat,Gym Gloves,Sports,2,483,966,CUST-14512,App
UK-2026-101188,2026-02-05,South,Kochi,Smart Watch X2,Electronics,1,4600,4600,CUST-77048,Website
UK-2026-103575,2026-05-16,South,Kochi,Eau de Parfum 100ml,Beauty,2,2031,4062,CUST-14815,Website
UK-2026-100085,2026-01-04,North,Noida,Electric Kettle 1.5L,Home & Kitchen,1,1124,1124,CUST-52993,App
UK-2026-102158,2026-03-27,East,Guwahati,Formal Shirt,Fashion,4,1083,4332,CUST-47760,App
UK-2026-102904,2026-04-12,Central,Bhopal,Matte Lipstick Set,Beauty,1,887,887,CUST-13481,Website
UK-2026-102241,2026-04-05,North,Noida,Yoga Mat Pro,Sports,1,1243,1243,CUST-19427,Website
UK-2026-104933,2026-06-14,West,Surat,Foldable Treadmill T2,Sports,1,25435,25435,CUST-31948,App
UK-2026-104922,2026-06-28,North,Delhi,Sunscreen SPF50,Beauty,1,526,526,CUST-21811,App
UK-2026-103161,2026-05-17,Central,Indore,Smart Watch X2,Electronics,1,4567,4567,CUST-44116,App
UK-2026-101410,2026-02-19,East,Bhubaneswar,Matte Lipstick Set,Beauty,1,926,926,CUST-53648,App
UK-2026-100666,2026-01-18,East,Kolkata,43-inch Smart TV,Electronics,1,25585,25585,CUST-59629,Marketplace
UK-2026-100796,2026-02-06,North,Gurugram,Smart Watch X2,Electronics,1,4279,4279,CUST-84370,Website
UK-2026-100542,2026-01-29,West,Mumbai,Wireless Earbuds Pro,Electronics,1,3045,3045,CUST-13089,Website
UK-2026-101062,2026-02-05,West,Pune,Vitamin C Serum,Beauty,1,704,704,CUST-14911,App
UK-2026-103454,2026-05-24,North,Chandigarh,Matte Lipstick Set,Beauty,2,898,1796,CUST-27368,Website
UK-2026-103184,2026-05-26,South,Kochi,Electric Kettle 1.5L,Home & Kitchen,2,1148,2296,CUST-47110,Marketplace
UK-2026-103027,2026-04-18,South,Kochi,Mirrorless Camera Lite,Electronics,3,30336,91008,CUST-27441,Website
UK-2026-103799,2026-05-14,West,Surat,Silk Saree,Fashion,1,3652,3652,CUST-43732,Marketplace
UK-2026-101285,2026-02-21,South,Bengaluru,Formal Shirt,Fashion,1,1095,1095,CUST-95032,App
UK-2026-103887,2026-05-27,South,Hyderabad,Smart Watch X2,Electronics,1,4505,4505,CUST-32538,App
UK-2026-100322,2026-01-24,East,Patna,Cotton Bedsheet Set,Home & Kitchen,2,1336,2672,CUST-85691,Website
UK-2026-101545,2026-03-04,West,Surat,Smart Watch X2,Electronics,2,4412,8824,CUST-14512,App
UK-2026-100758,2026-02-22,East,Guwahati,Robot Vacuum R7,Home & Kitchen,1,19887,19887,CUST-10627,Website
UK-2026-102516,2026-04-01,North,Delhi,Non-Stick Cookware Set,Home & Kitchen,2,2818,5636,CUST-49370,Marketplace
UK-2026-104831,2026-06-30,North,Delhi,Bluetooth Speaker Mini,Electronics,1,1440,1440,CUST-15711,App
UK-2026-101373,2026-02-28,Central,Nagpur,Cotton Bedsheet Set,Home & Kitchen,1,1353,1353,CUST-14582,Marketplace
UK-2026-104470,2026-06-28,North,Noida,Robot Vacuum R7,Home & Kitchen,2,19602,39204,CUST-49018,Marketplace
UK-2026-100058,2026-01-05,West,Pune,Robot Vacuum R7,Home & Kitchen,2,19200,38400,CUST-92393,Website
UK-2026-101529,2026-03-08,North,Gurugram,Electric Kettle 1.5L,Home & Kitchen,1,1138,1138,CUST-23529,App
UK-2026-103242,2026-05-26,North,Noida,Wireless Earbuds Pro,Electronics,1,3089,,CUST-93556,Website
UK-2026-100657,2026-01-03,South,Hyderabad,Cotton Bedsheet Set,Home & Kitchen,1,1423,1423,CUST-63648,Marketplace
UK-2026-100180,2026-01-08,North,Chandigarh,Vitamin C Serum,Beauty,1,681,681,CUST-55836,Website
UK-2026-104713,2026-06-17,East,Patna,Ultrabook Air 14,Electronics,1,28646,28646,CUST-27038,Marketplace
UK-2026-101558,2026-03-26,North,Chandigarh,Running Sneakers,Fashion,2,2712,5424,CUST-49816,Website
UK-2026-100684,2026-01-18,East,Patna,Running Sneakers,Fashion,1,2682,2682,CUST-62562,Website
UK-2026-100650,2026-01-14,South,Hyderabad,Football Size 5,Sports,1,859,859,CUST-53445,App
UK-2026-103290,09-05-26,East,Bhubaneswar,Noise-Cancelling Headphones,Electronics,1,8996,8996,CUST-20413,Website
UK-2026-102666,2026-04-21,South,Kochi,Smart Watch X2,Electronics,1,4368,4368,CUST-68172,App
UK-2026-103488,2026-05-26,Central,Indore,Mixer Grinder 750W,Home & Kitchen,1,3180,,CUST-17761,App
UK-2026-101528,2026-03-29,South,Hyderabad,Ethnic Dupatta,Fashion,1,505,505,CUST-90131,Website
UK-2026-104243,2026-06-18,North,Delhi,Ultrabook Air 14,Electronics,1,31494,31494,CUST-20850,Marketplace
UK-2026-100301,2026-01-20,West,Ahmedabad,Power Bank 20000mAh,Electronics,1,1796,1796,CUST-92088,Website
UK-2026-104728,2026-06-16,North,Delhi,Cotton Kurta Set,Fashion,0,1332,1332,CUST-99205,Marketplace
UK-2026-103181,2026-05-16,South,Bengaluru,Makeup Brush Set,Beauty,2,1301,2602,CUST-99855,App
UK-2026-100607,2026-01-22,South,Kochi,Ethnic Dupatta,Fashion,4,511,2044,CUST-10161,Marketplace
UK-2026-101412,09/02/2026,East,Kolkata,Power Bank 20000mAh,Electronics,1,1751,1751,CUST-34959,Marketplace
UK-2026-101185,2026-02-25,South,Bengaluru,Noise-Cancelling Headphones,Electronics,1,9383,9383,CUST-14545,Website
UK-2026-101886,2026-03-25,East,Patna,Silk Saree,Fashion,1,3380,3380,CUST-19017,Website
UK-2026-104074,2026-06-27,South,Chennai,Cotton Kurta Set,Fashion,1,1334,1334,CUST-96799,App
UK-2026-103028,2026-04-07,South,Chennai,Running Sneakers,Fashion,1,2754,2754,CUST-34736,App
UK-2026-104188,2026-06-04,South,BENGALURU,Noise-Cancelling Headphones,Electronics,1,8775,8775,CUST-22578,App
UK-2026-104214,2026-06-06,Central,Bhopal,Gym Gloves,Sports,1,481,481,CUST-28243,App
UK-2026-103385,2026-05-04,North,Delhi,Adjustable Dumbbells 15kg,Sports,4,5045,20180,CUST-13887,Website
UK-2026-100774,2026-02-12,South,Hyderabad,43-inch Smart TV,Electronics,1,25891,25891,CUST-72425,App
UK-2026-104589,2026-06-10,South,Chennai,Power Bank 20000mAh,Electronics,1,1819,1819,CUST-80123,Marketplace
UK-2026-102629,2026-04-14,North,gurugram,Slim Fit Jeans,Fashion,4,1532,6128,CUST-84369,App
UK-2026-100996,2026-02-26,South,Hyderabad,Yoga Mat Pro,Sports,1,1185,1185,CUST-23847,Website
UK-2026-101311,2026-02-07,South,Bengaluru,Ethnic Dupatta,Fashion,1,498,498,CUST-72022,App
UK-2026-103030,2026-04-18,South,Bengaluru,Ultrabook Air 14,Electronics,1,30985,30985,CUST-30227,Marketplace
UK-2026-102619,2026-04-01,West,Surat,Modern Wall Clock,Home & Kitchen,1,796,796,CUST-62140,Website
UK-2026-100768,2026-02-14,South,Chennai,Gym Gloves,Sports,1,478,478,CUST-42479,Marketplace
UK-2026-103581,2026-05-23,East,Patna,Beard Grooming Kit,Beauty,,1000,1000,CUST-46783,App
UK-2026-101979,"Mar 19, 2026",East,Patna,Dinner Set 24pc,Home & Kitchen,1,2383,2383,CUST-32355,Marketplace
UK-2026-102224,2026-03-12,North,  Gurugram,Sunscreen SPF50,Beauty,1,569,569,CUST-57032,Website
UK-2026-103682,2026-05-07,South,Kochi,Badminton Racket Set,Sports,1,2597,2597,CUST-54931,App
UK-2026-104097,2026-06-21,Central,Indore,Smart Watch X2,Electronics,1,4526,4526,CUST-93561,Marketplace
UK-2026-104679,2026-06-14,Central,Nagpur,Modern Wall Clock,Home & Kitchen,1,825,825,CUST-93556,Website
UK-2026-104765,2026-06-20,Central,indore,Denim Jacket,Fashion,1,2100,2100,CUST-77880,App
UK-2026-104697,2026-06-09,Central,Nagpur,Non-Stick Cookware Set,Home & Kitchen,2,3042,6084,CUST-71653,Marketplace
UK-2026-103316,2026-05-23,South,Kochi,Cricket Bat English Willow,Sports,3,9324,27972,CUST-27205,Website
UK-2026-101578,2026-03-23,South,Hyderabad,Leather Wallet,Fashion,1,880,880,CUST-77100,Website
UK-2026-103083,2026-04-03,,Bhopal,Leather Wallet,Fashion,2,873,1746,CUST-46876,Marketplace
UK-2026-100138,2026-01-16,East,Patna,Adjustable Dumbbells 15kg,Sports,1,4790,4790,CUST-39376,Website
UK-2026-102785,2026-04-13,North,Gurugram,Cycling Helmet,Sports,1,1537,1537,CUST-48647,Marketplace
UK-2026-100088,2026-01-18,South,Chennai,Ethnic Dupatta,Fashion,1,518,518,CUST-15302,App
UK-2026-103435,15-05-26,North,Gurugram,Mixer Grinder 750W,Home & Kitchen,1,3394,3394,CUST-24534,App
UK-2026-101000,2026-02-10,South,Kochi,Bluetooth Speaker Mini,Electronics,2,1545,3090,CUST-76939,Website
UK-2026-103678,2026-05-29,South,Bengaluru,Smart Watch X2,Electronics,-2,4522,4522,CUST-11966,App
UK-2026-103590,2026-05-06,North,Noida,Noise-Cancelling Headphones,Electronics,1,8807,8807,CUST-27640,Marketplace
UK-2026-103785,2026-05-29,West,Surat,Mirrorless Camera Lite,Electronics,1,29724,29724,CUST-39667,App
UK-2026-104533,2026-06-23,South,Chennai,Non-Stick Cookware Set,Home & Kitchen,1,3012,3012,CUST-64648,App
UK-2026-102308,2026-04-17,South,Hyderabad,Modern Wall Clock,Home & Kitchen,1,821,821,CUST-60154,Marketplace
UK-2026-104463,2026-06-13,South,Bengaluru,Football Size 5,Sports,1,916,916,CUST-74495,Website
UK-2026-102195,2026-03-13,West,Mumbai,Leather Wallet,Fashion,1,897,897,CUST-38023,App
UK-2026-102998,2026-04-18,North,Noida,Sunscreen SPF50,Beauty,1,563,563,CUST-34002,Website
UK-2026-101424,2026-02-08,West,Pune,Badminton Racket Set,Sports,2,2453,4906,CUST-91501,Marketplace
UK-2026-102244,2026-04-30,North,Noida,Non-Stick Cookware Set,Home & Kitchen,,2948,2948,CUST-29829,App
UK-2026-101537,2026-03-30,East,Bhubaneswar,Non-Stick Cookware Set,Home & Kitchen,4,2912,11648,CUST-30971,App
UK-2026-104114,2026-06-11,North,Delhi,Running Sneakers,Fashion,1,2743,2743,CUST-81017,Marketplace
UK-2026-103460,2026-05-10,South,Hyderabad,Cricket Bat English Willow,Sports,1,9233,9233,CUST-46495,Website
UK-2026-101344,2026-02-09,North,Noida,Slim Fit Jeans,Fashion,1,1577,1577,CUST-45725,App
UK-2026-102372,2026-04-29,North,Chandigarh,Slim Fit Jeans,Fashion,2,1524,3048,CUST-18191,Website
UK-2026-101328,2026-02-26,North,Noida,Ethnic Dupatta,Fashion,1,498,498,CUST-59848,App
UK-2026-103065,2026-04-04,North,Gurgaon,Bluetooth Speaker Mini,Electronics,1,1528,1528,CUST-14302,Marketplace
UK-2026-101415,2026-02-05,North,Gurugram,Ultrabook Air 14,Electronics,1,31216,31216,CUST-19307,App
UK-2026-102784,2026-04-25,Central,Nagpur,Mixer Grinder 750W,Home & Kitchen,1,3458,3458,CUST-15012,App
UK-2026-102152,2026-03-02,North,Chandigarh,Silk Saree,Fashion,1,3360,,CUST-78743,App
UK-2026-102245,2026-04-12,East,Patna,Robot Vacuum R7,Home & Kitchen,3,19817,59451,CUST-98895,Website
UK-2026-100481,2026-01-01,South,Kochi,Makeup Brush Set,Beauty,2,1344,2688,CUST-65806,Website
UK-2026-100034,21-01-26,North,Noida,Dinner Set 24pc,Home & Kitchen,1,2581,2581,CUST-38468,App
UK-2026-104201,2026-06-07,West,Surat,Non-Stick Cookware Set,Home & Kitchen,3,2768,8304,CUST-67451,App
UK-2026-103850,2026-05-03,Central,Raipur,Noise-Cancelling Headphones,Electronics,1,9101,9101,CUST-49529,Website
UK-2026-104494,04/06/2026,South,Bengaluru,Dinner Set 24pc,Home & Kitchen,3,2514,7542,CUST-76349,Marketplace
UK-2026-102600,2026-04-01,East,Patna,Ethnic Dupatta,Fashion,1,505,505,CUST-66789,App
UK-2026-102729,2026-04-13,South,Chennai,Smart Watch X2,Electronics,1,4501,4501,CUST-24228,Marketplace
UK-2026-101525,2026-03-16,North,Delhi,Electric Kettle 1.5L,Home & Kitchen,1,1094,1094,CUST-60154,Website
UK-2026-104881,2026-06-01,North,Noida,Silk Saree,Fashion,2,3659,7318,CUST-49505,Website
UK-2026-102717,2026-04-13,West,Bombay,Mixer Grinder 750W,Home & Kitchen,1,3147,3147,CUST-14553,Website
UK-2026-103753,2026-05-04,Central,Nagpur,Non-Stick Cookware Set,Home & Kitchen,2,2771,5542,CUST-75848,Marketplace
UK-2026-100848,2026-02-15,South,Bengaluru,43-inch Smart TV,Electronics,3,27043,81129,CUST-65265,Website
UK-2026-100731,2026-02-02,South,Bengaluru,Mixer Grinder 750W,Home & Kitchen,1,3456,3456,CUST-38115,Website
UK-2026-100053,2026-01-27,South,Hyderabad,Smart Watch X2,Electronics,1,4390,4390,CUST-68132,Website
UK-2026-103580,2026-05-27,North,Chandigarh,Modern Wall Clock,Home & Kitchen,1,830,830,CUST-71653,Website
UK-2026-101570,2026-03-20,North,New Delhi,Vitamin C Serum,Beauty,1,666,666,CUST-73753,Marketplace
UK-2026-104402,2026-06-23,South,Bengaluru,Wireless Earbuds Pro,Electronics,1,3082,3082,CUST-90119,App
UK-2026-103524,2026-05-04,South,BLR,Slim Fit Jeans,Fashion,1,1605,1605,CUST-79938,Marketplace
UK-2026-100445,2026-01-20,South,Hyderabad,Sunscreen SPF50,Beauty,1,559,559,CUST-98124,Website
UK-2026-101342,2026-02-04,North,Delhi,Noise-Cancelling Headphones,Electronics,1,9162,9162,CUST-52885,Website
UK-2026-104578,2026-06-25,West,Ahmedabad,Smart Watch X2,Electronics,1,4508,4508,CUST-29495,Marketplace
UK-2026-103293,2026-05-08,South,Kochi,Ionic Hair Dryer,Beauty,1,1820,1820,CUST-95759,Website
UK-2026-103352,2026-05-01,Central,Raipur,Silk Saree,Fashion,1,3484,3484,CUST-63358,App
UK-2026-101597,2026-03-05,North,Noida,Ethnic Dupatta,Fashion,2,480,960,CUST-62854,App
UK-2026-102003,2026-03-26,Central,Bhopal,Eau de Parfum 100ml,Beauty,2,2051,4102,CUST-74066,Website
UK-2026-100788,2026-02-24,North,Gurugram,Yoga Mat Pro,Sports,1,1235,1235,CUST-97108,App
UK-2026-100954,2026-02-23,South,Kochi,Cricket Bat English Willow,Sports,1,9246,9246,CUST-96245,Website
UK-2026-104853,2026-06-11,South,Bengaluru,Ethnic Dupatta,Fashion,1,524,₹524,CUST-18875,Marketplace
UK-2026-103860,19-05-26,West,Ahmedabad,Foldable Treadmill T2,Sports,1,25244,25244,CUST-88738,Marketplace
UK-2026-101756,2026-03-10,Central,Indore,Silk Saree,Fashion,1,3362,3362,CUST-93826,App
UK-2026-104944,2026-06-15,North,Noida,Ultrabook Air 14,Electronics,1,30203,30203,CUST-80403,Marketplace
UK-2026-100794,2026-02-05,South,Chennai,Slim Fit Jeans,Fashion,1,1532,1532,CUST-89728,App
UK-2026-100152,2026-01-15,East,Kolkata,43-inch Smart TV,Electronics,1,25981,25981,CUST-25503,App
UK-2026-103003,2026-04-20,North,Delhi,Wireless Earbuds Pro,Electronics,1,2939,2939,CUST-19017,Website
UK-2026-101360,2026-02-18,North,Gurugram,Ionic Hair Dryer,Beauty,1,1939,1939,CUST-91878,Website
UK-2026-104740,2026-06-06,South,Kochi,Mixer Grinder 750W,Home & Kitchen,1,3274,3274,CUST-91844,Website
UK-2026-104119,2026-06-30,North,Chandigarh,Beard Grooming Kit,Beauty,1,979,979,CUST-53648,App
UK-2026-104902,2026-06-03,Central,Indore,Dinner Set 24pc,Home & Kitchen,2,2598,5196,CUST-35240,Marketplace
UK-2026-104785,2026-06-13,West,Surat,43-inch Smart TV,Electronics,1,26524,26524,CUST-44929,App
UK-2026-101124,2026-02-16,Central,Nagpur,Slim Fit Jeans,Fashion,2,1530,3060,CUST-84774,Website
UK-2026-102338,2026-04-12,West,Ahmedabad,Silk Saree,Fashion,1,3425,3425,CUST-82730,Website
UK-2026-101207,2026-02-11,Central,Nagpur,Wireless Earbuds Pro,Electronics,3,3012,9036,CUST-23812,Website
UK-2026-104307,2026-06-09,South,Bengaluru,Sunscreen SPF50,Beauty,1,571,571,CUST-62854,App
UK-2026-103093,2026-05-17,North,Gurugram,  Adjustable Dumbbells 15kg,Sports,2,4753,9506,CUST-46150,Marketplace
UK-2026-104282,2026-06-06,East,Bhubaneswar,Slim Fit Jeans,Fashion,1,1633,1633,CUST-66871,Marketplace
UK-2026-100249,2026-01-13,West,Ahmedabad,43-inch Smart TV,Electronics,2,26425,52850,CUST-42359,Website
UK-2026-103475,2026-05-10,West,Pune,Ultrabook Air 14,Electronics,1,30442,30442,CUST-88162,Marketplace
UK-2026-101112,2026-02-09,Central,Bhopal,Cotton Bedsheet Set,Home & Kitchen,1,1467,1467,CUST-71773,Website
UK-2026-101878,2026-03-07,,Hyderabad,Makeup Brush Set,Beauty,1,1308,1308,CUST-42565,Website
UK-2026-103204,2026-05-24,North,Chandigarh,Bluetooth Speaker Mini,Electronics,-1,1545,1545,CUST-28838,Website
UK-2026-104658,2026-06-24,North,Gurugram,Air Fryer 5L,Home & Kitchen,1,5512,5512,CUST-89685,App
UK-2026-104003,2026-05-10,West,Surat,Beard Grooming Kit,Beauty,1,1007,1007,CUST-82203,App
UK-2026-103819,2026-05-22,South,Bengaluru,Formal Shirt,Fashion,1,1053,1053,CUST-70207,Website
UK-2026-103568,2026-05-20,North,Delhi,Electric Kettle 1.5L,Home & Kitchen,1,1113,1113,CUST-11869,Marketplace
UK-2026-103950,2026-05-31,North,Chandigarh,Cotton Kurta Set,Fashion,3,1318,3954,CUST-95585,Website
UK-2026-104196,2026-06-12,South,Kochi,Smart Watch X2,Electronics,4,4497,17988,CUST-92115,Website
UK-2026-104742,2026-06-10,South,Bengaluru,Dinner Set 24pc,Home & Kitchen,2,2413,4826,CUST-62947,Marketplace
UK-2026-100620,2026-01-21,West,Pune,Wireless Earbuds Pro,Electronics,3,2904,8712,CUST-81646,Website
UK-2026-101968,2026-03-01,South,Kochi,Bluetooth Speaker Mini,Electronics,1,1432,1432,CUST-10382,Marketplace
UK-2026-103295,2026-05-24,West,Surat,Noise-Cancelling Headphones,Electronics,1,9090,9090,CUST-42122,App
UK-2026-103744,2026-05-11,North,New Delhi,Air Fryer 5L,Home & Kitchen,1,5538,5538,CUST-97842,App
UK-2026-103728,2026-05-25,East,Guwahati,Power Bank 20000mAh,Electronics,3,1846,5538,CUST-15009,Marketplace
UK-2026-103954,2026-05-21,East,Guwahati,Air Fryer 5L,Home & Kitchen,2,5491,10982,CUST-90434,App
UK-2026-102322,2026-04-01,East,Kolkata,43-inch Smart TV,Electronics,1,26908,26908,CUST-13624,Website
UK-2026-103349,2026-05-28,South,Hyderabad,Air Fryer 5L,Home & Kitchen,1,5424,5424,CUST-84321,Website
UK-2026-104408,2026-06-03,South,Hyderabad,Leather Wallet,Fashion,1,880,880,CUST-30254,Website
UK-2026-104599,2026-06-22,South,Chennai,Gym Gloves,Sports,1,509,509,CUST-53358,Marketplace
UK-2026-100965,2026-02-26,North,Delhi,MAKEUP BRUSH SET,Beauty,2,1329,2658,CUST-18203,Website
UK-2026-100867,2026-02-12,North,Delhi,Silk Saree,Fashion,1,3607,3607,CUST-23831,App
UK-2026-101193,2026-02-18,South,Bengaluru,Wireless Earbuds Pro,Electronics,3,2858,8574,CUST-62947,App
UK-2026-104434,2026-06-25,East,Guwahati,Cricket Bat English Willow,Sports,1,9039,9039,CUST-99273,Website
UK-2026-101970,2026-03-25,North,Noida,Noise-Cancelling Headphones,Electronics,1,8725,8725,CUST-26548,Website
UK-2026-100338,2026-01-15,South,Hyderabad,Silk Saree,Fashion,3,3466,10398,CUST-53884,App
UK-2026-103846,2026-05-13,Central,Raipur,Cotton Kurta Set,Fashion,1,1285,1285,CUST-42768,App
UK-2026-104680,2026-06-28,West,Pune,Cotton Bedsheet Set,Home & Kitchen,1,1376,1376,CUST-43977,App
UK-2026-103777,2026-05-14,East,Bhubaneswar,Yoga Mat Pro,Sports,1,1245,1245,CUST-45967,Website
UK-2026-104417,2026-06-22,,Ahmedabad,Mirrorless Camera Lite,Electronics,2,29925,59850,CUST-69367,Marketplace
UK-2026-100573,2026-01-07,South,Kochi,Dinner Set 24pc,Home & Kitchen,1,2470,2470,CUST-27768,Website
UK-2026-104062,2026-06-10,Central,Indore,Cricket Bat English Willow,Sports,1,8679,8679,CUST-37241,Website
UK-2026-100037,2026-01-19,South,Bengaluru,Adjustable Dumbbells 15kg,Sports,1,5208,5208,CUST-71493,App
UK-2026-103068,2026-04-17,West,Bombay,Air Fryer 5L,Home & Kitchen,1,5662,5662,CUST-16556,Website
UK-2026-102239,2026-03-17,South,Kochi,Slim Fit Jeans,Fashion,4,1661,6644,CUST-65330,App
UK-2026-101581,2026-03-16,Central,Raipur,Wireless Earbuds Pro,Electronics,1,2880,2880,CUST-10734,Marketplace
UK-2026-102314,2026-04-29,West,Pune,Mirrorless Camera Lite,Electronics,1,29873,29873,CUST-17817,Marketplace
UK-2026-104428,2026-06-22,North,Gurugram,Mirrorless Camera Lite,Electronics,1,29249,29249,CUST-99169,Marketplace
UK-2026-103120,2026-05-25,Central,Nagpur,Ionic Hair Dryer,Beauty,4,1855,7420,CUST-72092,App
UK-2026-101589,2026-03-22,South,Hyderabad,Mirrorless Camera Lite,Electronics,3,28482,85446,CUST-90645,Website
UK-2026-101481,2026-03-29,South,Chennai,Silk Saree,Fashion,1,3538,3538,CUST-21293,App
UK-2026-103185,2026-05-05,East,Patna,Air Fryer 5L,Home & Kitchen,2,5422,10844,CUST-78508,App
UK-2026-104372,2026-06-01,East,Patna,Sunscreen SPF50,Beauty,1,525,525,CUST-74145,Website
UK-2026-103170,2026-05-20,North,Noida,Wireless Earbuds Pro,Electronics,1,3111,"₹3,111",CUST-42544,Marketplace
UK-2026-101072,2026-02-23,West,Mumbai,Denim Jacket,Fashion,1,2305,2305,CUST-69133,App
UK-2026-100610,2026-01-19,West,Surat,Running Sneakers,Fashion,1,2840,2840,CUST-11427,Website
UK-2026-102387,2026-04-06,North,Gurugram,Non-Stick Cookware Set,Home & Kitchen,1,2884,2884,CUST-88001,App
UK-2026-104310,2026-06-02,South,Cochin,Air Fryer 5L,Home & Kitchen,1,5331,5331,CUST-68919,App
UK-2026-104161,2026-06-15,South,Bengaluru,Ethnic Dupatta,Fashion,1,523,523,CUST-51374,App
UK-2026-103284,2026-05-17,West,Mumbai,Air Fryer 5L,Home & Kitchen,1,5553,5553,CUST-81646,Website
UK-2026-101689,2026-03-17,Central,Indore,Dinner Set 24pc,Home & Kitchen,1,2442,2442,CUST-73739,Website
UK-2026-101962,2026-03-28,North,Noida,Slim Fit Jeans,Fashion,1,1591,1591,CUST-47442,Marketplace
UK-2026-101917,2026-03-25,North,Delhi,Bluetooth Speaker Mini,Electronics,2,1494,2988,CUST-27171,Marketplace
UK-2026-100991,2026-02-28,South,Chennai,Vitamin C Serum,Beauty,2,720,1440,CUST-68919,App
UK-2026-104548,2026-06-29,South,Kochi,Power Bank 20000mAh,Electronics,1,1831,1831,CUST-17761,Website
UK-2026-104897,2026-06-23,East,Bhubaneswar,Vitamin C Serum,Beauty,2,697,1394,CUST-44273,Website
UK-2026-100339,2026-01-16,South,Hyderabad,Adjustable Dumbbells 15kg,Sports,2,4771,9542,CUST-55621,Website
UK-2026-100807,2026-02-19,West,Pune,Robot Vacuum R7,Home & Kitchen,1,19317,19317,CUST-44220,App
UK-2026-104406,2026-06-04,,Hyderabad,Electric Kettle 1.5L,Home & Kitchen,1,1110,1110,CUST-58727,Website
UK-2026-103122,2026-05-11,North,Noida,Sunscreen SPF50,Beauty,1,535,535,CUST-93174,Website
UK-2026-101419,2026-02-19,North,Delhi,Air Fryer 5L,Home & Kitchen,1,5467,5467,CUST-47635,App
UK-2026-102412,2026-04-17,South,Chennai,Mirrorless Camera Lite,Electronics,1,29411,29411,CUST-63141,Marketplace
UK-2026-100538,2026-01-25,East,Bhubaneswar,Modern Wall Clock,Home & Kitchen,1,815,815,CUST-72092,App
UK-2026-102620,2026-04-22,East,Patna,Foldable Treadmill T2,Sports,1,24322,24322,CUST-18203,App
UK-2026-103107,2026-05-27,East,Guwahati,Wireless Earbuds Pro,Electronics,1,2985,2985,CUST-24891,App
UK-2026-102517,2026-04-26,East,Kolkata,Bluetooth Speaker Mini,Electronics,1,1456,1456,CUST-48440,App
UK-2026-101726,2026-03-04,West,Ahmedabad,Matte Lipstick Set,Beauty,2,903,1806,CUST-61000,App
UK-2026-102493,2026-04-16,North,GGN,Cricket Bat English Willow,Sports,1,8783,8783,CUST-16816,Website
UK-2026-100977,2026-02-04,West,  Ahmedabad,Denim Jacket,Fashion,1,2280,2280,CUST-96780,Website
UK-2026-102213,2026-03-27,North,Noida,Denim Jacket,Fashion,1,2195,2195,CUST-54483,Marketplace
UK-2026-100377,2026-01-22,East,Bhubaneswar,Running Sneakers,Fashion,,2934,5868,CUST-77458,Website
UK-2026-100418,2026-01-09,North,Chandigarh,Non-Stick Cookware Set,Home & Kitchen,3,2952,8856,CUST-52512,App
UK-2026-103268,2026-05-31,South,Hyderabad,Ethnic Dupatta,Fashion,3,477,1431,CUST-53241,App
UK-2026-102701,2026-04-11,North,Delhi,Mirrorless Camera Lite,Electronics,1,28874,28874,CUST-79807,Marketplace
UK-2026-103060,23/04/2026,North,Chandigarh,Foldable Treadmill T2,Sports,2,24357,48714,CUST-41910,App
UK-2026-102721,2026-04-12,North,Delhi,Modern Wall Clock,Home & Kitchen,1,783,783,CUST-64347,Website
UK-2026-101142,2026-02-07,West,Surat,Power Bank 20000mAh,Electronics,1,1841,1841,CUST-35001,App
UK-2026-104370,2026-06-15,West,Ahmedabad,Matte Lipstick Set,Beauty,2,889,1778,CUST-61513,Website
UK-2026-104093,15/06/2026,South,Chennai,Ultrabook Air 14,Electronics,1,31091,31091,CUST-90410,Marketplace
UK-2026-102790,2026-04-24,West,Surat,Gym Gloves,Sports,1,503,503,CUST-90434,Marketplace
UK-2026-104122,2026-06-10,South,Kochi,Non-Stick Cookware Set,Home & Kitchen,1,2989,2989,CUST-35906,Marketplace
UK-2026-101386,2026-02-22,West,Surat,Leather Wallet,Fashion,1,883,883,CUST-63929,App
UK-2026-104967,2026-06-18,Central,Indore,Air Fryer 5L,Home & Kitchen,3,5507,16521,CUST-77008,Marketplace
UK-2026-103229,2026-05-26,South,Chennai,Non-Stick Cookware Set,Home & Kitchen,1,2830,2830,CUST-12973,Website
UK-2026-103134,2026-05-01,North,New Delhi,43-inch Smart TV,Electronics,1,25041,25041,CUST-48122,App
UK-2026-104079,2026-06-08,West,Pune,Football Size 5,Sports,,935,935,CUST-77823,App
UK-2026-102676,2026-04-24,South,Kochi,Silk Saree,Fashion,1,3371,3371,CUST-25742,Marketplace
UK-2026-102420,2026-04-08,East,Kolkata,Running Sneakers,Fashion,2,2880,5760,CUST-99757,App
UK-2026-101467,2026-03-24,South,Bengaluru,Gym Gloves,Sports,1,483,483,CUST-47775,App
UK-2026-101863,2026-03-17,Central,Raipur,Formal Shirt,Fashion,1,1072,1072,CUST-23260,Marketplace
UK-2026-103056,2026-04-23,North,Gurugram,Formal Shirt,Fashion,3,1103,3309,CUST-57032,Marketplace
UK-2026-104491,2026-06-30,South,Bengaluru,Cycling Helmet,Sports,1,1665,1665,CUST-73913,Marketplace
UK-2026-102655,2026-04-20,North,Gurugram,Smart Watch X2,Electronics,1,4397,4397,CUST-86793,Website
UK-2026-102246,2026-04-21,South,Kochi,Mixer Grinder 750W,Home & Kitchen,1,3310,3310,CUST-59953,App
UK-2026-104512,2026-06-11,South,Chennai,Sunscreen SPF50,Beauty,2,529,1058,CUST-42154,Website
UK-2026-101587,23/03/2026,North,Noida,Power Bank 20000mAh,Electronics,1,1725,1725,CUST-46495,App
UK-2026-101297,2026-02-03,South,Kochi,Silk Saree,Fashion,1,3663,3663,CUST-25294,Website
UK-2026-103769,2026-05-01,South,Bengaluru,Sunscreen SPF50,Beauty,2,524,1048,CUST-22840,Marketplace
UK-2026-103931,2026-05-20,South,Cochin,Matte Lipstick Set,Beauty,1,935,935,CUST-47794,Website
UK-2026-103681,2026-05-28,West,Surat,Modern Wall Clock,Home & Kitchen,1,793,793,CUST-80175,Website
UK-2026-104900,2026-06-22,South,Hyderabad,Slim Fit Jeans,Fashion,1,1665,1665,CUST-78776,Website
UK-2026-104822,2026-06-18,South,Bengaluru,Makeup Brush Set,Beauty,4,1246,4984,CUST-49781,App
UK-2026-103810,2026-05-18,South,Bengaluru,Cycling Helmet,Sports,1,1571,1571,CUST-97999,Marketplace
UK-2026-102830,2026-04-16,South,Kochi,Cycling Helmet,Sports,1,1598,1598,CUST-72374,Marketplace
UK-2026-102945,2026-04-17,North,Noida,Running Sneakers,Fashion,3,2752,8256,CUST-64090,Marketplace
UK-2026-101263,2026-02-04,South,Hyderabad,Cricket Bat English Willow,Sports,1,8774,8774,CUST-77747,Website
UK-2026-100032,2026-01-05,East,Bhubaneswar,Silk Saree,Fashion,2,3350,6700,CUST-60154,App
UK-2026-103915,2026-05-18,North,Delhi,Makeup Brush Set,Beauty,1,1247,1247,CUST-66294,App
UK-2026-103314,2026-05-27,East,Patna,Ultrabook Air 14,Electronics,1,29186,29186,CUST-29701,App
UK-2026-102222,2026-03-16,South,Hyderabad,Bluetooth Speaker Mini,Electronics,1,1475,1475,CUST-55229,Website
UK-2026-101579,2026-03-23,West,Pune,Modern Wall Clock,Home & Kitchen,1,779,779,CUST-13561,Website
UK-2026-101672,2026-03-05,Central,Indore,Mixer Grinder 750W,Home & Kitchen,2,3410,6820,CUST-62804,Website
UK-2026-103867,2026-05-19,North,Gurugram,Dinner Set 24pc,Home & Kitchen,1,2538,2538,CUST-86706,Website
UK-2026-100749,2026-02-27,North,Gurugram,Ionic Hair Dryer,Beauty,0,1947,1947,CUST-48094,Website
UK-2026-100068,2026-01-01,North,Noida,Beard Grooming Kit,Beauty,4,998,3992,CUST-77218,App
UK-2026-102389,2026-04-11,West,Pune,Slim Fit Jeans,Fashion,2,1605,3210,CUST-98801,Website
UK-2026-102344,2026-04-07,North,Noida,Noise-Cancelling Headphones,Electronics,1,9425,9425,CUST-71115,Website
UK-2026-100262,2026-01-23,North,Chandigarh,Non-Stick Cookware Set,Home & Kitchen,1,2914,2914,CUST-21409,App
UK-2026-101182,2026-02-03,East,Kolkata,43-inch Smart TV,Electronics,2,26292,52584,CUST-47211,App
UK-2026-104199,2026-06-05,Central,Indore,Adjustable Dumbbells 15kg,Sports,1,4899,4899,CUST-50958,App
UK-2026-101137,2026-02-10,North,Gurugram,Matte Lipstick Set,Beauty,2,877,1754,CUST-89662,Website
UK-2026-102445,2026-04-29,South,Hyderabad,Bluetooth Speaker Mini,Electronics,1,1464,1464,CUST-66676,App
UK-2026-102105,2026-03-04,North,Chandigarh,Yoga Mat Pro,Sports,1,1185,1185,CUST-32241,App
UK-2026-100757,2026-02-25,West,Mumbai,Ionic Hair Dryer,Beauty,1,1820,1820,CUST-91158,Website
UK-2026-102966,2026-04-15,South,Chennai,Electric Kettle 1.5L,Home & Kitchen,1,1089,1089,CUST-53002,App
UK-2026-101203,2026-02-25,North,Chandigarh,Foldable Treadmill T2,Sports,,25691,25691,CUST-39517,Marketplace
UK-2026-100415,2026-01-02,West,Surat,Ethnic Dupatta,Fashion,1,489,489,CUST-15143,Website
UK-2026-104430,2026-06-10,South,Chennai,Electric Kettle 1.5L,Home & Kitchen,2,1091,2182,CUST-47833,App
UK-2026-103483,2026-05-22,East,Calcutta,Slim Fit Jeans,Fashion,1,1581,1581,CUST-34433,Website
UK-2026-101061,2026-02-20,West,Ahmedabad,Adjustable Dumbbells 15kg,Sports,1,4984,4984,CUST-65771,App
UK-2026-102850,2026-04-26,East,Patna,Cotton Kurta Set,Fashion,2,1313,,CUST-95604,App
UK-2026-102498,2026-04-21,Central,Indore,Cotton Bedsheet Set,Home & Kitchen,2,1447,2894,CUST-48743,App
UK-2026-100519,2026-01-26,Central,Bhopal,Cotton Kurta Set,Fashion,4,1316,,CUST-54109,Marketplace
UK-2026-103645,2026-05-20,North,Chandigarh,Non-Stick Cookware Set,Home & Kitchen,1,2828,2828,CUST-28313,Website
UK-2026-100612,2026-01-05,West,Pune,Leather Wallet,Fashion,1,916,916,CUST-77823,Website
UK-2026-104427,2026-06-03,Central,Indore,Slim Fit Jeans,Fashion,1,1600,1600,CUST-38315,Website
UK-2026-101178,2026-02-19,South,Kochi,Beard Grooming Kit,Beauty,1,996,996,CUST-50332,App
UK-2026-101884,2026-03-13,West,Ahmedabad,43-inch Smart TV,Electronics,1,25947,25947,CUST-34433,Website
UK-2026-101876,2026-03-11,South,Hyderabad,43-inch Smart TV,Electronics,1,25925,25925,CUST-98951,Marketplace
UK-2026-102941,2026-04-25,East,Bhubaneswar,43-inch Smart TV,Electronics,1,26674,26674,CUST-88830,App
UK-2026-100452,2026-01-10,North,Delhi,Ethnic Dupatta,Fashion,2,515,1030,CUST-71115,App
UK-2026-100704,2026-01-08,South,Chennai,Vitamin C Serum,Beauty,1,691,691,CUST-58667,App
UK-2026-103897,2026-05-29,Central,Nagpur,Smart Watch X2,Electronics,1,4720,4720,CUST-39297,Marketplace
UK-2026-100985,2026-02-17,West,Mumbai,Silk Saree,Fashion,3,3360,10080,CUST-69356,Website
UK-2026-102063,2026-03-13,East,Patna,Ethnic Dupatta,Fashion,1,491,491,CUST-23847,App
UK-2026-100260,2026-01-25,East,Kolkata,Power Bank 20000mAh,Electronics,1,1716,1716,CUST-14253,App
UK-2026-104033,2026-06-04,East,Kolkata,43-inch Smart TV,Electronics,1,27083,27083,CUST-19817,Marketplace
UK-2026-102872,2026-04-14,South,Chennai,Formal Shirt,Fashion,2,1082,2164,CUST-79938,App
UK-2026-103210,2026-05-20,South,Hyderabad,Running Sneakers,Fashion,1,2827,2827,CUST-94562,App
UK-2026-102646,2026-04-07,South,Kochi,Smart Watch X2,Electronics,1,4552,4552,CUST-38331,App
UK-2026-101153,2026-02-03,Central,Bhopal,Dinner Set 24pc,Home & Kitchen,1,2571,2571,CUST-89123,Website
UK-2026-100837,2026-02-28,West,Surat,Adjustable Dumbbells 15kg,Sports,1,4916,4916,CUST-81360,Website
UK-2026-101734,2026-03-07,North,Chandigarh,Ultrabook Air 14,Electronics,,29519,29519,CUST-19274,Marketplace
UK-2026-103647,2026-05-12,West,Ahmedabad,Electric Kettle 1.5L,Home & Kitchen,2,1084,2168,CUST-16723,Website
UK-2026-102164,2026-03-17,West,Mumbai,Matte Lipstick Set,Beauty,1,888,888,CUST-95464,Website
UK-2026-101122,2026-02-12,West,Surat,Electric Kettle 1.5L,Home & Kitchen,1,1119,1119,CUST-31805,App
UK-2026-102374,2026-04-28,North,Noida,Face Wash Combo,Beauty,1,446,446,CUST-31494,App
UK-2026-100061,2026-01-11,North,Gurugram,Modern Wall Clock,Home & Kitchen,2,787,1574,CUST-56544,Marketplace
UK-2026-103789,2026-05-16,West,Mumbai,Wireless Earbuds Pro,Electronics,1,3011,3011,CUST-34618,App
UK-2026-103877,2026-05-12,South,Bengaluru,Smart Watch X2,Electronics,1,4701,4701,CUST-55338,Website
UK-2026-104833,2026-06-08,Central,Raipur,Vitamin C Serum,Beauty,1,674,674,CUST-25283,App
UK-2026-103094,2026-05-08,South,Cochin,Modern Wall Clock,Home & Kitchen,1,799,799,CUST-96245,Website
UK-2026-104542,2026-06-01,East,Bhubaneswar,Formal Shirt,Fashion,1,1057,1057,CUST-56762,App
UK-2026-101797,2026-03-05,South,Kochi,Running Sneakers,Fashion,1,2923,2923,CUST-48094,App
UK-2026-100009,2026-01-17,West,Surat,Cycling Helmet,Sports,1,1621,1621,CUST-41325,Marketplace
UK-2026-100103,2026-01-29,North,Noida,Gym Gloves,Sports,1,476,476,CUST-45827,App
UK-2026-100011,2026-01-29,West,Ahmedabad,Wireless Earbuds Pro,Electronics,2,2934,5868,CUST-50384,Marketplace
UK-2026-101109,2026-02-22,East,Kolkata,Cotton Kurta Set,Fashion,2,1311,2622,CUST-79807,Website
UK-2026-101080,2026-02-13,North,Gurugram,Football Size 5,Sports,2,899,1798,CUST-46783,App
UK-2026-104171,2026-06-28,West,Mumbai,Bluetooth Speaker Mini,Electronics,1,1541,1541,CUST-53360,App
UK-2026-104049,2026-06-03,East,Patna,Dinner Set 24pc,Home & Kitchen,2,2500,5000,CUST-80032,Website
UK-2026-103057,2026-04-19,North,Noida,Makeup Brush Set,Beauty,1,1354,1354,CUST-18203,App
UK-2026-100130,2026-01-04,West,Mumbai,Modern Wall Clock,Home & Kitchen,1,825,825,CUST-11190,App
UK-2026-102733,2026-04-20,West,Ahmedabad,Face Wash Combo,Beauty,1,446,446,CUST-32952,Website
UK-2026-104025,2026-06-08,South,Hyderabad,Yoga Mat Pro,Sports,1,1146,1146,CUST-48440,Website
UK-2026-104798,2026-06-23,West,Surat,Slim Fit Jeans,Fashion,4,1651,6604,CUST-30081,Website
UK-2026-104719,2026-06-24,South,Bengaluru,Ultrabook Air 14,Electronics,1,29311,29311,CUST-29091,Website
UK-2026-101743,2026-03-30,Central,Raipur,Ultrabook Air 14,Electronics,3,29194,87582,CUST-20757,App
UK-2026-101346,2026-02-21,West,Pune,Bluetooth Speaker Mini,Electronics,1,1430,1430,CUST-78251,Marketplace
UK-2026-101397,2026-02-18,Central,Nagpur,Smart Watch X2,Electronics,2,4338,8676,CUST-46395,Website
UK-2026-100426,2026-01-25,North,Chandigarh,Silk Saree,Fashion,1,3521,3521,CUST-29829,Website
UK-2026-104868,2026-06-13,North,Chandigarh,Cotton Bedsheet Set,Home & Kitchen,2,1402,2804,CUST-65209,Website
UK-2026-103634,2026-05-01,South,Kochi,Cotton Bedsheet Set,Home & Kitchen,1,1369,1369 INR,CUST-26867,Marketplace
UK-2026-104200,2026-06-14,West,Mumbai,Dinner Set 24pc,Home & Kitchen,1,2582,2582,CUST-62618,App
UK-2026-102570,2026-04-27,West,Pune,Wireless Earbuds Pro,Electronics,-1,3139,6278,CUST-77747,Website
UK-2026-102688,2026-04-10,South,Bengaluru,Noise-Cancelling Headphones,Electronics,1,9204,9204,CUST-34002,Website
UK-2026-103306,2026-05-01,East,Kolkata,Non-Stick Cookware Set,Home & Kitchen,3,2755,8265,CUST-88738,Website
UK-2026-104657,"Jun 3, 2026",South,Kochi,Foldable Treadmill T2,Sports,2,24471,48942,CUST-35504,Marketplace
UK-2026-101175,2026-02-05,North,Chandigarh,Mixer Grinder 750W,Home & Kitchen,1,3144,3144,CUST-27336,App
UK-2026-100117,2026-01-02,South,Hyderabad,43-inch Smart TV,Electronics,1,25898,25898,CUST-72425,App
UK-2026-100652,2026-01-12,South,Chennai,Wireless Earbuds Pro,Electronics,1,2930,2930,CUST-75922,Website
UK-2026-104473,2026-06-01,West,Surat,Slim Fit Jeans,Fashion,2,1548,3096,CUST-93174,App
UK-2026-101630,2026-03-17,Central,Nagpur,Ethnic Dupatta,Fashion,1,504,504,CUST-78147,Website
UK-2026-100380,2026-01-05,South,Kochi,Non-Stick Cookware Set,Home & Kitchen,1,2879,2879,CUST-62618,App
UK-2026-102336,2026-04-22,West,Mumbai,Badminton Racket Set,Sports,1,2587,2587,CUST-61389,App
UK-2026-104444,2026-06-23,South,Kochi,Foldable Treadmill T2,Sports,1,25643,25643,CUST-47794,Website
UK-2026-103416,2026-05-03,North,Delhi,Mirrorless Camera Lite,Electronics,1,29208,29208,CUST-21641,App
UK-2026-102347,2026-04-08,North,Delhi,Wireless Earbuds Pro,Electronics,4,2963,11852,CUST-17071,Marketplace
UK-2026-101079,2026-02-17,North,Chandigarh,Yoga Mat Pro,Sports,1,1166,1166,CUST-89419,App
UK-2026-101541,10-03-26,West,Surat,Electric Kettle 1.5L,Home & Kitchen,2,1099,2198,CUST-51760,Website
UK-2026-104389,2026-06-22,South,Hyderabad,Ultrabook Air 14,Electronics,1,31433,31433,CUST-24930,Website
UK-2026-103522,2026-05-05,East,Patna,Wireless Earbuds Pro,Electronics,2,3040,6080,CUST-81687,App
UK-2026-100529,15/01/2026,South,Hyderabad,Air Fryer 5L,Home & Kitchen,2,5502,11004,CUST-90756,App
UK-2026-100369,2026-01-18,South,Hyderabad,Matte Lipstick Set,Beauty,1,902,902,CUST-67737,App
UK-2026-101223,2026-02-09,North,Delhi,Power Bank 20000mAh,Electronics,2,1751,3502,CUST-79895,Marketplace
UK-2026-102527,2026-04-10,North,Chandigarh,Wireless Earbuds Pro,Electronics,2,2979,5958,CUST-25129,Marketplace
UK-2026-101902,2026-03-12,East,Kolkata,Dinner Set 24pc,Home & Kitchen,1,2606,2606,CUST-92393,Marketplace
UK-2026-103237,2026-05-02,South,Bengaluru,Ethnic Dupatta,Fashion,2,503,1006,CUST-25283,App
UK-2026-104795,2026-06-09,North,Gurugram,Adjustable Dumbbells 15kg,Sports,1,5132,5132,CUST-14969,Marketplace
UK-2026-102848,2026-04-01,Central,Nagpur,CYCLING HELMET,Sports,2,1553,3106,CUST-12897,App
UK-2026-100102,2026-01-17,East,Guwahati,Badminton Racket Set,Sports,1,2507,2507,CUST-42521,App
UK-2026-103262,2026-05-13,West,Ahmedabad,Silk Saree,Fashion,1,3358,3358,CUST-50964,App
UK-2026-102760,2026-04-17,West,Mumbai,Electric Kettle 1.5L,Home & Kitchen,1,1102,1102,CUST-72901,App
UK-2026-101210,2026-02-08,West,Surat,Formal Shirt,Fashion,1,1144,1144,CUST-10275,Marketplace
UK-2026-100425,2026-01-06,West,Ahmedabad,Sunscreen SPF50,Beauty,2,554,1108,CUST-26305,App
UK-2026-101945,2026-03-22,North,Gurugram,Electric Kettle 1.5L,Home & Kitchen,1,1068,1068,CUST-64404,App
UK-2026-103357,2026-05-13,South,Kochi,Modern Wall Clock,Home & Kitchen,3,779,2337,CUST-77852,Marketplace
UK-2026-100391,05/01/2026,North,Gurugram,Face Wash Combo,Beauty,1,433,433,CUST-28489,Website
UK-2026-102890,2026-04-29,Central,Indore,cotton bedsheet set,Home & Kitchen,1,1432,1432,CUST-26867,App
UK-2026-101018,2026-02-16,North,Delhi,Slim Fit Jeans,Fashion,2,1531,3062,CUST-29711,App
UK-2026-100520,2026-01-09,West,Pune,Cotton Bedsheet Set,Home & Kitchen,1,1335,1335,CUST-91341,Website
UK-2026-103540,2026-05-01,West,Mumbai,Cotton Bedsheet Set,Home & Kitchen,1,1380,1380,CUST-77019,App
UK-2026-102235,2026-03-07,East,Patna,Silk Saree,Fashion,1,3444,3444,CUST-79961,Website
UK-2026-101617,2026-03-29,Central,Raipur,Denim Jacket,Fashion,2,2151,4302,CUST-65771,Website
UK-2026-104191,2026-06-30,North,Noida,Air Fryer 5L,Home & Kitchen,1,5403,5403,CUST-67576,App
UK-2026-102090,2026-03-15,West,Mumbai,Electric Kettle 1.5L,Home & Kitchen,1,1097,1097,CUST-57430,App
UK-2026-103129,2026-05-19,Central,Bhopal,Noise-Cancelling Headphones,Electronics,1,9376,9376,CUST-12802,Website
UK-2026-103717,2026-05-03,South,Hyderabad,Football Size 5,Sports,1,919,919,CUST-49317,Marketplace
UK-2026-100619,2026-01-18,East,Kolkata,Formal Shirt,Fashion,1,1128,1128,CUST-69578,App
UK-2026-101486,2026-03-12,North,Noida,Modern Wall Clock,Home & Kitchen,1,762,762,CUST-43142,App
UK-2026-104581,2026-06-06,West,Mumbai,Mixer Grinder 750W,Home & Kitchen,3,3255,9765,CUST-47442,Website
UK-2026-104875,2026-06-03,West,Mumbai,Ethnic Dupatta,Fashion,1,500,500,CUST-97534,Marketplace
UK-2026-104723,2026-06-14,West,Mumbai,Running Sneakers,Fashion,3,2855,8565,CUST-68769,App
UK-2026-101645,2026-03-09,South,Chennai,Adjustable Dumbbells 15kg,Sports,1,5161,5161,CUST-79938,Website
UK-2026-102054,2026-03-09,West,Ahmedabad,Robot Vacuum R7,Home & Kitchen,2,18342,36684,CUST-59444,App
UK-2026-100925,2026-02-05,West,Pune,  Wireless Earbuds Pro,Electronics,2,2884,5768,CUST-38023,App
UK-2026-104714,2026-06-02,West,Pune,Smart Watch X2,Electronics,1,4464,4464,CUST-86858,Marketplace
UK-2026-101500,2026-03-10,South,Bengaluru,Formal Shirt,Fashion,2,1147,2294,CUST-79762,Website
UK-2026-102124,"Mar 19, 2026",West,Mumbai,Dinner Set 24pc,Home & Kitchen,1,2568,2568,CUST-96110,Website
UK-2026-102820,2026-04-07,East,Kolkata,Slim Fit Jeans,Fashion,3,1653,"₹4,959",CUST-23847,App
UK-2026-102794,2026-04-12,South,Kochi,Leather Wallet,Fashion,1,894,894,CUST-90067,App
UK-2026-101058,2026-02-22,North,Chandigarh,Bluetooth Speaker Mini,Electronics,1,1535,1535,CUST-14433,App
UK-2026-102900,2026-04-02,East,Bhubaneswar,Leather Wallet,Fashion,3,909,2727,CUST-42465,Website
UK-2026-104914,2026-06-14,North,Chandigarh,Denim Jacket,Fashion,1,2277,2277,CUST-36965,App
UK-2026-104945,2026-06-24,West,Surat,Silk Saree,Fashion,1,3439,3439,CUST-48812,Website
UK-2026-100752,2026-02-23,South,Chennai,Smart Watch X2,Electronics,1,4520,4520,CUST-44929,App
UK-2026-103632,2026-05-07,South,Kochi,Adjustable Dumbbells 15kg,Sports,1,5071,5071,CUST-83847,App
UK-2026-100045,2026-01-09,South,Chennai,Noise-Cancelling Headphones,Electronics,1,9393,9393,CUST-55235,Marketplace
UK-2026-101355,2026-02-16,West,Mumbai,Formal Shirt,Fashion,2,1139,2278,CUST-88830,Website
UK-2026-103476,2026-05-21,South,Bengaluru,Mixer Grinder 750W,Home & Kitchen,0,3448,3448,CUST-13089,App
UK-2026-104159,2026-06-05,West,Surat,Ethnic Dupatta,Fashion,1,502,502,CUST-14553,App
UK-2026-100655,2026-01-14,North,Noida,Power Bank 20000mAh,Electronics,1,1802,1802,CUST-33706,Marketplace
UK-2026-104413,2026-06-29,South,Kochi,Noise-Cancelling Headphones,Electronics,2,8763,17526,CUST-37376,Marketplace
UK-2026-101957,2026-03-26,North,Chandigarh,Eau de Parfum 100ml,Beauty,1,2014,2014,CUST-68042,Marketplace
UK-2026-102836,2026-04-04,South,Hyderabad,Running Sneakers,Fashion,1,2786,2786,CUST-91461,Website
UK-2026-103648,2026-05-12,South,Hyderabad,Running Sneakers,Fashion,3,2763,8289,CUST-28698,Website
UK-2026-102095,2026-03-21,West,Pune,Non-Stick Cookware Set,Home & Kitchen,2,2809,5618,CUST-20850,App
UK-2026-100730,2026-02-26,,Ahmedabad,Formal Shirt,Fashion,3,1129,3387,CUST-27526,Website
UK-2026-103499,2026-05-03,West,Ahmedabad,Cotton Bedsheet Set,Home & Kitchen,2,1348,2696,CUST-82261,App
UK-2026-100750,2026-02-18,West,Mumbai,Ionic Hair Dryer,Beauty,1,1864,1864,CUST-71115,Website
UK-2026-103087,2026-04-04,South,Kochi,Ultrabook Air 14,Electronics,2,30579,61158,CUST-78893,App
UK-2026-104295,2026-06-12,West,Mumbai,Bluetooth Speaker Mini,Electronics,1,1440,1440,CUST-28233,Website
UK-2026-104633,2026-06-15,West,Mumbai,Football Size 5,Sports,2,883,1766,CUST-67977,App
UK-2026-102214,2026-03-21,South,Kochi,Ultrabook Air 14,Electronics,2,29882,59764,CUST-92579,Marketplace
UK-2026-102204,2026-03-28,North,Chandigarh,Silk Saree,Fashion,1,3646,3646,CUST-12487,App
UK-2026-101781,2026-03-06,North,Delhi,Adjustable Dumbbells 15kg,Sports,2,5149,10298,CUST-29095,App
UK-2026-100711,2026-01-02,West,Pune,Cotton Kurta Set,Fashion,1,1332,1332,CUST-17142,App
UK-2026-104222,2026-06-25,East,Kolkata,Power Bank 20000mAh,Electronics,1,1767,1767,CUST-32793,Marketplace
UK-2026-103775,2026-05-15,Central,Bhopal,Matte Lipstick Set,Beauty,1,892,892,CUST-13935,App
UK-2026-100769,2026-02-13,West,Ahmedabad,Badminton Racket Set,Sports,1,2589,2589,CUST-20377,App
UK-2026-103629,2026-05-29,North,GGN,Beard Grooming Kit,Beauty,1,1012,1012,CUST-35125,Website
UK-2026-102079,2026-03-14,North,Delhi,Leather Wallet,Fashion,1,925,925,CUST-47370,App
UK-2026-101674,2026-03-11,West,Mumbai,Makeup Brush Set,Beauty,1,1256,1256,CUST-92837,Website
UK-2026-101984,08-03-26,West,Surat,Modern Wall Clock,Home & Kitchen,1,787,787,CUST-90457,Website
UK-2026-101496,2026-03-10,Central,Nagpur,Bluetooth Speaker Mini,Electronics,1,1478,1478,CUST-90448,App
UK-2026-102566,2026-04-09,North,Delhi,Bluetooth Speaker Mini,Electronics,1,1473,1473,CUST-26305,App
UK-2026-101403,2026-02-10,North,Gurugram,Face Wash Combo,Beauty,1,433,433,CUST-45453,App
UK-2026-102275,2026-04-08,South,Kochi,Vitamin C Serum,Beauty,2,698,1396,CUST-62211,Website
UK-2026-101856,2026-03-26,South,Bengaluru,Modern Wall Clock,Home & Kitchen,1,797,797,CUST-23846,Website
UK-2026-102029,2026-03-30,Central,Nagpur,Cycling Helmet,Sports,1,1642,1642,CUST-26163,Website
UK-2026-100236,2026-01-28,North,Delhi,Ultrabook Air 14,Electronics,2,28561,57122,CUST-85769,Marketplace
UK-2026-103198,2026-05-01,South,Hyderabad,Modern Wall Clock,Home & Kitchen,1,780,780,CUST-38468,App
UK-2026-104071,2026-06-16,Central,Indore,Noise-Cancelling Headphones,Electronics,1,9106,9106,CUST-63675,Marketplace
UK-2026-102917,2026-04-21,South,Bangalore,Silk Saree,Fashion,2,3667,7334,CUST-40631,Marketplace
UK-2026-101519,2026-03-31,South,Hyderabad,Adjustable Dumbbells 15kg,Sports,2,5036,10072,CUST-24534,App
UK-2026-101417,2026-02-27,South,Chennai,Makeup Brush Set,Beauty,1,1251,1251,CUST-53884,Website
UK-2026-104852,2026-06-05,Central,Nagpur,Vitamin C Serum,Beauty,1,668,668,CUST-70587,Website
UK-2026-103736,2026-05-05,South,Kochi,Bluetooth Speaker Mini,Electronics,3,1458,4374,CUST-88001,App
UK-2026-100083,2026-01-28,West,Ahmedabad,Gym Gloves,Sports,4,513,2052,CUST-56247,App
UK-2026-102561,2026-04-17,North,Delhi,Cycling Helmet,Sports,1,1526,1526,CUST-85037,App
UK-2026-102001,2026-03-08,South,Kochi,Slim Fit Jeans,Fashion,2,1663,3326,CUST-29619,Website
UK-2026-101773,2026-03-11,West,Surat,Formal Shirt,Fashion,2,1120,2240,CUST-62662,Website
UK-2026-104888,2026-06-11,West,Surat,Vitamin C Serum,Beauty,1,711,711,CUST-73811,Website
UK-2026-102927,2026-04-28,West,Mumbai,Air Fryer 5L,Home & Kitchen,1,5277,5277,CUST-81800,Marketplace
UK-2026-103192,2026-05-20,North,Gurugram,Wireless Earbuds Pro,Electronics,1,3049,3049,CUST-94366,Website
UK-2026-104492,2026-06-29,West,Mumbai,Cycling Helmet,Sports,1,1544,1544,CUST-85350,Website
UK-2026-102404,2026-04-26,North,Noida,Makeup Brush Set,Beauty,1,1362,1362,CUST-92792,Website
UK-2026-101750,2026-03-29,North,Delhi,Robot Vacuum R7,Home & Kitchen,1,18207,18207,CUST-17222,App
UK-2026-101954,2026-03-22,West,Ahmedabad,Noise-Cancelling Headphones,Electronics,1,8768,8768,CUST-25862,App
UK-2026-104027,2026-06-22,West,Pune,Ultrabook Air 14,Electronics,1,29162,29162,CUST-19700,Marketplace
UK-2026-104543,2026-06-20,Central,Raipur,Ionic Hair Dryer,Beauty,1,1964,1964,CUST-48691,App
UK-2026-104179,2026-06-02,North,Gurugram,Bluetooth Speaker Mini,Electronics,2,1507,3014,CUST-84370,App
UK-2026-101511,2026-03-09,North,Gurugram,Silk Saree,Fashion,1,3557,3557,CUST-28497,App
UK-2026-104666,2026-06-23,South,Kochi,Dinner Set 24pc,Home & Kitchen,2,2555,"₹5,110",CUST-72379,Website
UK-2026-104675,2026-06-18,North,Noida,Electric Kettle 1.5L,Home & Kitchen,2,1098,2196,CUST-23323,App
UK-2026-102061,2026-03-09,North,Delhi,Robot Vacuum R7,Home & Kitchen,3,19930,59790,CUST-55728,Website
UK-2026-101795,2026-03-15,South,Hyderabad,Robot Vacuum R7,Home & Kitchen,1,18439,18439,CUST-68551,Website
UK-2026-102036,2026-03-07,North,GGN,Electric Kettle 1.5L,Home & Kitchen,1,1124,1124,CUST-28243,App
UK-2026-102400,2026-04-23,South,Chennai,Badminton Racket Set,Sports,2,2591,5182,CUST-41504,Website
UK-2026-100640,2026-01-30,East,Kolkata,Badminton Racket Set,Sports,2,2482,4964,CUST-24212,App
UK-2026-100602,2026-01-03,North,Noida,43-inch Smart TV,Electronics,1,26835,"₹26,835",CUST-83664,App
UK-2026-104050,2026-06-18,North,Gurugram,Formal Shirt,Fashion,2,1071,2142,CUST-76351,App
UK-2026-101382,2026-02-01,East,Kolkata,Dinner Set 24pc,Home & Kitchen,2,2543,5086,CUST-68551,Website
UK-2026-104807,2026-06-03,Central,Bhopal,Foldable Treadmill T2,Sports,2,23926,47852,CUST-32519,Marketplace
UK-2026-104169,2026-06-01,West,Pune,Face Wash Combo,Beauty,1,471,471,CUST-52794,Website
UK-2026-104957,2026-06-29,West,Surat,Mirrorless Camera Lite,Electronics,1,27687,27687,CUST-71665,App
UK-2026-102454,2026-04-21,North,Noida,Mixer Grinder 750W,Home & Kitchen,1,3405,3405,CUST-71963,App
UK-2026-100392,2026-01-13,North,Noida,Noise-Cancelling Headphones,Electronics,2,9113,18226,CUST-37179,Marketplace
UK-2026-104794,2026-06-06,Central,Raipur,Slim Fit Jeans,Fashion,2,1600,3200,CUST-36572,Website
UK-2026-104993,2026-06-28,East,Bhubaneswar,Noise-Cancelling Headphones,Electronics,1,9090,9090,CUST-95464,App
UK-2026-103564,2026-05-27,West,Pune,Modern Wall Clock,Home & Kitchen,1,817,817,CUST-71664,Website
UK-2026-101811,2026-03-15,,Chandigarh,Running Sneakers,Fashion,3,2833,8499,CUST-42239,App
UK-2026-100239,2026-01-21,South,Kochi,Dinner Set 24pc,Home & Kitchen,1,2440,2440,CUST-77100,Marketplace
UK-2026-104287,2026-06-06,East,Patna,Leather Wallet,Fashion,3,873,2619,CUST-97846,App
UK-2026-100784,2026-02-16,East,Kolkata,Modern Wall Clock,Home & Kitchen,0,804,804,CUST-89268,Website
UK-2026-103051,2026-04-16,North,Noida,Eau de Parfum 100ml,Beauty,1,1994,1994,CUST-62854,Website
UK-2026-102854,2026-04-06,,Pune,Slim Fit Jeans,Fashion,2,1533,3066,CUST-35445,App
UK-2026-101662,2026-03-21,West,Surat,Slim Fit Jeans,Fashion,3,1589,4767,CUST-83590,Marketplace
UK-2026-104867,2026-06-10,West,Mumbai,Robot Vacuum R7,Home & Kitchen,1,18362,18362,CUST-69911,App
UK-2026-102529,2026-04-10,West,Mumbai,Ethnic Dupatta,Fashion,1,490,490,CUST-81646,Marketplace
UK-2026-103079,2026-04-22,East,Kolkata,Ethnic Dupatta,Fashion,1,501,501,CUST-25503,Marketplace
UK-2026-103818,2026-05-27,North,Delhi,Smart Watch X2,Electronics,1,4418,4418,CUST-89207,Marketplace
UK-2026-104315,2026-06-17,East,Guwahati,Adjustable Dumbbells 15kg,Sports,1,5207,5207,CUST-58514,Website
UK-2026-100354,2026-01-30,East,Guwahati,Football Size 5,Sports,1,923,923,CUST-82203,Website
UK-2026-101609,2026-03-02,West,Surat,Mirrorless Camera Lite,Electronics,2,27815,55630,CUST-76351,Marketplace
UK-2026-103450,2026-05-02,West,Surat,43-inch Smart TV,Electronics,1,25481,25481,CUST-36369,App
UK-2026-100136,2026-01-20,North,Noida,Sunscreen SPF50,Beauty,2,537,1074,CUST-98799,Website
UK-2026-101128,2026-02-07,East,Patna,Running Sneakers,Fashion,1,2910,2910,CUST-98932,Website
UK-2026-101972,2026-03-16,South,Chennai,Running Sneakers,Fashion,1,2852,2852,CUST-49598,App
UK-2026-101685,2026-03-02,West,Mumbai,Air Fryer 5L,Home & Kitchen,1,5598,5598,CUST-85451,Marketplace
UK-2026-100202,2026-01-04,North,Gurugram,Ultrabook Air 14,Electronics,1,30412,30412,CUST-57160,Marketplace
UK-2026-103147,2026-05-29,South,Chennai,Noise-Cancelling Headphones,Electronics,1,9099,9099,CUST-45593,Marketplace
UK-2026-102882,2026-04-09,East,Kolkata,Electric Kettle 1.5L,Home & Kitchen,1,1139,1139,CUST-45034,Marketplace
UK-2026-103005,2026-04-07,West,pune,Ionic Hair Dryer,Beauty,2,1883,3766,CUST-22288,Website
UK-2026-103073,2026-04-01,South,Hyderabad,Noise-Cancelling Headphones,Electronics,1,8557,8557,CUST-77048,Marketplace
UK-2026-104749,2026-06-27,Central,Bhopal,  Matte Lipstick Set,Beauty,1,860,860,CUST-49248,App
UK-2026-104904,2026-06-16,South,Chennai,Smart Watch X2,Electronics,-1,4518,13554,CUST-65806,Website
UK-2026-102174,2026-03-05,East,Patna,Cycling Helmet,Sports,2,1652,3304,CUST-35305,App
UK-2026-100967,2026-02-19,South,Bengaluru,Denim Jacket,Fashion,1,2141,2141,CUST-27611,Website
UK-2026-100700,2026-01-13,South,Chennai,Vitamin C Serum,Beauty,1,733,733,CUST-65330,App
UK-2026-104753,2026-06-06,West,Pune,Dinner Set 24pc,Home & Kitchen,1,2394,2394,CUST-87040,App
UK-2026-103730,2026-05-13,Central,Bhopal,Leather Wallet,Fashion,1,933,933,CUST-63344,App
UK-2026-102198,2026-03-11,North,Noida,Eau de Parfum 100ml,Beauty,1,2081,2081,CUST-18893,Website
UK-2026-104790,2026-06-06,West,Surat,Ethnic Dupatta,Fashion,1,488,488,CUST-69911,Website
UK-2026-102869,2026-04-20,North,Chandigarh,Power Bank 20000mAh,Electronics,1,1861,,CUST-71087,Website
UK-2026-100891,2026-02-19,East,Patna,Mixer Grinder 750W,Home & Kitchen,2,3321,6642,CUST-84407,Website
UK-2026-103720,2026-05-10,South,Bengaluru,Ethnic Dupatta,Fashion,1,505,505,CUST-68587,Website
UK-2026-102302,2026-04-01,Central,Nagpur,Bluetooth Speaker Mini,Electronics,3,1567,4701,CUST-31941,App
UK-2026-104956,2026-06-19,North,Delhi,43-inch Smart TV,Electronics,3,27139,81417,CUST-41504,App
UK-2026-102238,2026-03-02,South,Kochi,Beard Grooming Kit,Beauty,1,1016,1016,CUST-46495,App
UK-2026-102663,2026-04-30,North,Gurugram,Formal Shirt,Fashion,1,1079,1079,CUST-76571,Marketplace
UK-2026-103160,2026-05-19,South,Hyderabad,Bluetooth Speaker Mini,Electronics,1,1456,1456,CUST-45833,Website
UK-2026-104301,2026-06-05,East,Kolkata,Mirrorless Camera Lite,Electronics,2,30071,60142,CUST-23105,App
