order_id,order_date,region,city,product_name,category,quantity,unit_price,total_revenue,customer_id,sales_channel
UK-2026-102825,2026-04-26,South,Kochi,Wireless Earbuds Pro,Electronics,1,3088,3088,CUST-42165,Website
UK-2026-103457,2026-05-26,North,Chandigarh,Electric Kettle 1.5L,Home & Kitchen,1,1078,1078,CUST-85559,App
UK-2026-100566,2026-01-23,West,Surat,Foldable Treadmill T2,Sports,1,25472,25472,CUST-87297,Marketplace
UK-2026-100620,2026-01-21,West,Surat,Matte Lipstick Set,Beauty,2,940,1880,CUST-33669,App
UK-2026-103272,2026-05-09,East,Kolkata,Smart Watch X2,Electronics,1,4347,4347,CUST-46362,App
UK-2026-101452,2026-03-31,North,Delhi,Mixer Grinder 750W,Home & Kitchen,1,3337,3337,CUST-73540,App
UK-2026-102590,2026-04-06,Central,Bhopal,Cotton Kurta Set,Fashion,4,1310,5240,CUST-70375,App
UK-2026-100251,2026-01-29,South,Bengaluru,Non-Stick Cookware Set,Home & Kitchen,2,2895,5790,CUST-40265,App
UK-2026-100595,2026-01-06,North,Gurugram,Wireless Earbuds Pro,Electronics,1,2854,2854,CUST-71843,Marketplace
UK-2026-102356,2026-04-17,South,Bengaluru,Foldable Treadmill T2,Sports,1,24929,24929,CUST-64137,Website
UK-2026-102121,2026-03-04,South,Kochi,Robot Vacuum R7,Home & Kitchen,2,18952,37904,CUST-49896,Website
UK-2026-100057,2026-01-04,South,Kochi,Vitamin C Serum,Beauty,2,681,1362,CUST-99654,App
UK-2026-100586,2026-01-15,North,Noida,Mirrorless Camera Lite,Electronics,2,27855,55710,CUST-88350,Website
UK-2026-103346,2026-05-02,South,Chennai,Smart Watch X2,Electronics,1,4600,4600,CUST-64196,App
UK-2026-103105,2026-05-26,Central,Nagpur,Silk Saree,Fashion,1,3489,3489,CUST-80323,Marketplace
UK-2026-101571,2026-03-23,West,Ahmedabad,Cotton Bedsheet Set,Home & Kitchen,2,1350,2700,CUST-31463,App
UK-2026-104679,2026-06-20,Central,Nagpur,Smart Watch X2,Electronics,1,4363,4363,CUST-26314,Marketplace
UK-2026-102479,2026-04-07,West,Pune,Ultrabook Air 14,Electronics,2,31482,62964,CUST-12855,App
UK-2026-103059,2026-04-15,East,Guwahati,Non-Stick Cookware Set,Home & Kitchen,1,2954,2954,CUST-34909,App
UK-2026-104879,2026-06-13,South,Kochi,Bluetooth Speaker Mini,Electronics,1,1451,1451,CUST-83929,Marketplace
UK-2026-104657,2026-06-25,South,Chennai,Bluetooth Speaker Mini,Electronics,3,1547,4641,CUST-78399,Marketplace
UK-2026-102743,2026-04-05,West,Pune,Gym Gloves,Sports,1,507,507,CUST-86256,App
UK-2026-103901,2026-05-14,West,Pune,Silk Saree,Fashion,1,3327,3327,CUST-77230,App
UK-2026-104397,2026-06-22,West,Pune,Leather Wallet,Fashion,1,927,927,CUST-73839,App
UK-2026-103471,2026-05-13,South,Bengaluru,Ultrabook Air 14,Electronics,1,31014,31014,CUST-81225,Website
UK-2026-100482,2026-01-15,South,Hyderabad,Power Bank 20000mAh,Electronics,1,1761,1761,CUST-89296,App
UK-2026-101185,2026-02-01,East,Bhubaneswar,Beard Grooming Kit,Beauty,1,953,953,CUST-56738,Website
UK-2026-101548,2026-03-26,North,Delhi,Denim Jacket,Fashion,3,2207,6621,CUST-38211,App
UK-2026-102936,2026-04-20,Central,Raipur,Eau de Parfum 100ml,Beauty,1,2068,2068,CUST-95641,Website
UK-2026-104830,2026-06-30,East,Bhubaneswar,Matte Lipstick Set,Beauty,1,905,905,CUST-86392,App
UK-2026-103936,2026-05-02,West,Pune,Face Wash Combo,Beauty,4,438,1752,CUST-69791,App
UK-2026-104179,2026-06-13,South,Bengaluru,Gym Gloves,Sports,1,502,502,CUST-85083,Website
UK-2026-100774,2026-02-20,North,Gurugram,Air Fryer 5L,Home & Kitchen,1,5389,5389,CUST-88981,Website
UK-2026-100331,2026-01-11,North,Chandigarh,Running Sneakers,Fashion,1,2869,2869,CUST-21667,App
UK-2026-101153,2026-02-06,Central,Bhopal,Slim Fit Jeans,Fashion,1,1628,1628,CUST-86140,Website
UK-2026-103561,2026-05-27,North,Delhi,Cotton Kurta Set,Fashion,1,1256,1256,CUST-91431,Website
UK-2026-104511,2026-06-24,North,Delhi,Gym Gloves,Sports,2,507,1014,CUST-10275,Website
UK-2026-103254,2026-05-14,South,Chennai,Ionic Hair Dryer,Beauty,2,1985,3970,CUST-22389,Website
UK-2026-104126,2026-06-14,West,Pune,Cycling Helmet,Sports,1,1668,1668,CUST-96410,Marketplace
UK-2026-101948,2026-03-29,North,Noida,Power Bank 20000mAh,Electronics,2,1766,3532,CUST-71101,Website
UK-2026-100411,2026-01-30,South,Chennai,Smart Watch X2,Electronics,1,4508,4508,CUST-95238,Marketplace
UK-2026-104892,2026-06-24,South,Chennai,Bluetooth Speaker Mini,Electronics,1,1489,1489,CUST-67697,Marketplace
UK-2026-100546,2026-01-10,East,Kolkata,Face Wash Combo,Beauty,1,449,449,CUST-80078,App
UK-2026-101933,2026-03-28,South,Bengaluru,Sunscreen SPF50,Beauty,1,558,558,CUST-61372,Website
UK-2026-102708,2026-04-23,South,Kochi,Dinner Set 24pc,Home & Kitchen,1,2565,2565,CUST-92283,Marketplace
UK-2026-103341,2026-05-28,South,Hyderabad,Mixer Grinder 750W,Home & Kitchen,2,3215,6430,CUST-35080,Marketplace
UK-2026-102216,2026-03-18,North,Chandigarh,Gym Gloves,Sports,1,505,505,CUST-99591,App
UK-2026-101990,2026-03-26,West,Mumbai,Dinner Set 24pc,Home & Kitchen,1,2480,2480,CUST-42991,App
UK-2026-100474,2026-01-16,Central,Raipur,Formal Shirt,Fashion,1,1149,1149,CUST-79476,App
UK-2026-104704,2026-06-07,West,Mumbai,Non-Stick Cookware Set,Home & Kitchen,1,2972,2972,CUST-87291,App
UK-2026-101224,2026-02-07,West,Ahmedabad,Sunscreen SPF50,Beauty,3,552,1656,CUST-29924,Marketplace
UK-2026-103099,2026-05-15,East,Patna,Denim Jacket,Fashion,1,2216,2216,CUST-44042,Website
UK-2026-104281,2026-06-03,North,Gurugram,Air Fryer 5L,Home & Kitchen,1,5692,5692,CUST-44042,Website
UK-2026-104376,2026-06-27,South,Hyderabad,Adjustable Dumbbells 15kg,Sports,2,4817,9634,CUST-71969,Website
UK-2026-100735,2026-02-10,South,Bengaluru,Smart Watch X2,Electronics,2,4722,9444,CUST-69763,Marketplace
UK-2026-102733,2026-04-30,East,Bhubaneswar,Face Wash Combo,Beauty,1,459,459,CUST-98229,App
UK-2026-101410,2026-02-15,East,Bhubaneswar,Noise-Cancelling Headphones,Electronics,1,9352,9352,CUST-40417,App
UK-2026-100417,2026-01-13,South,Bengaluru,Cycling Helmet,Sports,2,1523,3046,CUST-88714,Marketplace
UK-2026-101069,2026-02-11,West,Surat,Mirrorless Camera Lite,Electronics,1,30265,30265,CUST-25978,Website
UK-2026-104387,2026-06-18,South,Kochi,Smart Watch X2,Electronics,2,4622,9244,CUST-44213,Website
UK-2026-104940,2026-06-27,South,Hyderabad,Noise-Cancelling Headphones,Electronics,1,8861,8861,CUST-39329,Marketplace
UK-2026-104418,2026-06-21,West,Mumbai,Makeup Brush Set,Beauty,1,1354,1354,CUST-81119,Website
UK-2026-104953,2026-06-08,East,Patna,Eau de Parfum 100ml,Beauty,1,1982,1982,CUST-63183,App
UK-2026-102323,2026-04-15,East,Bhubaneswar,Non-Stick Cookware Set,Home & Kitchen,1,2919,2919,CUST-31404,App
UK-2026-103126,2026-05-14,South,Hyderabad,Cotton Kurta Set,Fashion,1,1236,1236,CUST-81087,Marketplace
UK-2026-103903,2026-05-02,Central,Nagpur,Ionic Hair Dryer,Beauty,1,1828,1828,CUST-38211,App
UK-2026-101134,2026-02-01,North,Noida,Eau de Parfum 100ml,Beauty,1,1962,1962,CUST-77180,App
UK-2026-104755,2026-06-04,North,Chandigarh,Eau de Parfum 100ml,Beauty,1,2029,2029,CUST-76625,Marketplace
UK-2026-102321,2026-04-02,East,Patna,Sunscreen SPF50,Beauty,1,550,550,CUST-35997,Marketplace
UK-2026-101890,2026-03-15,South,Kochi,Mirrorless Camera Lite,Electronics,1,28233,28233,CUST-29878,App
UK-2026-101191,2026-02-18,East,Patna,Yoga Mat Pro,Sports,1,1198,1198,CUST-45731,App
UK-2026-101939,2026-03-20,West,Pune,Vitamin C Serum,Beauty,1,683,683,CUST-41417,Website
UK-2026-103807,2026-05-06,West,Pune,43-inch Smart TV,Electronics,1,25015,25015,CUST-69763,App
UK-2026-100937,2026-02-25,Central,Nagpur,Running Sneakers,Fashion,2,2708,5416,CUST-32000,Marketplace
UK-2026-103655,2026-05-21,East,Patna,Formal Shirt,Fashion,2,1095,2190,CUST-28994,Website
UK-2026-104954,2026-06-01,East,Patna,Mixer Grinder 750W,Home & Kitchen,1,3272,3272,CUST-68721,Marketplace
UK-2026-100225,2026-01-18,South,Bengaluru,Non-Stick Cookware Set,Home & Kitchen,1,2992,2992,CUST-91411,Website
UK-2026-102687,2026-04-19,South,Chennai,43-inch Smart TV,Electronics,2,25089,50178,CUST-24036,App
UK-2026-100109,2026-01-31,South,Kochi,Cycling Helmet,Sports,3,1523,4569,CUST-20188,Website
UK-2026-104140,2026-06-27,North,Delhi,Football Size 5,Sports,1,916,916,CUST-29197,Website
UK-2026-100977,2026-02-02,North,Noida,Dinner Set 24pc,Home & Kitchen,1,2525,2525,CUST-50043,Website
UK-2026-103500,2026-05-01,East,Patna,Noise-Cancelling Headphones,Electronics,1,9432,9432,CUST-99678,Marketplace
UK-2026-103834,2026-05-15,South,Chennai,Yoga Mat Pro,Sports,2,1155,2310,CUST-70162,App
UK-2026-104944,2026-06-04,North,Gurugram,Noise-Cancelling Headphones,Electronics,3,8748,26244,CUST-37401,Marketplace
UK-2026-103975,2026-05-08,West,Ahmedabad,Mirrorless Camera Lite,Electronics,1,30259,30259,CUST-75485,App
UK-2026-103809,2026-05-31,South,Hyderabad,Foldable Treadmill T2,Sports,1,25862,25862,CUST-95988,Marketplace
UK-2026-100882,2026-02-18,West,Ahmedabad,Ethnic Dupatta,Fashion,1,516,516,CUST-21789,App
UK-2026-103850,2026-05-30,South,Hyderabad,Mixer Grinder 750W,Home & Kitchen,2,3134,6268,CUST-84609,Website
UK-2026-103637,2026-05-22,West,Pune,Ionic Hair Dryer,Beauty,2,1817,3634,CUST-51536,Website
UK-2026-100487,2026-01-02,South,Hyderabad,Cotton Kurta Set,Fashion,1,1360,1360,CUST-19282,App
UK-2026-103383,2026-05-27,South,Bengaluru,Dinner Set 24pc,Home & Kitchen,1,2556,2556,CUST-92789,App
UK-2026-103593,2026-05-06,East,Kolkata,Mirrorless Camera Lite,Electronics,1,30255,30255,CUST-90625,Website
UK-2026-103960,2026-05-07,South,Kochi,Non-Stick Cookware Set,Home & Kitchen,2,2842,5684,CUST-42844,Website
UK-2026-102778,2026-04-16,East,Kolkata,Noise-Cancelling Headphones,Electronics,1,8723,8723,CUST-13468,App
UK-2026-104765,2026-06-05,North,Delhi,43-inch Smart TV,Electronics,2,27024,54048,CUST-76190,Marketplace
UK-2026-101973,2026-03-24,East,Guwahati,Wireless Earbuds Pro,Electronics,1,3138,3138,CUST-55008,Marketplace
UK-2026-101529,2026-03-06,North,Chandigarh,Silk Saree,Fashion,1,3493,3493,CUST-42689,Website
UK-2026-100097,2026-01-13,South,Kochi,Badminton Racket Set,Sports,1,2502,2502,CUST-30031,Website
UK-2026-101491,2026-03-07,North,Gurugram,Ethnic Dupatta,Fashion,3,492,1476,CUST-28943,App
UK-2026-103017,2026-04-09,North,Chandigarh,Wireless Earbuds Pro,Electronics,1,2875,2875,CUST-17781,App
UK-2026-102905,2026-04-11,Central,Indore,Noise-Cancelling Headphones,Electronics,1,8674,8674,CUST-53566,Marketplace
UK-2026-101379,2026-02-24,Central,Bhopal,43-inch Smart TV,Electronics,1,25247,25247,CUST-55420,Website
UK-2026-103689,2026-05-21,North,Delhi,Gym Gloves,Sports,1,519,519,CUST-31647,App
UK-2026-101861,2026-03-08,West,Pune,Bluetooth Speaker Mini,Electronics,4,1558,6232,CUST-95923,Website
UK-2026-100681,2026-01-24,South,Hyderabad,Robot Vacuum R7,Home & Kitchen,1,18908,18908,CUST-69878,Website
UK-2026-102379,2026-04-07,Central,Nagpur,Mixer Grinder 750W,Home & Kitchen,1,3169,3169,CUST-95000,App
UK-2026-104480,2026-06-04,West,Pune,Sunscreen SPF50,Beauty,2,549,1098,CUST-47130,Website
UK-2026-103074,2026-04-23,East,Patna,Silk Saree,Fashion,1,3560,3560,CUST-58472,Website
UK-2026-100088,2026-01-06,South,Hyderabad,Yoga Mat Pro,Sports,1,1164,1164,CUST-89801,App
UK-2026-102105,2026-03-27,North,Chandigarh,Ionic Hair Dryer,Beauty,1,1957,1957,CUST-94406,Marketplace
UK-2026-104801,2026-06-29,East,Kolkata,43-inch Smart TV,Electronics,1,26558,26558,CUST-43853,Website
UK-2026-102711,2026-04-11,East,Guwahati,Foldable Treadmill T2,Sports,1,23779,23779,CUST-23417,App
UK-2026-103301,2026-05-04,Central,Nagpur,Air Fryer 5L,Home & Kitchen,1,5691,5691,CUST-98800,App
UK-2026-102993,2026-04-06,West,Surat,Slim Fit Jeans,Fashion,1,1672,1672,CUST-42135,App
UK-2026-101408,2026-02-15,East,Bhubaneswar,Cotton Kurta Set,Fashion,1,1304,1304,CUST-84709,Marketplace
UK-2026-104305,2026-06-22,South,Bengaluru,Cotton Kurta Set,Fashion,1,1312,1312,CUST-12496,Marketplace
UK-2026-104240,2026-06-04,North,Chandigarh,Beard Grooming Kit,Beauty,2,1022,2044,CUST-27388,App
UK-2026-102109,2026-03-22,West,Ahmedabad,Modern Wall Clock,Home & Kitchen,1,765,765,CUST-37487,Website
UK-2026-104719,2026-06-04,South,Chennai,Beard Grooming Kit,Beauty,1,1032,1032,CUST-35613,Website
UK-2026-101231,2026-02-19,North,Chandigarh,Mirrorless Camera Lite,Electronics,2,27683,55366,CUST-69878,App
UK-2026-102770,2026-04-19,East,Bhubaneswar,Makeup Brush Set,Beauty,1,1323,1323,CUST-31702,App
UK-2026-101140,2026-02-03,South,Kochi,Football Size 5,Sports,1,936,936,CUST-67935,Marketplace
UK-2026-104547,2026-06-13,North,Chandigarh,Makeup Brush Set,Beauty,1,1286,1286,CUST-19208,App
UK-2026-103980,2026-05-05,North,Gurugram,Wireless Earbuds Pro,Electronics,1,2989,2989,CUST-81759,Website
UK-2026-103773,2026-05-14,West,Ahmedabad,Ethnic Dupatta,Fashion,1,522,522,CUST-85700,Website
UK-2026-103685,2026-05-12,North,Noida,Denim Jacket,Fashion,3,2182,6546,CUST-76450,Website
UK-2026-101977,2026-03-10,South,Chennai,Wireless Earbuds Pro,Electronics,1,3020,3020,CUST-15127,App
UK-2026-102012,2026-03-19,West,Mumbai,Noise-Cancelling Headphones,Electronics,1,9176,9176,CUST-52875,Marketplace
UK-2026-101532,2026-03-29,Central,Bhopal,Ethnic Dupatta,Fashion,1,506,506,CUST-43196,Website
UK-2026-102566,2026-04-10,North,Delhi,Bluetooth Speaker Mini,Electronics,1,1469,1469,CUST-47942,Marketplace
UK-2026-102150,2026-03-16,East,Kolkata,Power Bank 20000mAh,Electronics,1,1833,1833,CUST-81685,Website
UK-2026-102247,2026-04-30,North,Gurugram,Foldable Treadmill T2,Sports,1,25168,25168,CUST-39918,Website
UK-2026-100336,2026-01-26,North,Chandigarh,Electric Kettle 1.5L,Home & Kitchen,3,1095,3285,CUST-70115,Marketplace
UK-2026-102097,2026-03-01,South,Chennai,Mirrorless Camera Lite,Electronics,1,29768,29768,CUST-83450,App
UK-2026-101045,2026-02-18,North,Gurugram,Ultrabook Air 14,Electronics,3,29292,87876,CUST-92447,App
UK-2026-104706,2026-06-03,South,Bengaluru,Robot Vacuum R7,Home & Kitchen,1,19299,19299,CUST-85083,App
UK-2026-103158,2026-05-18,Central,Bhopal,Foldable Treadmill T2,Sports,1,24708,24708,CUST-36372,Marketplace
UK-2026-102374,2026-04-02,South,Kochi,Dinner Set 24pc,Home & Kitchen,1,2460,2460,CUST-12050,App
UK-2026-102797,2026-04-17,South,Hyderabad,Slim Fit Jeans,Fashion,1,1563,1563,CUST-81557,Website
UK-2026-101036,2026-02-19,East,Patna,Mirrorless Camera Lite,Electronics,1,27713,27713,CUST-58712,Marketplace
UK-2026-101002,2026-02-11,Central,Nagpur,Bluetooth Speaker Mini,Electronics,1,1531,1531,CUST-23322,App
UK-2026-103569,2026-05-11,North,Noida,Ultrabook Air 14,Electronics,1,30563,30563,CUST-73238,App
UK-2026-100350,2026-01-17,South,Kochi,43-inch Smart TV,Electronics,1,26114,26114,CUST-16189,Website
UK-2026-104108,2026-06-20,South,Kochi,Modern Wall Clock,Home & Kitchen,1,795,795,CUST-16905,App
UK-2026-103864,2026-05-26,North,Gurugram,Air Fryer 5L,Home & Kitchen,2,5698,11396,CUST-84176,Website
UK-2026-102923,2026-04-14,South,Kochi,Mirrorless Camera Lite,Electronics,1,27829,27829,CUST-78484,App
UK-2026-101388,2026-02-02,South,Hyderabad,Silk Saree,Fashion,1,3540,3540,CUST-39909,App
UK-2026-103907,2026-05-29,West,Mumbai,Cotton Kurta Set,Fashion,1,1268,1268,CUST-29838,Website
UK-2026-101189,2026-02-15,North,Chandigarh,Badminton Racket Set,Sports,1,2543,2543,CUST-10849,App
UK-2026-100597,2026-01-21,South,Bengaluru,Air Fryer 5L,Home & Kitchen,1,5378,5378,CUST-77117,App
UK-2026-103715,2026-05-29,South,Hyderabad,Running Sneakers,Fashion,1,2928,2928,CUST-98051,App
UK-2026-100650,2026-01-07,West,Surat,Running Sneakers,Fashion,2,2829,5658,CUST-97436,Website
UK-2026-100879,2026-02-14,West,Surat,43-inch Smart TV,Electronics,1,25062,25062,CUST-54536,Marketplace
UK-2026-100667,2026-01-07,Central,Nagpur,Adjustable Dumbbells 15kg,Sports,1,5054,5054,CUST-30872,Website
UK-2026-104488,2026-06-28,South,Bengaluru,Makeup Brush Set,Beauty,1,1238,1238,CUST-64895,App
UK-2026-102822,2026-04-19,North,Noida,Mixer Grinder 750W,Home & Kitchen,1,3267,3267,CUST-24891,App
UK-2026-100415,2026-01-11,South,Bengaluru,Power Bank 20000mAh,Electronics,2,1758,3516,CUST-77804,Website
UK-2026-101465,2026-03-02,East,Guwahati,Running Sneakers,Fashion,2,2809,5618,CUST-48689,App
UK-2026-104125,2026-06-11,South,Chennai,Ionic Hair Dryer,Beauty,2,1856,3712,CUST-86806,App
UK-2026-103387,2026-05-17,West,Mumbai,Mirrorless Camera Lite,Electronics,1,27583,27583,CUST-17136,Website
UK-2026-100271,2026-01-14,North,Noida,43-inch Smart TV,Electronics,1,26289,26289,CUST-27386,Website
UK-2026-104290,2026-06-11,South,Bengaluru,Yoga Mat Pro,Sports,1,1178,1178,CUST-85559,App
UK-2026-101978,2026-03-05,South,Chennai,Gym Gloves,Sports,1,511,511,CUST-69460,Marketplace
UK-2026-100801,2026-02-18,Central,Indore,Slim Fit Jeans,Fashion,2,1635,3270,CUST-43252,App
UK-2026-101898,2026-03-29,Central,Bhopal,Running Sneakers,Fashion,2,2831,5662,CUST-34012,App
UK-2026-104549,2026-06-04,North,Delhi,Modern Wall Clock,Home & Kitchen,1,780,780,CUST-93193,Marketplace
UK-2026-103256,2026-05-26,Central,Nagpur,Wireless Earbuds Pro,Electronics,1,3079,3079,CUST-10150,Website
UK-2026-102206,2026-03-27,West,Surat,Silk Saree,Fashion,1,3605,3605,CUST-67168,App
UK-2026-102712,2026-04-19,North,Gurugram,Matte Lipstick Set,Beauty,2,869,1738,CUST-56908,Marketplace
UK-2026-103895,2026-05-30,Central,Bhopal,Matte Lipstick Set,Beauty,2,861,1722,CUST-12195,Website
UK-2026-103162,2026-05-28,West,Ahmedabad,43-inch Smart TV,Electronics,1,25940,25940,CUST-19998,Marketplace
UK-2026-101079,2026-02-02,East,Kolkata,Electric Kettle 1.5L,Home & Kitchen,2,1101,2202,CUST-55698,App
UK-2026-103562,2026-05-18,West,Ahmedabad,Leather Wallet,Fashion,1,879,879,CUST-17299,App
UK-2026-100747,2026-02-21,East,Patna,Modern Wall Clock,Home & Kitchen,3,780,2340,CUST-51595,Website
UK-2026-102507,2026-04-14,East,Guwahati,Non-Stick Cookware Set,Home & Kitchen,1,2774,2774,CUST-22029,Website
UK-2026-104779,2026-06-16,South,Chennai,Mixer Grinder 750W,Home & Kitchen,1,3381,3381,CUST-87005,Website
UK-2026-101903,2026-03-01,Central,Indore,Smart Watch X2,Electronics,1,4685,4685,CUST-27405,Marketplace
UK-2026-100471,2026-01-17,North,Gurugram,Mirrorless Camera Lite,Electronics,3,29206,87618,CUST-51965,Website
UK-2026-100695,2026-01-01,West,Pune,Cotton Kurta Set,Fashion,1,1244,1244,CUST-96140,Marketplace
UK-2026-101127,2026-02-23,West,Mumbai,Ionic Hair Dryer,Beauty,1,1885,1885,CUST-66737,App
UK-2026-104301,2026-06-09,South,Chennai,Vitamin C Serum,Beauty,3,718,2154,CUST-94452,App
UK-2026-100929,2026-02-15,West,Pune,Mixer Grinder 750W,Home & Kitchen,3,3440,10320,CUST-85060,Website
UK-2026-100395,2026-01-08,West,Mumbai,43-inch Smart TV,Electronics,1,26332,26332,CUST-11648,Website
UK-2026-101942,2026-03-30,East,Bhubaneswar,Face Wash Combo,Beauty,1,461,461,CUST-10140,Website
UK-2026-103866,2026-05-04,South,Hyderabad,Electric Kettle 1.5L,Home & Kitchen,1,1096,1096,CUST-59534,App
UK-2026-104361,2026-06-02,South,Bengaluru,Cotton Bedsheet Set,Home & Kitchen,1,1353,1353,CUST-60008,Marketplace
UK-2026-101241,2026-02-24,South,Hyderabad,Badminton Racket Set,Sports,1,2484,2484,CUST-75451,App
UK-2026-104738,2026-06-22,Central,Nagpur,Formal Shirt,Fashion,2,1115,2230,CUST-75346,Website
UK-2026-101455,2026-03-01,North,Chandigarh,Noise-Cancelling Headphones,Electronics,1,8995,8995,CUST-88901,Marketplace
UK-2026-101685,2026-03-06,South,Hyderabad,Adjustable Dumbbells 15kg,Sports,3,4977,14931,CUST-52875,Website
UK-2026-103436,2026-05-28,Central,Nagpur,Modern Wall Clock,Home & Kitchen,2,773,1546,CUST-73790,App
UK-2026-104855,2026-06-25,South,Kochi,Bluetooth Speaker Mini,Electronics,2,1435,2870,CUST-11412,Marketplace
UK-2026-102270,2026-04-26,West,Surat,43-inch Smart TV,Electronics,1,25915,25915,CUST-32697,Marketplace
UK-2026-102971,2026-04-20,West,Surat,Robot Vacuum R7,Home & Kitchen,1,18896,18896,CUST-94172,App
UK-2026-104850,2026-06-10,West,Surat,Dinner Set 24pc,Home & Kitchen,1,2574,2574,CUST-37857,Marketplace
UK-2026-101138,2026-02-07,South,Chennai,Adjustable Dumbbells 15kg,Sports,1,4938,4938,CUST-66033,Website
UK-2026-101052,2026-02-07,North,Chandigarh,Denim Jacket,Fashion,1,2204,2204,CUST-51303,Marketplace
UK-2026-101696,2026-03-16,Central,Raipur,Badminton Racket Set,Sports,1,2514,2514,CUST-40341,App
UK-2026-103643,2026-05-16,South,Kochi,Non-Stick Cookware Set,Home & Kitchen,2,2927,5854,CUST-16266,Marketplace
UK-2026-102390,2026-04-20,North,Chandigarh,Dinner Set 24pc,Home & Kitchen,2,2554,5108,CUST-26733,Website
UK-2026-101669,2026-03-01,West,Surat,Football Size 5,Sports,3,918,2754,CUST-37426,Website
UK-2026-100775,2026-02-11,South,Bengaluru,Formal Shirt,Fashion,1,1085,1085,CUST-12657,Website
UK-2026-101649,2026-03-07,East,Bhubaneswar,Vitamin C Serum,Beauty,1,708,708,CUST-69505,App
UK-2026-103063,2026-04-23,Central,Bhopal,Foldable Treadmill T2,Sports,1,25658,25658,CUST-38149,Website
UK-2026-100255,2026-01-19,North,Noida,Power Bank 20000mAh,Electronics,2,1809,3618,CUST-68721,App
UK-2026-103878,2026-05-19,North,Noida,Slim Fit Jeans,Fashion,1,1633,1633,CUST-33357,App
UK-2026-102663,2026-04-24,North,Delhi,Dinner Set 24pc,Home & Kitchen,1,2609,2609,CUST-41756,App
UK-2026-100752,2026-02-05,West,Ahmedabad,Electric Kettle 1.5L,Home & Kitchen,1,1131,1131,CUST-54930,Website
UK-2026-104667,2026-06-18,East,Guwahati,Robot Vacuum R7,Home & Kitchen,1,18152,18152,CUST-47220,Website
UK-2026-101874,2026-03-17,South,Bengaluru,Ethnic Dupatta,Fashion,1,511,511,CUST-21477,App
UK-2026-100475,2026-01-29,West,Pune,Cotton Kurta Set,Fashion,2,1287,2574,CUST-12691,App
UK-2026-104490,2026-06-16,West,Mumbai,Denim Jacket,Fashion,2,2236,4472,CUST-37340,App
UK-2026-103596,2026-05-17,North,Chandigarh,Silk Saree,Fashion,4,3433,13732,CUST-77779,App
UK-2026-101402,2026-02-23,Central,Bhopal,Ionic Hair Dryer,Beauty,1,1987,1987,CUST-43070,Website
UK-2026-100684,2026-01-07,East,Guwahati,Wireless Earbuds Pro,Electronics,2,2891,5782,CUST-13400,Website
UK-2026-100105,2026-01-27,East,Bhubaneswar,Dinner Set 24pc,Home & Kitchen,1,2456,2456,CUST-95138,Marketplace
UK-2026-101694,2026-03-24,Central,Nagpur,Denim Jacket,Fashion,1,2271,2271,CUST-86973,App
UK-2026-104572,2026-06-09,South,Hyderabad,Ionic Hair Dryer,Beauty,1,1944,1944,CUST-16125,Marketplace
UK-2026-100050,2026-01-08,South,Kochi,Cotton Kurta Set,Fashion,3,1271,3813,CUST-15619,Marketplace
UK-2026-104692,2026-06-16,East,Patna,Ultrabook Air 14,Electronics,1,29648,29648,CUST-55925,Website
UK-2026-101369,2026-02-14,South,Kochi,Bluetooth Speaker Mini,Electronics,1,1436,1436,CUST-16694,Website
UK-2026-101086,2026-02-09,West,Surat,Mixer Grinder 750W,Home & Kitchen,1,3242,3242,CUST-12424,App
UK-2026-101475,2026-03-06,East,Guwahati,Denim Jacket,Fashion,1,2267,2267,CUST-17781,App
UK-2026-100645,2026-01-24,North,Gurugram,Cricket Bat English Willow,Sports,1,8725,8725,CUST-40805,App
UK-2026-100618,2026-01-25,South,Chennai,Badminton Racket Set,Sports,1,2505,2505,CUST-80323,App
UK-2026-103035,2026-04-09,South,Hyderabad,Dinner Set 24pc,Home & Kitchen,1,2470,2470,CUST-61140,App
UK-2026-102564,2026-04-11,Central,Nagpur,Ultrabook Air 14,Electronics,1,29387,29387,CUST-85567,Website
UK-2026-104214,2026-06-03,North,Noida,Eau de Parfum 100ml,Beauty,1,1946,1946,CUST-88901,Website
UK-2026-104066,2026-06-24,West,Pune,Leather Wallet,Fashion,1,929,929,CUST-14282,Website
UK-2026-103226,2026-05-31,South,Chennai,Cricket Bat English Willow,Sports,1,9272,9272,CUST-62784,App
UK-2026-102572,2026-04-16,North,Chandigarh,Noise-Cancelling Headphones,Electronics,2,9175,18350,CUST-38149,Website
UK-2026-102380,2026-04-12,South,Chennai,Cycling Helmet,Sports,1,1577,1577,CUST-19335,App
UK-2026-103141,2026-05-07,North,Delhi,Denim Jacket,Fashion,2,2218,4436,CUST-12158,Marketplace
UK-2026-101557,2026-03-03,East,Bhubaneswar,Ultrabook Air 14,Electronics,1,29059,29059,CUST-93936,Website
UK-2026-100840,2026-02-08,West,Ahmedabad,Running Sneakers,Fashion,2,2763,5526,CUST-21953,Website
UK-2026-100100,2026-01-10,South,Bengaluru,Modern Wall Clock,Home & Kitchen,2,807,1614,CUST-27257,App
UK-2026-103578,2026-05-02,South,Chennai,Noise-Cancelling Headphones,Electronics,1,9092,9092,CUST-43611,Marketplace
UK-2026-103915,2026-05-21,East,Kolkata,Ethnic Dupatta,Fashion,1,475,475,CUST-46586,App
UK-2026-103522,2026-05-31,North,Delhi,Wireless Earbuds Pro,Electronics,1,2954,2954,CUST-15577,Website
UK-2026-103013,2026-04-28,West,Pune,Noise-Cancelling Headphones,Electronics,2,9307,18614,CUST-54148,Marketplace
UK-2026-102604,2026-04-17,East,Kolkata,Leather Wallet,Fashion,1,903,903,CUST-16758,Website
UK-2026-102751,2026-04-21,East,Guwahati,43-inch Smart TV,Electronics,1,26315,26315,CUST-65790,Website
UK-2026-104075,2026-06-07,South,Chennai,Power Bank 20000mAh,Electronics,1,1716,1716,CUST-67556,Website
UK-2026-103933,2026-05-09,North,Delhi,Smart Watch X2,Electronics,1,4539,4539,CUST-81119,Marketplace
UK-2026-100148,2026-01-09,North,Noida,Noise-Cancelling Headphones,Electronics,1,9049,9049,CUST-32347,App
UK-2026-104096,2026-06-28,West,Ahmedabad,Leather Wallet,Fashion,2,863,1726,CUST-71707,App
UK-2026-103845,2026-05-01,North,Noida,Foldable Treadmill T2,Sports,1,25668,25668,CUST-38185,Website
UK-2026-100211,2026-01-28,North,Chandigarh,Sunscreen SPF50,Beauty,2,555,1110,CUST-41300,Website
UK-2026-100274,2026-01-22,Central,Indore,Robot Vacuum R7,Home & Kitchen,2,18985,37970,CUST-31413,Website
UK-2026-103751,2026-05-04,West,Mumbai,Formal Shirt,Fashion,2,1065,2130,CUST-74998,App
UK-2026-100737,2026-02-16,West,Surat,Air Fryer 5L,Home & Kitchen,1,5399,5399,CUST-94269,App
UK-2026-103446,2026-05-26,South,Kochi,Leather Wallet,Fashion,3,864,2592,CUST-60162,Website
UK-2026-100180,2026-01-02,North,Noida,Bluetooth Speaker Mini,Electronics,1,1508,1508,CUST-81010,Marketplace
UK-2026-102071,2026-03-18,West,Mumbai,Electric Kettle 1.5L,Home & Kitchen,1,1106,1106,CUST-79600,App
UK-2026-100592,2026-01-11,South,Chennai,Robot Vacuum R7,Home & Kitchen,2,18149,36298,CUST-14514,Marketplace
UK-2026-103283,2026-05-05,West,Surat,Ethnic Dupatta,Fashion,2,508,1016,CUST-96322,App
UK-2026-104046,2026-06-16,West,Mumbai,Matte Lipstick Set,Beauty,1,879,879,CUST-82707,Marketplace
UK-2026-100108,2026-01-04,West,Ahmedabad,Football Size 5,Sports,1,861,861,CUST-31481,App
UK-2026-103400,2026-05-10,North,Chandigarh,Makeup Brush Set,Beauty,1,1303,1303,CUST-30107,Website
UK-2026-100079,2026-01-22,North,Gurugram,Mixer Grinder 750W,Home & Kitchen,1,3328,3328,CUST-94101,App
UK-2026-104402,2026-06-19,South,Hyderabad,Yoga Mat Pro,Sports,1,1167,1167,CUST-65763,App
UK-2026-103205,2026-05-28,West,Surat,Air Fryer 5L,Home & Kitchen,1,5624,5624,CUST-83842,Website
UK-2026-101436,2026-02-20,Central,Indore,Dinner Set 24pc,Home & Kitchen,1,2495,2495,CUST-86292,Marketplace
UK-2026-101217,2026-02-23,West,Surat,Running Sneakers,Fashion,1,2733,2733,CUST-54955,App
UK-2026-104736,2026-06-12,South,Bengaluru,Foldable Treadmill T2,Sports,2,25836,51672,CUST-29924,App
UK-2026-100197,2026-01-26,East,Patna,Running Sneakers,Fashion,2,2880,5760,CUST-44145,Website
UK-2026-102447,2026-04-11,West,Surat,Ethnic Dupatta,Fashion,1,484,484,CUST-61557,Website
UK-2026-104230,2026-06-21,West,Ahmedabad,Vitamin C Serum,Beauty,1,724,724,CUST-89493,Marketplace
UK-2026-101986,2026-03-10,South,Kochi,Non-Stick Cookware Set,Home & Kitchen,2,2788,5576,CUST-98775,Website
UK-2026-104698,2026-06-09,South,Chennai,Modern Wall Clock,Home & Kitchen,2,801,1602,CUST-28609,Marketplace
UK-2026-103779,2026-05-24,East,Bhubaneswar,Electric Kettle 1.5L,Home & Kitchen,1,1095,1095,CUST-48088,Website
UK-2026-101556,2026-03-22,Central,Bhopal,Eau de Parfum 100ml,Beauty,1,2068,2068,CUST-26782,Website
UK-2026-104052,2026-06-24,South,Chennai,Face Wash Combo,Beauty,1,471,471,CUST-13433,App
UK-2026-101667,2026-03-29,West,Surat,Sunscreen SPF50,Beauty,1,549,549,CUST-23322,App
UK-2026-103194,2026-05-16,South,Chennai,Denim Jacket,Fashion,1,2227,2227,CUST-87297,Website
UK-2026-102388,2026-04-27,North,Gurugram,Sunscreen SPF50,Beauty,1,539,539,CUST-75587,Website
UK-2026-103215,2026-05-15,North,Delhi,Face Wash Combo,Beauty,2,431,862,CUST-71133,Marketplace
UK-2026-102920,2026-04-19,East,Patna,Ultrabook Air 14,Electronics,1,31377,31377,CUST-94621,Marketplace
UK-2026-103833,2026-05-02,South,Chennai,Gym Gloves,Sports,2,517,1034,CUST-26021,Website
UK-2026-103956,2026-05-28,Central,Bhopal,Adjustable Dumbbells 15kg,Sports,1,4812,4812,CUST-97583,Website
UK-2026-100412,2026-01-06,West,Mumbai,Eau de Parfum 100ml,Beauty,1,2039,2039,CUST-79828,App
UK-2026-104327,2026-06-06,South,Chennai,Badminton Racket Set,Sports,1,2443,2443,CUST-87081,Website
UK-2026-104636,2026-06-07,North,Chandigarh,43-inch Smart TV,Electronics,1,24819,24819,CUST-19493,App
UK-2026-103983,2026-05-03,South,Bengaluru,Cotton Kurta Set,Fashion,1,1279,1279,CUST-33537,App
UK-2026-101009,2026-02-06,North,Gurugram,Cricket Bat English Willow,Sports,1,9185,9185,CUST-17299,Website
UK-2026-101054,2026-02-09,South,Hyderabad,Formal Shirt,Fashion,1,1080,1080,CUST-29953,Website
UK-2026-104524,2026-06-05,North,Gurugram,Denim Jacket,Fashion,2,2121,4242,CUST-33849,Marketplace
UK-2026-101264,2026-02-12,South,Bengaluru,Vitamin C Serum,Beauty,2,688,1376,CUST-19238,App
UK-2026-100843,2026-02-15,South,Bengaluru,Silk Saree,Fashion,1,3399,3399,CUST-97832,Website
UK-2026-100127,2026-01-25,South,Hyderabad,Badminton Racket Set,Sports,1,2397,2397,CUST-33884,App
UK-2026-101640,2026-03-06,East,Kolkata,Power Bank 20000mAh,Electronics,1,1721,1721,CUST-12855,Website
UK-2026-103176,2026-05-02,North,Delhi,Football Size 5,Sports,1,884,884,CUST-65315,Marketplace
UK-2026-102163,2026-03-31,Central,Indore,Air Fryer 5L,Home & Kitchen,2,5420,10840,CUST-44646,Website
UK-2026-102462,2026-04-13,North,Chandigarh,Makeup Brush Set,Beauty,1,1328,1328,CUST-43018,Website
UK-2026-103376,2026-05-23,South,Kochi,Eau de Parfum 100ml,Beauty,1,1943,1943,CUST-80580,App
UK-2026-104508,2026-06-19,Central,Indore,Noise-Cancelling Headphones,Electronics,1,9337,9337,CUST-92283,App
UK-2026-104217,2026-06-30,East,Kolkata,Cycling Helmet,Sports,3,1623,4869,CUST-86776,Marketplace
UK-2026-102738,2026-04-09,North,Gurugram,Non-Stick Cookware Set,Home & Kitchen,1,2889,2889,CUST-97773,Website
UK-2026-102355,2026-04-24,South,Bengaluru,Smart Watch X2,Electronics,2,4545,9090,CUST-91652,App
UK-2026-104089,2026-06-27,South,Kochi,Vitamin C Serum,Beauty,1,691,691,CUST-38638,Marketplace
UK-2026-103189,2026-05-18,West,Mumbai,Robot Vacuum R7,Home & Kitchen,2,18280,36560,CUST-82707,App
UK-2026-104833,2026-06-28,West,Ahmedabad,Matte Lipstick Set,Beauty,1,869,869,CUST-74714,Website
UK-2026-102826,2026-04-02,South,Kochi,Denim Jacket,Fashion,1,2153,2153,CUST-85302,App
UK-2026-103925,2026-05-27,West,Mumbai,Noise-Cancelling Headphones,Electronics,3,8767,26301,CUST-31095,App
UK-2026-102052,2026-03-19,Central,Nagpur,Slim Fit Jeans,Fashion,1,1541,1541,CUST-25845,Website
UK-2026-104198,2026-06-05,North,Chandigarh,Yoga Mat Pro,Sports,1,1193,1193,CUST-72636,Website
UK-2026-101688,2026-03-24,West,Mumbai,Smart Watch X2,Electronics,1,4655,4655,CUST-91238,App
UK-2026-104286,2026-06-26,Central,Nagpur,Wireless Earbuds Pro,Electronics,1,2916,2916,CUST-34611,App
UK-2026-104912,2026-06-17,North,Noida,Power Bank 20000mAh,Electronics,2,1836,3672,CUST-97844,Marketplace
UK-2026-101383,2026-02-03,Central,Raipur,Cotton Kurta Set,Fashion,1,1259,1259,CUST-82467,App
UK-2026-104341,2026-06-20,East,Kolkata,Running Sneakers,Fashion,2,2704,5408,CUST-73540,App
UK-2026-104477,2026-06-01,North,Chandigarh,Ultrabook Air 14,Electronics,4,31060,124240,CUST-79476,Marketplace
UK-2026-104929,2026-06-13,East,Bhubaneswar,Modern Wall Clock,Home & Kitchen,2,836,1672,CUST-56357,App
UK-2026-100405,2026-01-07,South,Kochi,Beard Grooming Kit,Beauty,1,977,977,CUST-58440,App
UK-2026-102174,2026-03-06,South,Kochi,Electric Kettle 1.5L,Home & Kitchen,2,1124,2248,CUST-33094,Marketplace
UK-2026-101469,2026-03-09,South,Bengaluru,Ionic Hair Dryer,Beauty,2,1945,3890,CUST-66473,App
UK-2026-100561,2026-01-31,West,Surat,Non-Stick Cookware Set,Home & Kitchen,2,2994,5988,CUST-36592,App
UK-2026-104723,2026-06-20,South,Hyderabad,Power Bank 20000mAh,Electronics,1,1880,1880,CUST-76625,Website
UK-2026-101114,2026-02-27,North,Delhi,Denim Jacket,Fashion,4,2290,9160,CUST-77078,Website
UK-2026-103212,2026-05-07,West,Ahmedabad,Cycling Helmet,Sports,1,1532,1532,CUST-85381,Website
UK-2026-102790,2026-04-17,East,Bhubaneswar,Football Size 5,Sports,1,935,935,CUST-83803,App
UK-2026-102296,2026-04-12,West,Ahmedabad,Mirrorless Camera Lite,Electronics,1,28957,28957,CUST-10849,Marketplace
UK-2026-102072,2026-03-11,North,Chandigarh,Leather Wallet,Fashion,1,930,930,CUST-26643,Marketplace
UK-2026-101361,2026-02-22,South,Chennai,Air Fryer 5L,Home & Kitchen,1,5647,5647,CUST-81010,Marketplace
UK-2026-101698,2026-03-03,West,Pune,Cotton Kurta Set,Fashion,1,1239,1239,CUST-30081,App
UK-2026-100330,2026-01-26,South,Bengaluru,Leather Wallet,Fashion,1,897,897,CUST-15977,App
UK-2026-104860,2026-06-04,Central,Raipur,Adjustable Dumbbells 15kg,Sports,2,4846,9692,CUST-14672,App
UK-2026-102254,2026-04-21,Central,Nagpur,Gym Gloves,Sports,2,511,1022,CUST-87721,Marketplace
UK-2026-100398,2026-01-17,West,Ahmedabad,Cricket Bat English Willow,Sports,1,8722,8722,CUST-64507,App
UK-2026-103203,2026-05-13,East,Bhubaneswar,Ultrabook Air 14,Electronics,3,30702,92106,CUST-44626,Marketplace
UK-2026-102735,2026-04-29,North,Chandigarh,Non-Stick Cookware Set,Home & Kitchen,1,2769,2769,CUST-71303,App
UK-2026-100191,2026-01-16,West,Mumbai,Badminton Racket Set,Sports,1,2375,2375,CUST-68248,Website
UK-2026-104632,2026-06-04,South,Bengaluru,Sunscreen SPF50,Beauty,1,564,564,CUST-10431,App
UK-2026-104218,2026-06-22,South,Bengaluru,Non-Stick Cookware Set,Home & Kitchen,1,2994,2994,CUST-14079,Website
UK-2026-100910,2026-02-23,South,Hyderabad,Yoga Mat Pro,Sports,1,1219,1219,CUST-75742,Website
UK-2026-100939,2026-02-03,South,Chennai,Cotton Bedsheet Set,Home & Kitchen,1,1356,1356,CUST-18318,Website
UK-2026-101155,2026-02-20,South,Bengaluru,Wireless Earbuds Pro,Electronics,1,2870,2870,CUST-72905,App
UK-2026-103922,2026-05-23,East,Guwahati,Cotton Kurta Set,Fashion,1,1235,1235,CUST-57571,Marketplace
UK-2026-104708,2026-06-12,South,Chennai,Adjustable Dumbbells 15kg,Sports,1,5012,5012,CUST-99549,Website
UK-2026-100025,2026-01-11,South,Chennai,Cotton Kurta Set,Fashion,1,1298,1298,CUST-91516,App
UK-2026-101271,2026-02-06,North,Delhi,Denim Jacket,Fashion,1,2226,2226,CUST-99831,App
UK-2026-100771,2026-02-21,Central,Bhopal,Makeup Brush Set,Beauty,1,1355,1355,CUST-67568,Website
UK-2026-102291,2026-04-09,North,Gurugram,Slim Fit Jeans,Fashion,1,1561,1561,CUST-13587,Marketplace
UK-2026-103310,2026-05-28,North,Noida,Bluetooth Speaker Mini,Electronics,1,1572,1572,CUST-80907,Marketplace
UK-2026-101295,2026-02-04,West,Pune,Air Fryer 5L,Home & Kitchen,4,5383,21532,CUST-73746,App
UK-2026-101980,2026-03-12,South,Bengaluru,Dinner Set 24pc,Home & Kitchen,1,2530,2530,CUST-12045,Marketplace
UK-2026-104357,2026-06-26,South,Chennai,43-inch Smart TV,Electronics,1,25528,25528,CUST-47942,App
UK-2026-103860,2026-05-17,North,Delhi,Ethnic Dupatta,Fashion,1,511,511,CUST-71611,App
UK-2026-101751,2026-03-17,West,Surat,Leather Wallet,Fashion,1,918,918,CUST-55698,Website
UK-2026-104252,2026-06-11,East,Bhubaneswar,Wireless Earbuds Pro,Electronics,2,2979,5958,CUST-83717,Marketplace
UK-2026-100755,2026-02-09,East,Patna,Cotton Bedsheet Set,Home & Kitchen,2,1408,2816,CUST-78246,Marketplace
UK-2026-104930,2026-06-22,North,Delhi,Leather Wallet,Fashion,1,907,907,CUST-37642,Website
UK-2026-104931,2026-06-22,West,Mumbai,Face Wash Combo,Beauty,3,455,1365,CUST-93990,App
UK-2026-103846,2026-05-21,North,Delhi,Noise-Cancelling Headphones,Electronics,1,8941,8941,CUST-96603,App
UK-2026-101083,2026-02-01,West,Pune,Vitamin C Serum,Beauty,2,689,1378,CUST-88170,Website
UK-2026-103366,2026-05-29,West,Pune,Bluetooth Speaker Mini,Electronics,1,1465,1465,CUST-28685,App
UK-2026-103666,2026-05-06,South,Hyderabad,Power Bank 20000mAh,Electronics,1,1710,1710,CUST-91347,Marketplace
UK-2026-101785,2026-03-10,South,Bengaluru,Ethnic Dupatta,Fashion,1,521,521,CUST-45659,Website
UK-2026-102845,2026-04-14,West,Mumbai,Cotton Kurta Set,Fashion,1,1245,1245,CUST-84609,App
UK-2026-104565,2026-06-11,South,Bengaluru,Eau de Parfum 100ml,Beauty,1,1931,1931,CUST-69505,App
UK-2026-104614,2026-06-10,North,Noida,Formal Shirt,Fashion,1,1137,1137,CUST-77230,App
UK-2026-102785,2026-04-13,West,Ahmedabad,Leather Wallet,Fashion,1,864,864,CUST-67578,Marketplace
UK-2026-102972,2026-04-09,North,Delhi,Noise-Cancelling Headphones,Electronics,1,8700,8700,CUST-11207,Website
UK-2026-104751,2026-06-11,South,Chennai,Dinner Set 24pc,Home & Kitchen,1,2596,2596,CUST-49791,App
UK-2026-104571,2026-06-28,Central,Bhopal,Sunscreen SPF50,Beauty,4,528,2112,CUST-12158,Marketplace
UK-2026-101380,2026-02-05,South,Kochi,Bluetooth Speaker Mini,Electronics,1,1563,1563,CUST-80260,Website
UK-2026-101923,2026-03-07,West,Pune,Ethnic Dupatta,Fashion,1,519,519,CUST-86892,App
UK-2026-102648,2026-04-06,North,Gurugram,Robot Vacuum R7,Home & Kitchen,1,19800,19800,CUST-81976,Marketplace
UK-2026-102301,2026-04-27,North,Delhi,Cotton Kurta Set,Fashion,1,1242,1242,CUST-57571,App
UK-2026-101806,2026-03-20,South,Kochi,Cotton Bedsheet Set,Home & Kitchen,2,1436,2872,CUST-12648,App
UK-2026-102094,2026-03-08,North,Chandigarh,Power Bank 20000mAh,Electronics,1,1836,1836,CUST-34280,Website
UK-2026-104313,2026-06-02,South,Hyderabad,Wireless Earbuds Pro,Electronics,1,2894,2894,CUST-48339,App
UK-2026-103324,2026-05-23,Central,Bhopal,Silk Saree,Fashion,1,3619,3619,CUST-69878,Website
UK-2026-102498,2026-04-02,South,Bengaluru,Ethnic Dupatta,Fashion,1,510,510,CUST-64496,Website
UK-2026-104049,2026-06-13,North,Delhi,Leather Wallet,Fashion,1,933,933,CUST-31350,App
UK-2026-102201,2026-03-17,Central,Bhopal,Yoga Mat Pro,Sports,1,1156,1156,CUST-15910,Website
UK-2026-101205,2026-02-05,South,Kochi,Cotton Kurta Set,Fashion,2,1239,2478,CUST-94172,Website
UK-2026-100841,2026-02-13,South,Chennai,Wireless Earbuds Pro,Electronics,1,2876,2876,CUST-52660,App
UK-2026-103966,2026-05-15,West,Ahmedabad,Noise-Cancelling Headphones,Electronics,2,8642,17284,CUST-80822,App
UK-2026-101828,2026-03-25,North,Chandigarh,Badminton Racket Set,Sports,1,2516,2516,CUST-42087,Marketplace
UK-2026-103038,2026-04-22,North,Chandigarh,Air Fryer 5L,Home & Kitchen,3,5647,16941,CUST-27397,Website
UK-2026-102538,2026-04-06,Central,Nagpur,Ultrabook Air 14,Electronics,2,29261,58522,CUST-80441,Marketplace
UK-2026-100979,2026-02-08,West,Pune,Foldable Treadmill T2,Sports,1,24116,24116,CUST-61219,App
UK-2026-101490,2026-03-30,Central,Bhopal,Silk Saree,Fashion,1,3624,3624,CUST-49114,Website
UK-2026-102377,2026-04-21,West,Ahmedabad,Leather Wallet,Fashion,1,920,920,CUST-28069,Marketplace
UK-2026-101303,2026-02-26,North,Noida,Running Sneakers,Fashion,1,2703,2703,CUST-22684,App
UK-2026-101744,2026-03-24,South,Kochi,Dinner Set 24pc,Home & Kitchen,1,2420,2420,CUST-13270,Website
UK-2026-102717,2026-04-28,North,Gurugram,Noise-Cancelling Headphones,Electronics,2,8994,17988,CUST-72785,Marketplace
UK-2026-102281,2026-04-14,Central,Indore,Sunscreen SPF50,Beauty,1,559,559,CUST-80260,Marketplace
UK-2026-100646,2026-01-28,West,Pune,Non-Stick Cookware Set,Home & Kitchen,1,3012,3012,CUST-81160,Website
UK-2026-104540,2026-06-18,South,Kochi,Sunscreen SPF50,Beauty,2,564,1128,CUST-95322,Website
UK-2026-100266,2026-01-25,West,Pune,Non-Stick Cookware Set,Home & Kitchen,2,2873,5746,CUST-37748,App
UK-2026-100894,2026-02-08,South,Chennai,Beard Grooming Kit,Beauty,1,1048,1048,CUST-24931,Website
UK-2026-101391,2026-02-26,West,Surat,Bluetooth Speaker Mini,Electronics,1,1524,1524,CUST-13587,App
UK-2026-103069,2026-04-20,East,Kolkata,Cricket Bat English Willow,Sports,1,8574,8574,CUST-54370,Website
UK-2026-103456,2026-05-09,West,Mumbai,Cotton Kurta Set,Fashion,1,1325,1325,CUST-51901,Marketplace
UK-2026-102378,2026-04-10,North,Noida,Wireless Earbuds Pro,Electronics,1,2864,2864,CUST-38111,Marketplace
UK-2026-102982,2026-04-10,East,Kolkata,Electric Kettle 1.5L,Home & Kitchen,1,1071,1071,CUST-77117,Marketplace
UK-2026-102439,2026-04-28,Central,Nagpur,Mirrorless Camera Lite,Electronics,3,30316,90948,CUST-81225,Marketplace
UK-2026-100361,2026-01-04,South,Kochi,Leather Wallet,Fashion,2,855,1710,CUST-76303,Marketplace
UK-2026-100360,2026-01-22,North,Gurugram,Smart Watch X2,Electronics,1,4653,4653,CUST-22143,Website
UK-2026-103996,2026-05-10,North,Delhi,Gym Gloves,Sports,2,491,982,CUST-66621,App
UK-2026-104994,2026-06-06,West,Surat,Ultrabook Air 14,Electronics,2,28722,57444,CUST-22619,App
UK-2026-104411,2026-06-26,East,Kolkata,Running Sneakers,Fashion,1,2881,2881,CUST-97331,Website
UK-2026-104790,2026-06-09,South,Chennai,Ethnic Dupatta,Fashion,1,500,500,CUST-28622,Marketplace
UK-2026-103289,2026-05-31,East,Patna,Slim Fit Jeans,Fashion,2,1596,3192,CUST-39680,Website
UK-2026-102475,2026-04-01,West,Mumbai,Mirrorless Camera Lite,Electronics,1,29256,29256,CUST-72046,App
UK-2026-100325,2026-01-29,South,Chennai,Dinner Set 24pc,Home & Kitchen,1,2516,2516,CUST-39909,App
UK-2026-100300,2026-01-26,South,Chennai,Silk Saree,Fashion,1,3450,3450,CUST-80683,App
UK-2026-102985,2026-04-19,South,Kochi,Bluetooth Speaker Mini,Electronics,1,1505,1505,CUST-77711,Marketplace
UK-2026-104051,2026-06-16,West,Surat,Running Sneakers,Fashion,1,2692,2692,CUST-53061,Marketplace
UK-2026-102338,2026-04-20,South,Kochi,Ultrabook Air 14,Electronics,1,30826,30826,CUST-34464,App
UK-2026-102221,2026-03-16,North,Gurugram,Noise-Cancelling Headphones,Electronics,1,8944,8944,CUST-50285,Website
UK-2026-102980,2026-04-04,South,Hyderabad,Dinner Set 24pc,Home & Kitchen,1,2493,2493,CUST-43048,Marketplace
UK-2026-103144,2026-05-28,North,Noida,Leather Wallet,Fashion,1,882,882,CUST-47844,Website
UK-2026-104144,2026-06-30,West,Ahmedabad,Wireless Earbuds Pro,Electronics,3,2939,8817,CUST-25915,Marketplace
UK-2026-101590,2026-03-12,East,Patna,43-inch Smart TV,Electronics,2,24900,49800,CUST-77736,Website
UK-2026-100760,2026-02-22,South,Kochi,Formal Shirt,Fashion,1,1059,1059,CUST-96036,Website
UK-2026-100418,2026-01-06,North,Gurugram,Badminton Racket Set,Sports,1,2513,2513,CUST-42232,App
UK-2026-103048,2026-04-13,North,Chandigarh,Face Wash Combo,Beauty,2,436,872,CUST-20108,Marketplace
UK-2026-104600,2026-06-18,South,Hyderabad,Ethnic Dupatta,Fashion,1,505,505,CUST-55420,Marketplace
UK-2026-102702,2026-04-15,South,Kochi,Ultrabook Air 14,Electronics,2,29965,59930,CUST-53307,App
UK-2026-100964,2026-02-25,East,Patna,Eau de Parfum 100ml,Beauty,1,2076,2076,CUST-51831,Website
UK-2026-102775,2026-04-20,South,Chennai,Makeup Brush Set,Beauty,1,1309,1309,CUST-64593,App
UK-2026-102908,2026-04-17,South,Chennai,Wireless Earbuds Pro,Electronics,2,3065,6130,CUST-56465,Website
UK-2026-103146,2026-05-04,South,Chennai,Wireless Earbuds Pro,Electronics,1,2984,2984,CUST-48021,Marketplace
UK-2026-103135,2026-05-22,East,Bhubaneswar,Cotton Kurta Set,Fashion,1,1316,1316,CUST-82333,Website
UK-2026-100764,2026-02-11,East,Kolkata,Denim Jacket,Fashion,1,2217,2217,CUST-76671,App
UK-2026-101884,2026-03-09,East,Guwahati,Electric Kettle 1.5L,Home & Kitchen,2,1120,2240,CUST-15644,App
UK-2026-100790,2026-02-24,East,Patna,Football Size 5,Sports,1,878,878,CUST-44825,Website
UK-2026-100377,2026-01-24,East,Patna,Modern Wall Clock,Home & Kitchen,1,775,775,CUST-84609,Website
UK-2026-102530,2026-04-24,North,Delhi,Bluetooth Speaker Mini,Electronics,1,1436,1436,CUST-95000,App
UK-2026-100334,2026-01-03,South,Kochi,Cotton Bedsheet Set,Home & Kitchen,1,1335,1335,CUST-99654,Marketplace
UK-2026-101609,2026-03-26,North,Chandigarh,Power Bank 20000mAh,Electronics,2,1811,3622,CUST-29992,Website
UK-2026-102559,2026-04-20,North,Delhi,Mirrorless Camera Lite,Electronics,1,29324,29324,CUST-14719,Website
UK-2026-104981,2026-06-23,North,Delhi,Silk Saree,Fashion,1,3400,3400,CUST-27405,Website
UK-2026-102745,2026-04-16,East,Bhubaneswar,Wireless Earbuds Pro,Electronics,1,2853,2853,CUST-32309,Website
UK-2026-103725,2026-05-15,Central,Raipur,Noise-Cancelling Headphones,Electronics,1,9325,9325,CUST-89518,App
UK-2026-102763,2026-04-13,West,Ahmedabad,Vitamin C Serum,Beauty,1,712,712,CUST-34909,App
UK-2026-104647,2026-06-04,North,Gurugram,43-inch Smart TV,Electronics,1,27176,27176,CUST-56209,Marketplace
UK-2026-102661,2026-04-10,Central,Nagpur,Leather Wallet,Fashion,1,942,942,CUST-80715,Website
UK-2026-104444,2026-06-16,South,Bengaluru,Wireless Earbuds Pro,Electronics,1,2865,2865,CUST-79715,Marketplace
UK-2026-104561,2026-06-23,North,Delhi,Ultrabook Air 14,Electronics,1,29632,29632,CUST-67697,Website
UK-2026-102635,2026-04-10,West,Ahmedabad,Matte Lipstick Set,Beauty,2,913,1826,CUST-42353,App
UK-2026-101494,2026-03-24,Central,Raipur,Yoga Mat Pro,Sports,2,1204,2408,CUST-99075,Marketplace
UK-2026-102562,2026-04-15,West,Pune,Power Bank 20000mAh,Electronics,1,1876,1876,CUST-19374,Website
UK-2026-103072,2026-04-16,Central,Bhopal,Formal Shirt,Fashion,1,1078,1078,CUST-36077,App
UK-2026-103692,2026-05-04,West,Pune,Matte Lipstick Set,Beauty,1,919,919,CUST-64058,App
UK-2026-102210,2026-03-22,North,Delhi,Mirrorless Camera Lite,Electronics,2,29644,59288,CUST-37487,App
UK-2026-101770,2026-03-11,West,Surat,Cotton Bedsheet Set,Home & Kitchen,1,1355,1355,CUST-50539,App
UK-2026-102161,2026-03-29,Central,Indore,Cotton Bedsheet Set,Home & Kitchen,1,1440,1440,CUST-16652,Website
UK-2026-102647,2026-04-08,South,Hyderabad,Leather Wallet,Fashion,1,911,911,CUST-77320,Website
UK-2026-104067,2026-06-11,North,Gurugram,Slim Fit Jeans,Fashion,2,1535,3070,CUST-97583,Website
UK-2026-103798,2026-05-18,Central,Indore,Ethnic Dupatta,Fashion,1,485,485,CUST-52917,App
UK-2026-100374,2026-01-27,East,Kolkata,Cotton Bedsheet Set,Home & Kitchen,3,1430,4290,CUST-24797,App
UK-2026-103444,2026-05-15,South,Kochi,Denim Jacket,Fashion,1,2256,2256,CUST-86928,Marketplace
UK-2026-101347,2026-02-28,South,Kochi,Makeup Brush Set,Beauty,1,1256,1256,CUST-16526,App
UK-2026-102165,2026-03-06,South,Bengaluru,Cotton Kurta Set,Fashion,1,1328,1328,CUST-57863,App
UK-2026-103157,2026-05-12,South,Chennai,Wireless Earbuds Pro,Electronics,1,3069,3069,CUST-45666,Marketplace
UK-2026-100599,2026-01-08,North,Gurugram,Slim Fit Jeans,Fashion,1,1584,1584,CUST-53838,Website
UK-2026-101227,2026-02-20,South,Hyderabad,Cotton Kurta Set,Fashion,1,1237,1237,CUST-94820,Website
UK-2026-101390,2026-02-17,East,Patna,Smart Watch X2,Electronics,2,4461,8922,CUST-42135,Website
UK-2026-104312,2026-06-09,North,Delhi,Cricket Bat English Willow,Sports,1,8755,8755,CUST-17859,Website
UK-2026-103065,2026-04-08,East,Guwahati,Denim Jacket,Fashion,1,2104,2104,CUST-94320,Website
UK-2026-101815,2026-03-29,South,Chennai,Bluetooth Speaker Mini,Electronics,1,1500,1500,CUST-60620,Marketplace
UK-2026-100950,2026-02-09,West,Ahmedabad,Ultrabook Air 14,Electronics,1,30918,30918,CUST-21098,Website
UK-2026-102803,2026-04-06,South,Kochi,Ultrabook Air 14,Electronics,2,30188,60376,CUST-17859,Website
UK-2026-103151,2026-05-14,North,Gurugram,Cycling Helmet,Sports,1,1555,1555,CUST-63759,App
UK-2026-103813,2026-05-10,North,Gurugram,Running Sneakers,Fashion,1,2916,2916,CUST-79590,App
UK-2026-102944,2026-04-18,East,Guwahati,Mirrorless Camera Lite,Electronics,2,28951,57902,CUST-43261,App
UK-2026-101180,2026-02-15,North,Delhi,Badminton Racket Set,Sports,3,2557,7671,CUST-41011,App
UK-2026-104414,2026-06-14,South,Bengaluru,Wireless Earbuds Pro,Electronics,1,3029,3029,CUST-84469,Website
UK-2026-100872,2026-02-26,North,Chandigarh,43-inch Smart TV,Electronics,1,25377,25377,CUST-81657,Marketplace
UK-2026-103948,2026-05-04,South,Bengaluru,Matte Lipstick Set,Beauty,1,924,924,CUST-74118,Website
UK-2026-104431,2026-06-23,Central,Raipur,Running Sneakers,Fashion,1,2822,2822,CUST-11207,Marketplace
UK-2026-103894,2026-05-22,North,Noida,Non-Stick Cookware Set,Home & Kitchen,2,2766,5532,CUST-33153,App
UK-2026-100968,2026-02-02,North,Gurugram,Football Size 5,Sports,2,890,1780,CUST-59267,App
UK-2026-100416,2026-01-01,North,Chandigarh,Formal Shirt,Fashion,1,1077,1077,CUST-89766,Website
UK-2026-100447,2026-01-28,North,Noida,Ultrabook Air 14,Electronics,1,29958,29958,CUST-76173,App
UK-2026-104901,2026-06-12,South,Hyderabad,Yoga Mat Pro,Sports,1,1242,1242,CUST-39976,Website
UK-2026-102212,2026-03-03,North,Gurugram,Mixer Grinder 750W,Home & Kitchen,1,3402,3402,CUST-54134,Website
UK-2026-104289,2026-06-16,West,Mumbai,Mirrorless Camera Lite,Electronics,1,29799,29799,CUST-71969,App
UK-2026-100758,2026-02-23,North,Delhi,Mirrorless Camera Lite,Electronics,1,29942,29942,CUST-88904,App
UK-2026-102427,2026-04-19,West,Pune,43-inch Smart TV,Electronics,1,24907,24907,CUST-16019,Marketplace
UK-2026-101042,2026-02-11,North,Noida,Sunscreen SPF50,Beauty,1,543,543,CUST-80580,Marketplace
UK-2026-101022,2026-02-11,South,Chennai,Dinner Set 24pc,Home & Kitchen,1,2622,2622,CUST-12648,App
UK-2026-103103,2026-05-29,West,Ahmedabad,Formal Shirt,Fashion,1,1086,1086,CUST-15675,Website
UK-2026-101521,2026-03-07,West,Surat,Cotton Bedsheet Set,Home & Kitchen,1,1420,1420,CUST-74051,App
UK-2026-103465,2026-05-29,Central,Bhopal,Sunscreen SPF50,Beauty,1,559,559,CUST-77117,App
UK-2026-103642,2026-05-31,West,Mumbai,Electric Kettle 1.5L,Home & Kitchen,1,1064,1064,CUST-84469,Website
UK-2026-104768,2026-06-19,East,Patna,Modern Wall Clock,Home & Kitchen,1,760,760,CUST-15495,App
UK-2026-104762,2026-06-05,North,Chandigarh,Gym Gloves,Sports,1,495,495,CUST-38669,Marketplace
UK-2026-102324,2026-04-08,South,Hyderabad,Badminton Racket Set,Sports,2,2563,5126,CUST-14672,App
UK-2026-101012,2026-02-19,East,Patna,Power Bank 20000mAh,Electronics,1,1787,1787,CUST-99661,Marketplace
UK-2026-100314,2026-01-27,West,Pune,Mirrorless Camera Lite,Electronics,4,29503,118012,CUST-27562,Marketplace
UK-2026-104935,2026-06-06,North,Noida,Formal Shirt,Fashion,1,1152,1152,CUST-51901,Website
UK-2026-101764,2026-03-26,South,Bengaluru,Vitamin C Serum,Beauty,1,719,719,CUST-80747,Website
UK-2026-101091,2026-02-14,North,Chandigarh,Ionic Hair Dryer,Beauty,1,1969,1969,CUST-83929,Website
UK-2026-104213,2026-06-28,South,Chennai,Wireless Earbuds Pro,Electronics,1,3061,3061,CUST-95050,App
UK-2026-100307,2026-01-31,South,Chennai,Air Fryer 5L,Home & Kitchen,1,5339,5339,CUST-72586,Marketplace
UK-2026-103078,2026-04-08,West,Mumbai,43-inch Smart TV,Electronics,1,26301,26301,CUST-38754,App
UK-2026-102910,2026-04-24,South,Hyderabad,Air Fryer 5L,Home & Kitchen,1,5265,5265,CUST-31413,Marketplace
UK-2026-100393,2026-01-14,South,Kochi,Cotton Bedsheet Set,Home & Kitchen,1,1382,1382,CUST-86973,Website
UK-2026-103583,2026-05-26,East,Kolkata,Matte Lipstick Set,Beauty,3,920,2760,CUST-94964,Website
UK-2026-104898,2026-06-29,South,Chennai,Non-Stick Cookware Set,Home & Kitchen,1,2784,2784,CUST-18289,App
UK-2026-100343,2026-01-02,West,Surat,Noise-Cancelling Headphones,Electronics,1,8948,8948,CUST-27803,Website
UK-2026-103916,2026-05-11,Central,Nagpur,Silk Saree,Fashion,2,3395,6790,CUST-94299,Website
UK-2026-101396,2026-02-03,South,Chennai,Smart Watch X2,Electronics,2,4330,8660,CUST-35374,App
UK-2026-101280,2026-02-20,South,Hyderabad,Adjustable Dumbbells 15kg,Sports,1,5045,5045,CUST-47555,App
UK-2026-103253,2026-05-29,North,Gurugram,Ethnic Dupatta,Fashion,2,509,1018,CUST-52582,App
UK-2026-104986,2026-06-24,East,Patna,Foldable Treadmill T2,Sports,1,24851,24851,CUST-28943,Website
UK-2026-100173,2026-01-24,Central,Raipur,Running Sneakers,Fashion,1,2889,2889,CUST-71063,Marketplace
UK-2026-103538,2026-05-14,West,Pune,Denim Jacket,Fashion,1,2089,2089,CUST-19565,Website
UK-2026-104906,2026-06-28,West,Surat,Modern Wall Clock,Home & Kitchen,1,786,786,CUST-25776,App
UK-2026-101971,2026-03-09,North,Delhi,Bluetooth Speaker Mini,Electronics,2,1447,2894,CUST-51434,Website
UK-2026-104395,2026-06-11,North,Noida,Wireless Earbuds Pro,Electronics,1,3119,3119,CUST-28609,Marketplace
UK-2026-103993,2026-05-27,South,Bengaluru,Ionic Hair Dryer,Beauty,1,1955,1955,CUST-84480,Website
UK-2026-102706,2026-04-25,West,Surat,Robot Vacuum R7,Home & Kitchen,1,19062,19062,CUST-21295,Website
UK-2026-100240,2026-01-12,South,Bengaluru,Mirrorless Camera Lite,Electronics,1,29958,29958,CUST-36635,Website
UK-2026-101733,2026-03-16,South,Bengaluru,Robot Vacuum R7,Home & Kitchen,4,19948,79792,CUST-95641,App
UK-2026-100194,2026-01-07,Central,Nagpur,Cotton Bedsheet Set,Home & Kitchen,1,1408,1408,CUST-73275,App
UK-2026-100504,2026-01-15,South,Kochi,Cotton Kurta Set,Fashion,1,1243,1243,CUST-14749,App
UK-2026-100890,2026-02-19,Central,Indore,Matte Lipstick Set,Beauty,2,888,1776,CUST-22673,Website
UK-2026-100975,2026-02-01,South,Chennai,43-inch Smart TV,Electronics,2,25680,51360,CUST-15207,Website
UK-2026-101212,2026-02-26,Central,Indore,Football Size 5,Sports,1,928,928,CUST-50711,App
UK-2026-101799,2026-03-09,East,Guwahati,Ultrabook Air 14,Electronics,1,29347,29347,CUST-50778,App
UK-2026-103421,2026-05-27,East,Patna,Electric Kettle 1.5L,Home & Kitchen,1,1118,1118,CUST-19282,App
UK-2026-103999,2026-05-16,West,Mumbai,Cotton Bedsheet Set,Home & Kitchen,1,1442,1442,CUST-40054,App
UK-2026-100275,2026-01-29,West,Surat,Electric Kettle 1.5L,Home & Kitchen,1,1069,1069,CUST-47412,Website
UK-2026-103545,2026-05-29,North,Delhi,Running Sneakers,Fashion,1,2924,2924,CUST-15910,App
UK-2026-102089,2026-03-26,East,Guwahati,Running Sneakers,Fashion,1,2800,2800,CUST-91411,Website
UK-2026-101931,2026-03-23,South,Chennai,Air Fryer 5L,Home & Kitchen,1,5264,5264,CUST-89801,Website
UK-2026-101001,2026-02-11,North,Noida,Electric Kettle 1.5L,Home & Kitchen,1,1117,1117,CUST-59437,Website
UK-2026-103890,2026-05-08,North,Delhi,Ethnic Dupatta,Fashion,1,480,480,CUST-21974,App
UK-2026-100805,2026-02-13,South,Kochi,Slim Fit Jeans,Fashion,1,1623,1623,CUST-12937,App
UK-2026-101468,2026-03-23,South,Hyderabad,Modern Wall Clock,Home & Kitchen,2,825,1650,CUST-83960,Website
UK-2026-104529,2026-06-20,South,Kochi,Cotton Bedsheet Set,Home & Kitchen,1,1416,1416,CUST-45659,Website
UK-2026-104189,2026-06-26,South,Kochi,Ultrabook Air 14,Electronics,2,30017,60034,CUST-29752,Marketplace
UK-2026-104023,2026-06-15,Central,Bhopal,Eau de Parfum 100ml,Beauty,1,2089,2089,CUST-34168,App
UK-2026-103219,2026-05-16,Central,Bhopal,Cricket Bat English Willow,Sports,1,8605,8605,CUST-28446,Marketplace
UK-2026-100218,2026-01-09,North,Chandigarh,Makeup Brush Set,Beauty,1,1309,1309,CUST-25802,App
UK-2026-104232,2026-06-21,West,Pune,Ultrabook Air 14,Electronics,1,28674,28674,CUST-61372,App
UK-2026-103463,2026-05-29,South,Chennai,Silk Saree,Fashion,1,3446,3446,CUST-47130,Marketplace
UK-2026-102154,2026-03-08,South,Bengaluru,Denim Jacket,Fashion,3,2277,6831,CUST-14723,Website
UK-2026-103899,2026-05-06,South,Bengaluru,Slim Fit Jeans,Fashion,1,1673,1673,CUST-97869,Website
UK-2026-102620,2026-04-26,South,Chennai,Football Size 5,Sports,1,936,936,CUST-46827,Marketplace
UK-2026-101622,2026-03-11,North,Delhi,Dinner Set 24pc,Home & Kitchen,1,2503,2503,CUST-84794,Website
UK-2026-104323,2026-06-23,South,Chennai,Matte Lipstick Set,Beauty,1,920,920,CUST-92918,App
UK-2026-101128,2026-02-02,West,Pune,Gym Gloves,Sports,2,498,996,CUST-29431,Website
UK-2026-102818,2026-04-23,South,Chennai,Ultrabook Air 14,Electronics,1,28683,28683,CUST-36521,App
UK-2026-102677,2026-04-09,North,Chandigarh,Power Bank 20000mAh,Electronics,1,1838,1838,CUST-49114,Marketplace
UK-2026-101697,2026-03-15,West,Pune,Electric Kettle 1.5L,Home & Kitchen,4,1071,4284,CUST-57863,App
UK-2026-104200,2026-06-16,South,Kochi,Robot Vacuum R7,Home & Kitchen,1,18606,18606,CUST-40559,App
UK-2026-102517,2026-04-16,North,Noida,Matte Lipstick Set,Beauty,1,874,874,CUST-20739,App
UK-2026-102875,2026-04-10,South,Hyderabad,Wireless Earbuds Pro,Electronics,1,3022,3022,CUST-62994,App
UK-2026-102307,2026-04-07,South,Hyderabad,Ionic Hair Dryer,Beauty,1,1895,1895,CUST-85805,Website
UK-2026-102609,2026-04-28,Central,Indore,Power Bank 20000mAh,Electronics,2,1765,3530,CUST-30031,App
UK-2026-101109,2026-02-11,North,Gurugram,Mirrorless Camera Lite,Electronics,1,28881,28881,CUST-50453,App
UK-2026-101284,2026-02-15,Central,Bhopal,Cycling Helmet,Sports,1,1592,1592,CUST-83561,App
UK-2026-103382,2026-05-30,South,Hyderabad,Power Bank 20000mAh,Electronics,1,1880,1880,CUST-41756,Marketplace
UK-2026-103467,2026-05-09,North,Noida,Non-Stick Cookware Set,Home & Kitchen,3,2841,8523,CUST-28336,Website
UK-2026-104852,2026-06-10,South,Bengaluru,Mirrorless Camera Lite,Electronics,1,30329,30329,CUST-40238,Marketplace
UK-2026-100953,2026-02-05,West,Ahmedabad,Ionic Hair Dryer,Beauty,1,1974,1974,CUST-28866,Website
UK-2026-100655,2026-01-18,West,Pune,Dinner Set 24pc,Home & Kitchen,1,2542,2542,CUST-10275,App
UK-2026-104741,2026-06-27,North,Noida,Non-Stick Cookware Set,Home & Kitchen,1,2927,2927,CUST-63768,App
UK-2026-103484,2026-05-08,South,Bengaluru,Denim Jacket,Fashion,2,2090,4180,CUST-89773,App
UK-2026-104345,2026-06-19,South,Kochi,Ionic Hair Dryer,Beauty,1,1895,1895,CUST-43887,Website
UK-2026-102761,2026-04-25,Central,Raipur,Beard Grooming Kit,Beauty,2,994,1988,CUST-42970,App
UK-2026-104048,2026-06-03,Central,Nagpur,Ionic Hair Dryer,Beauty,2,1824,3648,CUST-60824,App
UK-2026-104460,2026-06-03,South,Bengaluru,Dinner Set 24pc,Home & Kitchen,1,2524,2524,CUST-25776,App
UK-2026-102859,2026-04-09,East,Kolkata,Badminton Racket Set,Sports,1,2456,2456,CUST-89900,Website
UK-2026-102067,2026-03-31,West,Ahmedabad,Dinner Set 24pc,Home & Kitchen,1,2563,2563,CUST-36077,Website
UK-2026-100542,2026-01-21,North,Gurugram,Bluetooth Speaker Mini,Electronics,3,1492,4476,CUST-76625,Marketplace
UK-2026-100886,2026-02-10,South,Hyderabad,Cotton Bedsheet Set,Home & Kitchen,1,1449,1449,CUST-13400,Website
UK-2026-104842,2026-06-26,East,Patna,Running Sneakers,Fashion,1,2830,2830,CUST-24039,App
UK-2026-101389,2026-02-07,Central,Indore,Noise-Cancelling Headphones,Electronics,1,8826,8826,CUST-18423,Website
UK-2026-102334,2026-04-27,South,Bengaluru,Ionic Hair Dryer,Beauty,1,1945,1945,CUST-91431,App
UK-2026-104178,2026-06-26,West,Ahmedabad,Denim Jacket,Fashion,3,2240,6720,CUST-17781,Marketplace
UK-2026-102884,2026-04-08,Central,Bhopal,Eau de Parfum 100ml,Beauty,1,2029,2029,CUST-44145,Website
UK-2026-102646,2026-04-25,West,Pune,Bluetooth Speaker Mini,Electronics,1,1477,1477,CUST-23322,App
UK-2026-104675,2026-06-12,South,Hyderabad,Gym Gloves,Sports,1,516,516,CUST-89900,Marketplace
UK-2026-101423,2026-02-21,South,Bengaluru,43-inch Smart TV,Electronics,1,27223,27223,CUST-41654,App
UK-2026-104346,2026-06-25,North,Noida,Yoga Mat Pro,Sports,2,1214,2428,CUST-52359,App
UK-2026-102426,2026-04-04,West,Mumbai,Cotton Kurta Set,Fashion,1,1268,1268,CUST-73593,Marketplace
UK-2026-101956,2026-03-23,Central,Indore,Slim Fit Jeans,Fashion,2,1665,3330,CUST-87508,Website
UK-2026-104351,2026-06-21,Central,Indore,Gym Gloves,Sports,1,517,517,CUST-35374,Marketplace
UK-2026-101267,2026-02-22,North,Chandigarh,Denim Jacket,Fashion,1,2227,2227,CUST-64201,App
UK-2026-103839,2026-05-31,Central,Indore,43-inch Smart TV,Electronics,1,26700,26700,CUST-99506,Marketplace
UK-2026-104716,2026-06-09,West,Ahmedabad,Adjustable Dumbbells 15kg,Sports,1,4949,4949,CUST-57529,Website
UK-2026-100435,2026-01-30,North,Gurugram,Denim Jacket,Fashion,1,2121,2121,CUST-78484,App
UK-2026-101530,2026-03-15,East,Bhubaneswar,Running Sneakers,Fashion,1,2878,2878,CUST-12482,App
UK-2026-101122,2026-02-10,West,Mumbai,Noise-Cancelling Headphones,Electronics,1,9000,9000,CUST-50143,App
UK-2026-102252,2026-04-15,West,Pune,Non-Stick Cookware Set,Home & Kitchen,3,2891,8673,CUST-43661,Website
UK-2026-103518,2026-05-24,East,Guwahati,Denim Jacket,Fashion,4,2145,8580,CUST-92797,App
UK-2026-103407,2026-05-18,South,Chennai,Cycling Helmet,Sports,2,1597,3194,CUST-55326,App
UK-2026-102360,2026-04-25,South,Chennai,Electric Kettle 1.5L,Home & Kitchen,1,1150,1150,CUST-69053,App
UK-2026-104371,2026-06-13,North,Chandigarh,Noise-Cancelling Headphones,Electronics,4,9148,36592,CUST-92322,App
UK-2026-103749,2026-05-07,East,Patna,Vitamin C Serum,Beauty,1,687,687,CUST-25442,Website
UK-2026-101358,2026-02-20,South,Kochi,Ultrabook Air 14,Electronics,3,29483,88449,CUST-88002,App
UK-2026-103606,2026-05-25,North,Noida,Robot Vacuum R7,Home & Kitchen,1,19258,19258,CUST-85853,Marketplace
UK-2026-101305,2026-02-12,West,Mumbai,Electric Kettle 1.5L,Home & Kitchen,1,1120,1120,CUST-81047,App
UK-2026-103880,2026-05-10,South,Chennai,Matte Lipstick Set,Beauty,1,860,860,CUST-55561,App
UK-2026-103314,2026-05-02,South,Kochi,Wireless Earbuds Pro,Electronics,1,2960,2960,CUST-40336,Marketplace
UK-2026-101720,2026-03-02,North,Chandigarh,Leather Wallet,Fashion,1,886,886,CUST-77230,App
UK-2026-101741,2026-03-07,East,Bhubaneswar,Noise-Cancelling Headphones,Electronics,2,8767,17534,CUST-33191,Marketplace
UK-2026-103614,2026-05-17,East,Guwahati,Slim Fit Jeans,Fashion,2,1575,3150,CUST-28595,App
UK-2026-101457,2026-03-17,North,Chandigarh,Matte Lipstick Set,Beauty,2,877,1754,CUST-90834,App
UK-2026-101750,2026-03-16,North,Noida,Face Wash Combo,Beauty,2,445,890,CUST-15137,App
UK-2026-100739,2026-02-07,South,Hyderabad,Noise-Cancelling Headphones,Electronics,1,9386,9386,CUST-94084,App
UK-2026-103743,2026-05-01,West,Surat,Mirrorless Camera Lite,Electronics,1,30240,30240,CUST-37561,Website
UK-2026-101870,2026-03-30,Central,Nagpur,Silk Saree,Fashion,1,3645,3645,CUST-54441,Website
UK-2026-101301,2026-02-18,West,Ahmedabad,Bluetooth Speaker Mini,Electronics,2,1553,3106,CUST-55077,App
UK-2026-101766,2026-03-28,North,Delhi,43-inch Smart TV,Electronics,2,24766,49532,CUST-81861,Marketplace
UK-2026-104523,2026-06-15,East,Patna,Makeup Brush Set,Beauty,2,1283,2566,CUST-67578,App
UK-2026-100866,2026-02-14,South,Chennai,Bluetooth Speaker Mini,Electronics,1,1515,1515,CUST-15478,App
UK-2026-102402,2026-04-08,North,Delhi,Vitamin C Serum,Beauty,1,696,696,CUST-23451,App
UK-2026-104347,2026-06-09,Central,Indore,Running Sneakers,Fashion,1,2665,2665,CUST-73899,Website
UK-2026-104141,2026-06-02,Central,Bhopal,Ultrabook Air 14,Electronics,1,28708,28708,CUST-16748,Marketplace
UK-2026-103686,2026-05-19,West,Mumbai,Leather Wallet,Fashion,1,925,925,CUST-22855,Marketplace
UK-2026-101797,2026-03-28,Central,Indore,Formal Shirt,Fashion,1,1144,1144,CUST-24772,App
UK-2026-101953,2026-03-18,West,Mumbai,Modern Wall Clock,Home & Kitchen,1,818,818,CUST-64122,App
UK-2026-100925,2026-02-01,North,Noida,Electric Kettle 1.5L,Home & Kitchen,1,1050,1050,CUST-33508,App
UK-2026-104827,2026-06-13,South,Chennai,Yoga Mat Pro,Sports,1,1184,1184,CUST-13668,Website
UK-2026-102904,2026-04-28,North,Gurugram,Air Fryer 5L,Home & Kitchen,1,5397,5397,CUST-33537,Website
UK-2026-101136,2026-02-26,West,Ahmedabad,Electric Kettle 1.5L,Home & Kitchen,1,1078,1078,CUST-74998,App
UK-2026-103971,2026-05-13,West,Ahmedabad,43-inch Smart TV,Electronics,1,26356,26356,CUST-78246,Website
UK-2026-104845,2026-06-25,South,Hyderabad,Yoga Mat Pro,Sports,1,1156,1156,CUST-16636,App
UK-2026-101843,2026-03-13,West,Ahmedabad,43-inch Smart TV,Electronics,1,26185,26185,CUST-45536,Website
UK-2026-104088,2026-06-12,North,Gurugram,Beard Grooming Kit,Beauty,3,1019,3057,CUST-99067,Marketplace
UK-2026-103361,2026-05-29,West,Pune,Running Sneakers,Fashion,2,2679,5358,CUST-74688,Website
UK-2026-101375,2026-02-25,North,Chandigarh,Football Size 5,Sports,1,860,860,CUST-73214,App
UK-2026-104821,2026-06-23,South,Bengaluru,Vitamin C Serum,Beauty,3,706,2118,CUST-62765,App
UK-2026-104425,2026-06-05,South,Kochi,Cotton Kurta Set,Fashion,1,1361,1361,CUST-77276,App
UK-2026-101655,2026-03-03,North,Chandigarh,Non-Stick Cookware Set,Home & Kitchen,2,2994,5988,CUST-65315,App
UK-2026-102954,2026-04-13,East,Patna,Badminton Racket Set,Sports,1,2593,2593,CUST-54773,Website
UK-2026-104470,2026-06-26,North,Delhi,Yoga Mat Pro,Sports,1,1210,1210,CUST-73745,App
UK-2026-104544,2026-06-13,South,Bengaluru,Mirrorless Camera Lite,Electronics,1,28560,28560,CUST-56236,Website
UK-2026-100878,2026-02-01,West,Mumbai,Badminton Racket Set,Sports,2,2474,4948,CUST-25776,App
UK-2026-103546,2026-05-01,North,Chandigarh,Bluetooth Speaker Mini,Electronics,4,1538,6152,CUST-95988,Marketplace
UK-2026-104296,2026-06-24,Central,Raipur,Ethnic Dupatta,Fashion,3,474,1422,CUST-23734,Marketplace
UK-2026-100613,2026-01-21,South,Bengaluru,Yoga Mat Pro,Sports,2,1201,2402,CUST-70134,App
UK-2026-102204,2026-03-30,East,Bhubaneswar,Air Fryer 5L,Home & Kitchen,1,5226,5226,CUST-47729,App
UK-2026-102492,2026-04-24,West,Pune,Bluetooth Speaker Mini,Electronics,1,1467,1467,CUST-79089,App
UK-2026-101094,2026-02-13,East,Patna,Air Fryer 5L,Home & Kitchen,1,5317,5317,CUST-28066,Website
UK-2026-100897,2026-02-17,North,Gurugram,Smart Watch X2,Electronics,1,4300,4300,CUST-71101,Website
UK-2026-104608,2026-06-13,North,Gurugram,Power Bank 20000mAh,Electronics,1,1733,1733,CUST-85104,Marketplace
UK-2026-101792,2026-03-25,South,Hyderabad,Ionic Hair Dryer,Beauty,1,1856,1856,CUST-81665,Website
UK-2026-100659,2026-01-16,East,Guwahati,Running Sneakers,Fashion,1,2764,2764,CUST-12658,App
UK-2026-104904,2026-06-10,North,Gurugram,Ultrabook Air 14,Electronics,1,29277,29277,CUST-96725,Marketplace
UK-2026-101979,2026-03-23,South,Bengaluru,Wireless Earbuds Pro,Electronics,1,2922,2922,CUST-21295,Website
UK-2026-102235,2026-03-17,North,Noida,Gym Gloves,Sports,1,516,516,CUST-66513,App
UK-2026-103556,2026-05-21,North,Gurugram,Ultrabook Air 14,Electronics,3,28859,86577,CUST-46826,Website
UK-2026-100344,2026-01-25,North,Gurugram,Noise-Cancelling Headphones,Electronics,2,9116,18232,CUST-11566,Website
UK-2026-103658,2026-05-04,Central,Indore,Bluetooth Speaker Mini,Electronics,1,1493,1493,CUST-14858,Marketplace
UK-2026-100213,2026-01-17,South,Kochi,Beard Grooming Kit,Beauty,1,1023,1023,CUST-86635,App
UK-2026-102373,2026-04-10,South,Chennai,Foldable Treadmill T2,Sports,1,26200,26200,CUST-32309,Website
UK-2026-102627,2026-04-06,North,Gurugram,Denim Jacket,Fashion,2,2184,4368,CUST-14346,App
UK-2026-102042,2026-03-28,West,Surat,Vitamin C Serum,Beauty,1,692,692,CUST-61140,App
UK-2026-104353,2026-06-22,North,Noida,Denim Jacket,Fashion,1,2235,2235,CUST-94406,App
UK-2026-101097,2026-02-14,South,Kochi,Non-Stick Cookware Set,Home & Kitchen,4,2812,11248,CUST-87428,App
UK-2026-104237,2026-06-03,South,Chennai,43-inch Smart TV,Electronics,1,27156,27156,CUST-47580,Marketplace
UK-2026-102088,2026-03-23,North,Delhi,Yoga Mat Pro,Sports,1,1140,1140,CUST-75488,Website
UK-2026-103803,2026-05-05,South,Chennai,Denim Jacket,Fashion,1,2167,2167,CUST-71743,App
UK-2026-101859,2026-03-03,East,Patna,Mixer Grinder 750W,Home & Kitchen,2,3224,6448,CUST-16125,Marketplace
UK-2026-101946,2026-03-11,West,Mumbai,Formal Shirt,Fashion,2,1105,2210,CUST-45229,App
UK-2026-101511,2026-03-11,North,Gurugram,Non-Stick Cookware Set,Home & Kitchen,1,3018,3018,CUST-79237,App
UK-2026-103690,2026-05-20,Central,Raipur,Smart Watch X2,Electronics,1,4505,4505,CUST-73275,Marketplace
UK-2026-104689,2026-06-01,South,Bengaluru,Formal Shirt,Fashion,1,1106,1106,CUST-81932,App
UK-2026-102828,2026-04-13,West,Mumbai,Badminton Racket Set,Sports,2,2509,5018,CUST-70134,Marketplace
UK-2026-102454,2026-04-21,East,Patna,Vitamin C Serum,Beauty,2,673,1346,CUST-63705,Website
UK-2026-100368,2026-01-01,South,Kochi,Cotton Kurta Set,Fashion,1,1363,1363,CUST-64203,App
UK-2026-103234,2026-05-19,West,Mumbai,Electric Kettle 1.5L,Home & Kitchen,1,1105,1105,CUST-26245,Website
UK-2026-100838,2026-02-20,South,Kochi,Running Sneakers,Fashion,1,2713,2713,CUST-34080,Marketplace
UK-2026-100580,2026-01-14,South,Hyderabad,Dinner Set 24pc,Home & Kitchen,2,2523,5046,CUST-56576,Website
UK-2026-104196,2026-06-23,East,Bhubaneswar,Running Sneakers,Fashion,1,2773,2773,CUST-55008,Website
UK-2026-100944,2026-02-18,North,Chandigarh,Cotton Bedsheet Set,Home & Kitchen,2,1451,2902,CUST-69460,Website
UK-2026-103920,2026-05-11,North,Gurugram,Ionic Hair Dryer,Beauty,4,1915,7660,CUST-19335,Website
UK-2026-103700,2026-05-22,North,Gurugram,Electric Kettle 1.5L,Home & Kitchen,1,1143,1143,CUST-92349,Marketplace
UK-2026-104810,2026-06-02,North,Gurugram,Modern Wall Clock,Home & Kitchen,2,762,1524,CUST-27252,Website
UK-2026-102755,2026-04-29,North,Gurugram,Vitamin C Serum,Beauty,1,679,679,CUST-94299,Website
UK-2026-104894,2026-06-19,West,Mumbai,Air Fryer 5L,Home & Kitchen,2,5630,11260,CUST-21082,Website
UK-2026-104593,2026-06-25,West,Pune,Denim Jacket,Fashion,1,2146,2146,CUST-72785,App
UK-2026-103480,2026-05-19,East,Kolkata,Ethnic Dupatta,Fashion,2,520,1040,CUST-37725,Website
UK-2026-100570,2026-01-21,West,Pune,Air Fryer 5L,Home & Kitchen,1,5665,5665,CUST-92283,App
UK-2026-103485,2026-05-12,East,Bhubaneswar,Silk Saree,Fashion,1,3421,3421,CUST-26682,Website
UK-2026-103161,2026-05-09,South,Hyderabad,Noise-Cancelling Headphones,Electronics,1,9327,9327,CUST-24899,Marketplace
UK-2026-101040,2026-02-26,East,Patna,Ethnic Dupatta,Fashion,1,484,484,CUST-21170,Website
UK-2026-103096,2026-05-23,South,Hyderabad,Running Sneakers,Fashion,1,2680,2680,CUST-71101,Marketplace
UK-2026-102616,2026-04-01,East,Kolkata,Slim Fit Jeans,Fashion,2,1558,3116,CUST-70436,App
UK-2026-103079,2026-04-13,South,Chennai,Sunscreen SPF50,Beauty,1,572,572,CUST-32075,Website
UK-2026-100987,2026-02-07,South,Kochi,Matte Lipstick Set,Beauty,1,878,878,CUST-57571,App
UK-2026-100346,2026-01-09,North,Chandigarh,Noise-Cancelling Headphones,Electronics,1,9077,9077,CUST-40054,App
UK-2026-104377,2026-06-16,North,Gurugram,Power Bank 20000mAh,Electronics,1,1793,1793,CUST-77998,App
UK-2026-104331,2026-06-01,North,Noida,Robot Vacuum R7,Home & Kitchen,2,19414,38828,CUST-73614,App
UK-2026-100908,2026-02-01,West,Ahmedabad,Air Fryer 5L,Home & Kitchen,2,5722,11444,CUST-57927,Marketplace
UK-2026-104656,2026-06-11,South,Bengaluru,Power Bank 20000mAh,Electronics,3,1802,5406,CUST-11412,App
UK-2026-102046,2026-03-14,West,Pune,Ethnic Dupatta,Fashion,1,516,516,CUST-39327,App
UK-2026-101006,2026-02-03,South,Kochi,Cricket Bat English Willow,Sports,1,9359,9359,CUST-82894,Website
UK-2026-100414,2026-01-26,East,Guwahati,Slim Fit Jeans,Fashion,1,1649,1649,CUST-66033,App
UK-2026-103389,2026-05-30,North,Chandigarh,Running Sneakers,Fashion,1,2778,2778,CUST-10983,Website
UK-2026-101715,2026-03-17,South,Bengaluru,Non-Stick Cookware Set,Home & Kitchen,4,2805,11220,CUST-51447,Website
UK-2026-102164,2026-03-26,South,Hyderabad,Dinner Set 24pc,Home & Kitchen,3,2616,7848,CUST-36879,App
UK-2026-101364,2026-02-12,North,Delhi,Denim Jacket,Fashion,1,2286,2286,CUST-17203,App
UK-2026-101576,2026-03-05,West,Surat,Non-Stick Cookware Set,Home & Kitchen,3,2782,8346,CUST-81657,App
UK-2026-104714,2026-06-10,West,Pune,Ionic Hair Dryer,Beauty,1,1988,1988,CUST-54370,Website
UK-2026-101566,2026-03-24,North,Noida,Ethnic Dupatta,Fashion,2,483,966,CUST-13526,App
UK-2026-100648,2026-01-05,South,Bengaluru,Mirrorless Camera Lite,Electronics,2,29887,59774,CUST-24891,Website
UK-2026-103774,2026-05-07,Central,Nagpur,Formal Shirt,Fashion,1,1084,1084,CUST-26314,App
UK-2026-100638,2026-01-17,North,Gurugram,Ionic Hair Dryer,Beauty,1,1854,1854,CUST-92249,App
UK-2026-103651,2026-05-23,East,Guwahati,Beard Grooming Kit,Beauty,2,1019,2038,CUST-59437,Website
UK-2026-101504,2026-03-02,North,Delhi,Slim Fit Jeans,Fashion,1,1579,1579,CUST-53285,App
UK-2026-103785,2026-05-09,South,Kochi,Robot Vacuum R7,Home & Kitchen,1,18741,18741,CUST-40704,App
UK-2026-102721,2026-04-09,North,Noida,Mirrorless Camera Lite,Electronics,1,29545,29545,CUST-15696,Marketplace
UK-2026-101981,2026-03-05,West,Ahmedabad,Cricket Bat English Willow,Sports,1,9219,9219,CUST-24036,Website
UK-2026-103338,2026-05-29,Central,Nagpur,Face Wash Combo,Beauty,1,444,444,CUST-21082,App
UK-2026-104644,2026-06-03,South,Kochi,Dinner Set 24pc,Home & Kitchen,1,2504,2504,CUST-49087,App
UK-2026-103317,2026-05-20,North,Chandigarh,Mixer Grinder 750W,Home & Kitchen,1,3179,3179,CUST-17418,Website
UK-2026-104501,2026-06-15,East,Bhubaneswar,Wireless Earbuds Pro,Electronics,2,3091,6182,CUST-29684,Marketplace
UK-2026-103060,2026-04-07,West,Pune,Robot Vacuum R7,Home & Kitchen,1,18697,18697,CUST-44668,App
UK-2026-104945,2026-06-06,South,Hyderabad,Robot Vacuum R7,Home & Kitchen,1,18775,18775,CUST-77210,Website
UK-2026-100035,2026-01-18,South,Chennai,Beard Grooming Kit,Beauty,3,987,2961,CUST-88949,App
UK-2026-102496,2026-04-18,South,Chennai,Sunscreen SPF50,Beauty,2,574,1148,CUST-32410,App
UK-2026-103709,2026-05-17,West,Mumbai,Eau de Parfum 100ml,Beauty,1,2002,2002,CUST-58127,App
UK-2026-104390,2026-06-09,East,Bhubaneswar,Power Bank 20000mAh,Electronics,1,1734,1734,CUST-56209,Website
UK-2026-102644,2026-04-05,South,Hyderabad,Eau de Parfum 100ml,Beauty,1,2079,2079,CUST-62516,Website
UK-2026-103570,2026-05-02,South,Chennai,Denim Jacket,Fashion,1,2130,2130,CUST-81861,App
UK-2026-101233,2026-02-12,Central,Nagpur,Football Size 5,Sports,1,919,919,CUST-62765,Website
UK-2026-102582,2026-04-18,North,Chandigarh,Air Fryer 5L,Home & Kitchen,1,5430,5430,CUST-43048,App
UK-2026-103377,2026-05-17,West,Pune,Modern Wall Clock,Home & Kitchen,1,765,765,CUST-76389,Marketplace
UK-2026-100040,2026-01-17,East,Kolkata,Formal Shirt,Fashion,4,1089,4356,CUST-88398,App
UK-2026-103231,2026-05-10,East,Kolkata,Power Bank 20000mAh,Electronics,1,1763,1763,CUST-96725,App
UK-2026-104191,2026-06-19,East,Patna,Bluetooth Speaker Mini,Electronics,1,1538,1538,CUST-45659,Website
UK-2026-103755,2026-05-01,West,Surat,Mirrorless Camera Lite,Electronics,1,29146,29146,CUST-35573,Marketplace
UK-2026-103081,2026-04-25,Central,Raipur,43-inch Smart TV,Electronics,1,26805,26805,CUST-12691,Marketplace
UK-2026-102376,2026-04-30,South,Hyderabad,Gym Gloves,Sports,3,518,1554,CUST-53634,App
UK-2026-104366,2026-06-30,West,Mumbai,Face Wash Combo,Beauty,1,459,459,CUST-99549,App
UK-2026-102821,2026-04-27,North,Gurugram,Noise-Cancelling Headphones,Electronics,1,9031,9031,CUST-41597,Marketplace
UK-2026-101245,2026-02-18,North,Delhi,Beard Grooming Kit,Beauty,1,966,966,CUST-53253,Website
UK-2026-103661,2026-05-06,East,Kolkata,Slim Fit Jeans,Fashion,2,1596,3192,CUST-31702,Website
UK-2026-103036,2026-04-10,South,Kochi,Cycling Helmet,Sports,1,1608,1608,CUST-41080,Website
UK-2026-100762,2026-02-02,North,Gurugram,43-inch Smart TV,Electronics,1,24816,24816,CUST-33353,App
UK-2026-100826,2026-02-19,North,Gurugram,Adjustable Dumbbells 15kg,Sports,1,4857,4857,CUST-34265,App
UK-2026-102172,2026-03-27,South,Bengaluru,Power Bank 20000mAh,Electronics,1,1803,1803,CUST-70076,Website
UK-2026-103691,2026-05-23,North,Delhi,Ethnic Dupatta,Fashion,1,498,498,CUST-24099,App
UK-2026-101958,2026-03-15,East,Guwahati,Electric Kettle 1.5L,Home & Kitchen,1,1095,1095,CUST-60652,Website
UK-2026-104173,2026-06-21,Central,Raipur,Noise-Cancelling Headphones,Electronics,1,8992,8992,CUST-97473,Marketplace
UK-2026-102041,2026-03-15,North,Gurugram,Beard Grooming Kit,Beauty,1,969,969,CUST-43771,App
UK-2026-103805,2026-05-02,South,Kochi,Smart Watch X2,Electronics,1,4426,4426,CUST-37808,Website
UK-2026-103434,2026-05-24,East,Bhubaneswar,Cotton Kurta Set,Fashion,1,1254,1254,CUST-77029,App
UK-2026-104299,2026-06-22,South,Hyderabad,Bluetooth Speaker Mini,Electronics,1,1542,1542,CUST-16498,App
UK-2026-104795,2026-06-14,North,Chandigarh,Ultrabook Air 14,Electronics,1,30236,30236,CUST-26314,App
UK-2026-103325,2026-05-15,South,Bengaluru,Cycling Helmet,Sports,1,1590,1590,CUST-72750,Website
UK-2026-102983,2026-04-07,North,Chandigarh,Cycling Helmet,Sports,1,1568,1568,CUST-54277,App
UK-2026-101190,2026-02-01,Central,Raipur,Badminton Racket Set,Sports,1,2588,2588,CUST-35721,App
UK-2026-104580,2026-06-11,South,Bengaluru,Ultrabook Air 14,Electronics,4,29366,117464,CUST-70772,App
UK-2026-102081,2026-03-08,North,Gurugram,Ultrabook Air 14,Electronics,1,29527,29527,CUST-32000,Marketplace
UK-2026-104354,2026-06-24,South,Bengaluru,Ultrabook Air 14,Electronics,1,29923,29923,CUST-64122,App
UK-2026-103817,2026-05-22,West,Surat,Bluetooth Speaker Mini,Electronics,1,1557,1557,CUST-80945,App
UK-2026-103232,2026-05-26,Central,Indore,Noise-Cancelling Headphones,Electronics,1,9169,9169,CUST-39976,Marketplace
UK-2026-102394,2026-04-12,East,Kolkata,Vitamin C Serum,Beauty,1,706,706,CUST-15207,App
UK-2026-104947,2026-06-20,South,Hyderabad,Bluetooth Speaker Mini,Electronics,1,1516,1516,CUST-92447,App
UK-2026-100365,2026-01-08,North,Gurugram,Cotton Kurta Set,Fashion,2,1273,2546,CUST-45229,App
UK-2026-103821,2026-05-31,South,Kochi,Mixer Grinder 750W,Home & Kitchen,1,3299,3299,CUST-64593,App
UK-2026-104725,2026-06-03,East,Kolkata,Running Sneakers,Fashion,1,2813,2813,CUST-85805,App
UK-2026-100772,2026-02-10,Central,Bhopal,Dinner Set 24pc,Home & Kitchen,1,2470,2470,CUST-82860,App
UK-2026-101798,2026-03-18,South,Chennai,Mirrorless Camera Lite,Electronics,1,28329,28329,CUST-87081,Marketplace
UK-2026-100338,2026-01-23,South,Hyderabad,Silk Saree,Fashion,1,3639,3639,CUST-13050,Marketplace
UK-2026-101479,2026-03-31,West,Ahmedabad,Matte Lipstick Set,Beauty,4,942,3768,CUST-16694,App
UK-2026-103886,2026-05-09,East,Patna,Mirrorless Camera Lite,Electronics,2,28091,56182,CUST-48747,Website
UK-2026-100943,2026-02-10,South,Bengaluru,Ethnic Dupatta,Fashion,1,483,483,CUST-45731,Marketplace
UK-2026-102817,2026-04-06,West,Surat,Bluetooth Speaker Mini,Electronics,2,1460,2920,CUST-99450,Website
UK-2026-102879,2026-04-20,South,Hyderabad,Modern Wall Clock,Home & Kitchen,1,835,835,CUST-27486,Marketplace
UK-2026-101349,2026-02-11,North,Gurugram,Electric Kettle 1.5L,Home & Kitchen,2,1095,2190,CUST-84609,App
UK-2026-100817,2026-02-20,South,Bengaluru,Power Bank 20000mAh,Electronics,1,1754,1754,CUST-34080,Website
UK-2026-100117,2026-01-17,West,Ahmedabad,Foldable Treadmill T2,Sports,1,25660,25660,CUST-43611,Marketplace
UK-2026-100745,2026-02-17,North,Chandigarh,Leather Wallet,Fashion,1,892,892,CUST-98097,Website
UK-2026-102494,2026-04-28,South,Hyderabad,Non-Stick Cookware Set,Home & Kitchen,1,2881,2881,CUST-67168,Website
UK-2026-100510,2026-01-23,North,Chandigarh,Matte Lipstick Set,Beauty,2,871,1742,CUST-28943,App
UK-2026-100589,2026-01-20,West,Mumbai,Gym Gloves,Sports,1,501,501,CUST-48231,Marketplace
UK-2026-104713,2026-06-02,West,Pune,Denim Jacket,Fashion,1,2206,2206,CUST-32851,Marketplace
UK-2026-104764,2026-06-11,North,Noida,Wireless Earbuds Pro,Electronics,1,3016,3016,CUST-59580,Website
UK-2026-102070,2026-03-11,North,Chandigarh,Cycling Helmet,Sports,2,1549,3098,CUST-16349,App
UK-2026-101937,2026-03-26,Central,Bhopal,Air Fryer 5L,Home & Kitchen,2,5450,10900,CUST-36222,App
UK-2026-103440,2026-05-14,West,Ahmedabad,Leather Wallet,Fashion,1,895,895,CUST-29212,App
UK-2026-103646,2026-05-27,West,Pune,Robot Vacuum R7,Home & Kitchen,1,18935,18935,CUST-94869,App
UK-2026-102731,2026-04-27,West,Ahmedabad,Slim Fit Jeans,Fashion,2,1638,3276,CUST-65558,App
UK-2026-102680,2026-04-13,Central,Nagpur,Eau de Parfum 100ml,Beauty,1,2060,2060,CUST-97575,App
UK-2026-100889,2026-02-18,North,Gurugram,Noise-Cancelling Headphones,Electronics,3,9276,27828,CUST-66545,App
UK-2026-104133,2026-06-15,East,Kolkata,Noise-Cancelling Headphones,Electronics,1,8889,8889,CUST-73238,Marketplace
UK-2026-101613,2026-03-13,North,Gurugram,Silk Saree,Fashion,2,3449,6898,CUST-97234,Website
UK-2026-101830,2026-03-30,South,Chennai,Smart Watch X2,Electronics,1,4693,4693,CUST-85181,Website
UK-2026-100819,2026-02-22,East,Bhubaneswar,Denim Jacket,Fashion,1,2121,2121,CUST-51853,App
UK-2026-100663,2026-01-22,South,Kochi,Cotton Kurta Set,Fashion,2,1355,2710,CUST-31875,Website
UK-2026-101162,2026-02-03,Central,Nagpur,Ethnic Dupatta,Fashion,1,482,482,CUST-24099,App
UK-2026-103487,2026-05-24,North,Noida,Ionic Hair Dryer,Beauty,2,1927,3854,CUST-21082,App
UK-2026-103336,2026-05-30,East,Kolkata,Badminton Racket Set,Sports,3,2466,7398,CUST-92249,Website
UK-2026-101186,2026-02-27,South,Kochi,Wireless Earbuds Pro,Electronics,2,3122,6244,CUST-80925,Marketplace
UK-2026-103617,2026-05-21,East,Kolkata,Cotton Kurta Set,Fashion,1,1363,1363,CUST-89012,App
UK-2026-100053,2026-01-22,North,Delhi,Formal Shirt,Fashion,3,1140,3420,CUST-19374,Website
UK-2026-104393,2026-06-25,South,Kochi,Ethnic Dupatta,Fashion,2,475,950,CUST-45837,Marketplace
UK-2026-103660,2026-05-06,East,Kolkata,Cotton Bedsheet Set,Home & Kitchen,1,1415,1415,CUST-98185,App
UK-2026-101249,2026-02-17,South,Chennai,Football Size 5,Sports,1,888,888,CUST-40047,Marketplace
UK-2026-102715,2026-04-16,East,Patna,Ultrabook Air 14,Electronics,1,30283,30283,CUST-14858,Marketplace
UK-2026-101834,2026-03-08,North,Gurugram,Eau de Parfum 100ml,Beauty,1,1907,1907,CUST-43251,Website
UK-2026-104317,2026-06-21,Central,Bhopal,Matte Lipstick Set,Beauty,2,934,1868,CUST-66517,Website
UK-2026-102495,2026-04-07,North,Delhi,43-inch Smart TV,Electronics,1,25995,25995,CUST-58551,Website
UK-2026-104910,2026-06-20,West,Ahmedabad,Beard Grooming Kit,Beauty,1,982,982,CUST-43835,App
UK-2026-101381,2026-02-15,West,Mumbai,43-inch Smart TV,Electronics,1,24744,24744,CUST-59325,App
UK-2026-104756,2026-06-26,Central,Indore,Dinner Set 24pc,Home & Kitchen,1,2466,2466,CUST-73683,App
UK-2026-103512,2026-05-16,West,Pune,Wireless Earbuds Pro,Electronics,3,2928,8784,CUST-80176,Marketplace
UK-2026-103769,2026-05-22,North,Delhi,Wireless Earbuds Pro,Electronics,1,3096,3096,CUST-18423,Marketplace
UK-2026-102728,2026-04-17,East,Bhubaneswar,Leather Wallet,Fashion,2,865,1730,CUST-81759,Website
UK-2026-102486,2026-04-14,West,Surat,Wireless Earbuds Pro,Electronics,1,3071,3071,CUST-81861,App
UK-2026-102594,2026-04-05,South,Hyderabad,Cotton Kurta Set,Fashion,2,1327,2654,CUST-52193,App
UK-2026-103974,2026-05-29,West,Pune,Noise-Cancelling Headphones,Electronics,1,8830,8830,CUST-56032,Marketplace
UK-2026-102157,2026-03-23,West,Ahmedabad,Matte Lipstick Set,Beauty,1,860,860,CUST-59580,App
UK-2026-104375,2026-06-06,Central,Nagpur,Bluetooth Speaker Mini,Electronics,1,1475,1475,CUST-31087,Website
UK-2026-104413,2026-06-09,West,Mumbai,Leather Wallet,Fashion,1,921,921,CUST-33884,App
UK-2026-101858,2026-03-13,North,Gurugram,Cricket Bat English Willow,Sports,1,9048,9048,CUST-12937,App
UK-2026-104655,2026-06-29,North,Delhi,Ethnic Dupatta,Fashion,1,495,495,CUST-43807,App
UK-2026-101701,2026-03-26,South,Chennai,Noise-Cancelling Headphones,Electronics,1,8901,8901,CUST-76369,Marketplace
UK-2026-104499,2026-06-29,Central,Bhopal,Non-Stick Cookware Set,Home & Kitchen,2,2981,5962,CUST-64137,Marketplace
UK-2026-104471,2026-06-02,East,Kolkata,Mirrorless Camera Lite,Electronics,2,30387,60774,CUST-52660,App
UK-2026-103753,2026-05-28,South,Bengaluru,Ionic Hair Dryer,Beauty,1,1927,1927,CUST-34840,App
UK-2026-100484,2026-01-02,South,Hyderabad,Badminton Racket Set,Sports,1,2469,2469,CUST-94511,App
UK-2026-102623,2026-04-27,South,Hyderabad,Running Sneakers,Fashion,1,2783,2783,CUST-21271,Website
UK-2026-103329,2026-05-02,South,Kochi,Running Sneakers,Fashion,2,2844,5688,CUST-88338,Website
UK-2026-101671,2026-03-28,West,Pune,Mixer Grinder 750W,Home & Kitchen,1,3160,3160,CUST-90880,App
UK-2026-103439,2026-05-31,North,Gurugram,Formal Shirt,Fashion,1,1069,1069,CUST-33491,Website
UK-2026-102565,2026-04-10,West,Ahmedabad,Smart Watch X2,Electronics,1,4326,4326,CUST-16093,Marketplace
UK-2026-103636,2026-05-28,South,Chennai,Noise-Cancelling Headphones,Electronics,1,8846,8846,CUST-31350,Website
UK-2026-102432,2026-04-27,South,Hyderabad,Makeup Brush Set,Beauty,1,1318,1318,CUST-96010,Website
UK-2026-101623,2026-03-24,North,Gurugram,Mixer Grinder 750W,Home & Kitchen,2,3318,6636,CUST-84682,App
UK-2026-101211,2026-02-27,South,Bengaluru,Football Size 5,Sports,1,904,904,CUST-23322,Marketplace
UK-2026-102431,2026-04-11,North,Gurugram,Slim Fit Jeans,Fashion,1,1564,1564,CUST-53359,App
UK-2026-101033,2026-02-27,North,Noida,Smart Watch X2,Electronics,1,4578,4578,CUST-28959,Marketplace
UK-2026-101709,2026-03-29,East,Patna,Denim Jacket,Fashion,1,2124,2124,CUST-27684,App
UK-2026-101027,2026-02-22,South,Hyderabad,Ultrabook Air 14,Electronics,1,31201,31201,CUST-63768,Marketplace
UK-2026-104451,2026-06-21,South,Chennai,Robot Vacuum R7,Home & Kitchen,1,19302,19302,CUST-12648,Marketplace
UK-2026-102130,2026-03-10,West,Ahmedabad,Cycling Helmet,Sports,1,1587,1587,CUST-69662,Website
UK-2026-100868,2026-02-24,West,Surat,Cricket Bat English Willow,Sports,1,8787,8787,CUST-58625,Website
UK-2026-103055,2026-04-04,North,Gurugram,Formal Shirt,Fashion,2,1055,2110,CUST-62784,App
UK-2026-101539,2026-03-17,West,Ahmedabad,Eau de Parfum 100ml,Beauty,1,2001,2001,CUST-25093,App
UK-2026-101998,2026-03-27,East,Patna,Robot Vacuum R7,Home & Kitchen,1,18286,18286,CUST-96316,App
UK-2026-104886,2026-06-08,West,Surat,Dinner Set 24pc,Home & Kitchen,1,2388,2388,CUST-39396,App
UK-2026-101050,2026-02-04,South,Chennai,Leather Wallet,Fashion,1,893,893,CUST-86509,App
UK-2026-101614,2026-03-29,Central,Nagpur,43-inch Smart TV,Electronics,2,26111,52222,CUST-28561,Website
UK-2026-104989,2026-06-14,East,Patna,Denim Jacket,Fashion,2,2146,4292,CUST-26245,Website
UK-2026-100957,2026-02-17,North,Gurugram,Smart Watch X2,Electronics,2,4643,9286,CUST-94762,Website
UK-2026-104168,2026-06-13,West,Ahmedabad,Electric Kettle 1.5L,Home & Kitchen,1,1104,1104,CUST-25989,Website
UK-2026-102147,2026-03-03,South,Chennai,Ultrabook Air 14,Electronics,2,29556,59112,CUST-89778,App
UK-2026-102588,2026-04-05,North,Chandigarh,Ionic Hair Dryer,Beauty,1,1815,1815,CUST-71611,Marketplace
UK-2026-101336,2026-02-09,North,Chandigarh,Ultrabook Air 14,Electronics,2,30406,60812,CUST-38493,Marketplace
UK-2026-103635,2026-05-08,South,Kochi,Cotton Bedsheet Set,Home & Kitchen,2,1389,2778,CUST-86656,App
UK-2026-104105,2026-06-20,South,Hyderabad,Power Bank 20000mAh,Electronics,1,1847,1847,CUST-22825,Marketplace
UK-2026-101911,2026-03-08,South,Bengaluru,Smart Watch X2,Electronics,1,4666,4666,CUST-74225,App
UK-2026-102171,2026-03-24,Central,Indore,Badminton Racket Set,Sports,1,2438,2438,CUST-23564,Website
UK-2026-104012,2026-05-31,East,Kolkata,Foldable Treadmill T2,Sports,1,24977,24977,CUST-95988,Website
UK-2026-100938,2026-02-27,East,Kolkata,Face Wash Combo,Beauty,1,427,427,CUST-35711,Website
UK-2026-101365,2026-02-15,South,Bengaluru,Face Wash Combo,Beauty,1,451,451,CUST-99683,Website
UK-2026-102614,2026-04-01,North,Chandigarh,Smart Watch X2,Electronics,1,4569,4569,CUST-12482,App
UK-2026-101482,2026-03-04,North,Delhi,Cotton Kurta Set,Fashion,1,1253,1253,CUST-27167,Website
UK-2026-104753,2026-06-16,South,Bengaluru,43-inch Smart TV,Electronics,2,25635,51270,CUST-27397,App
UK-2026-103706,2026-05-12,South,Kochi,Foldable Treadmill T2,Sports,1,26151,26151,CUST-82860,Marketplace
UK-2026-102779,2026-04-26,West,Pune,Mirrorless Camera Lite,Electronics,1,27795,27795,CUST-47809,App
UK-2026-103057,2026-04-17,Central,Raipur,Football Size 5,Sports,2,887,1774,CUST-16905,Website
UK-2026-104949,2026-06-28,West,Ahmedabad,Denim Jacket,Fashion,1,2230,2230,CUST-51154,App
UK-2026-103549,2026-05-07,South,Bengaluru,Wireless Earbuds Pro,Electronics,1,3124,3124,CUST-66371,Website
UK-2026-102082,2026-03-19,North,Chandigarh,Denim Jacket,Fashion,1,2201,2201,CUST-60855,Website
UK-2026-100767,2026-02-11,West,Mumbai,Modern Wall Clock,Home & Kitchen,1,825,825,CUST-57927,Website
UK-2026-104761,2026-06-21,South,Chennai,Smart Watch X2,Electronics,1,4637,4637,CUST-31481,Marketplace
UK-2026-100567,2026-01-04,South,Chennai,Noise-Cancelling Headphones,Electronics,2,8975,17950,CUST-65777,App
UK-2026-104157,2026-06-23,North,Delhi,Cotton Bedsheet Set,Home & Kitchen,1,1390,1390,CUST-65315,App
UK-2026-100076,2026-01-22,East,Kolkata,Silk Saree,Fashion,1,3452,3452,CUST-94172,Website
UK-2026-100483,2026-01-03,Central,Indore,Beard Grooming Kit,Beauty,1,957,957,CUST-53931,Website
UK-2026-104469,2026-06-29,South,Kochi,Bluetooth Speaker Mini,Electronics,2,1491,2982,CUST-46826,Website
UK-2026-101049,2026-02-19,Central,Indore,43-inch Smart TV,Electronics,2,26843,53686,CUST-81119,App
UK-2026-101707,2026-03-28,East,Patna,Ethnic Dupatta,Fashion,1,484,484,CUST-18435,App
UK-2026-101330,2026-02-14,North,Chandigarh,Yoga Mat Pro,Sports,1,1255,1255,CUST-12789,App
UK-2026-101846,2026-03-16,West,Pune,Robot Vacuum R7,Home & Kitchen,1,18777,18777,CUST-63705,Marketplace
UK-2026-103763,2026-05-27,North,Noida,Noise-Cancelling Headphones,Electronics,1,9281,9281,CUST-75587,App
UK-2026-102474,2026-04-27,West,Mumbai,Robot Vacuum R7,Home & Kitchen,2,19849,39698,CUST-40405,App
UK-2026-103648,2026-05-04,North,Gurugram,Badminton Racket Set,Sports,1,2420,2420,CUST-15046,App
UK-2026-103551,2026-05-07,South,Kochi,Ultrabook Air 14,Electronics,1,29624,29624,CUST-27259,Website
UK-2026-101695,2026-03-30,North,Gurugram,Gym Gloves,Sports,1,494,494,CUST-85181,App
UK-2026-100991,2026-02-23,Central,Bhopal,Mirrorless Camera Lite,Electronics,1,27927,27927,CUST-13050,Marketplace
UK-2026-103201,2026-05-28,West,Surat,Slim Fit Jeans,Fashion,1,1578,1578,CUST-53836,Marketplace
UK-2026-104134,2026-06-18,North,Gurugram,Silk Saree,Fashion,1,3566,3566,CUST-37340,Website
UK-2026-101166,2026-02-06,North,Chandigarh,Eau de Parfum 100ml,Beauty,1,2043,2043,CUST-53171,Website
UK-2026-102762,2026-04-17,West,Ahmedabad,Denim Jacket,Fashion,1,2115,2115,CUST-32460,Website
UK-2026-104170,2026-06-29,West,Mumbai,Adjustable Dumbbells 15kg,Sports,2,5154,10308,CUST-66033,App
UK-2026-102958,2026-04-02,North,Noida,Silk Saree,Fashion,1,3428,3428,CUST-44145,Website
UK-2026-104758,2026-06-02,West,Pune,Mirrorless Camera Lite,Electronics,1,27723,27723,CUST-20785,Marketplace
UK-2026-104311,2026-06-15,Central,Indore,Running Sneakers,Fashion,3,2913,8739,CUST-16189,Marketplace
UK-2026-104691,2026-06-08,North,Gurugram,Eau de Parfum 100ml,Beauty,1,2007,2007,CUST-59939,Marketplace
UK-2026-102117,2026-03-10,North,Chandigarh,Ultrabook Air 14,Electronics,2,29837,59674,CUST-66202,Website
UK-2026-100996,2026-02-26,North,Gurugram,Sunscreen SPF50,Beauty,1,560,560,CUST-71648,App
UK-2026-103228,2026-05-29,South,Hyderabad,Silk Saree,Fashion,2,3458,6916,CUST-53188,Website
UK-2026-102876,2026-04-29,Central,Nagpur,Slim Fit Jeans,Fashion,1,1599,1599,CUST-62860,Marketplace
UK-2026-104420,2026-06-27,North,Delhi,Vitamin C Serum,Beauty,1,702,702,CUST-34168,Website
UK-2026-103679,2026-05-11,South,Hyderabad,Wireless Earbuds Pro,Electronics,1,3088,3088,CUST-41661,App
UK-2026-103678,2026-05-14,South,Hyderabad,Smart Watch X2,Electronics,2,4616,9232,CUST-74688,Marketplace
UK-2026-102322,2026-04-26,South,Chennai,Cotton Kurta Set,Fashion,2,1305,2610,CUST-65963,Website
UK-2026-104062,2026-06-19,West,Ahmedabad,Badminton Racket Set,Sports,1,2568,2568,CUST-88613,Website
UK-2026-104478,2026-06-19,North,Delhi,Silk Saree,Fashion,2,3436,6872,CUST-75529,Marketplace
UK-2026-103742,2026-05-16,East,Guwahati,Beard Grooming Kit,Beauty,1,1028,1028,CUST-91240,App
UK-2026-103302,2026-05-03,South,Chennai,Mirrorless Camera Lite,Electronics,1,28959,28959,CUST-25776,Website
UK-2026-103351,2026-05-26,South,Bengaluru,Adjustable Dumbbells 15kg,Sports,1,4880,4880,CUST-15478,Website
UK-2026-101809,2026-03-17,North,Chandigarh,Wireless Earbuds Pro,Electronics,1,3069,3069,CUST-16897,App
UK-2026-100702,2026-01-07,East,Guwahati,Cycling Helmet,Sports,1,1620,1620,CUST-72750,Website
UK-2026-101920,2026-03-05,North,Chandigarh,Modern Wall Clock,Home & Kitchen,1,769,769,CUST-54883,Marketplace
UK-2026-101749,2026-03-13,North,Noida,Noise-Cancelling Headphones,Electronics,1,9307,9307,CUST-80580,Marketplace
UK-2026-102282,2026-04-01,South,Kochi,Dinner Set 24pc,Home & Kitchen,1,2522,2522,CUST-23449,Website
UK-2026-103573,2026-05-12,North,Noida,Wireless Earbuds Pro,Electronics,2,3140,6280,CUST-44233,Website
UK-2026-102556,2026-04-19,South,Hyderabad,Robot Vacuum R7,Home & Kitchen,2,18736,37472,CUST-17203,Website
UK-2026-100142,2026-01-13,North,Chandigarh,Non-Stick Cookware Set,Home & Kitchen,1,2850,2850,CUST-33523,Marketplace
UK-2026-101207,2026-02-04,East,Kolkata,Robot Vacuum R7,Home & Kitchen,1,18147,18147,CUST-76707,Marketplace
UK-2026-100719,2026-01-03,South,Chennai,Denim Jacket,Fashion,1,2096,2096,CUST-28745,App
UK-2026-104044,2026-06-14,South,Hyderabad,Ethnic Dupatta,Fashion,4,493,1972,CUST-39575,App
UK-2026-101573,2026-03-01,East,Bhubaneswar,Foldable Treadmill T2,Sports,2,24021,48042,CUST-39831,Website
UK-2026-103955,2026-05-09,South,Hyderabad,Dinner Set 24pc,Home & Kitchen,1,2490,2490,CUST-95988,Website
UK-2026-100637,2026-01-03,West,Mumbai,Cotton Kurta Set,Fashion,2,1254,2508,CUST-28069,Marketplace
UK-2026-100626,2026-01-14,South,Kochi,Cotton Kurta Set,Fashion,2,1280,2560,CUST-27599,App
UK-2026-103627,2026-05-19,South,Chennai,Matte Lipstick Set,Beauty,1,863,863,CUST-77266,App
UK-2026-103745,2026-05-25,West,Ahmedabad,Mirrorless Camera Lite,Electronics,1,29006,29006,CUST-86973,Marketplace
UK-2026-103458,2026-05-18,North,Delhi,Slim Fit Jeans,Fashion,3,1543,4629,CUST-78168,App
UK-2026-102688,2026-04-07,North,Chandigarh,Formal Shirt,Fashion,1,1097,1097,CUST-10134,Marketplace
UK-2026-100351,2026-01-25,North,Noida,Silk Saree,Fashion,2,3658,7316,CUST-16661,Website
UK-2026-100564,2026-01-26,North,Gurugram,Bluetooth Speaker Mini,Electronics,1,1476,1476,CUST-51362,App
UK-2026-104737,2026-06-14,South,Hyderabad,Foldable Treadmill T2,Sports,1,24531,24531,CUST-79715,Marketplace
UK-2026-104849,2026-06-27,Central,Raipur,Wireless Earbuds Pro,Electronics,2,2908,5816,CUST-10912,App
UK-2026-104222,2026-06-01,Central,Indore,Dinner Set 24pc,Home & Kitchen,1,2388,2388,CUST-84709,Marketplace
UK-2026-102185,2026-03-02,West,Ahmedabad,Denim Jacket,Fashion,1,2150,2150,CUST-76907,Website
UK-2026-101434,2026-02-12,North,Chandigarh,Wireless Earbuds Pro,Electronics,1,2931,2931,CUST-52296,App
UK-2026-100854,2026-02-06,West,Pune,Eau de Parfum 100ml,Beauty,1,1994,1994,CUST-96370,Marketplace
UK-2026-102786,2026-04-02,South,Kochi,Sunscreen SPF50,Beauty,1,534,534,CUST-92590,App
UK-2026-100763,2026-02-10,East,Guwahati,Cotton Bedsheet Set,Home & Kitchen,4,1426,5704,CUST-48557,Website
UK-2026-102534,2026-04-07,West,Mumbai,Formal Shirt,Fashion,2,1090,2180,CUST-61219,App
UK-2026-102631,2026-04-10,South,Hyderabad,Ultrabook Air 14,Electronics,2,30680,61360,CUST-25875,App
UK-2026-103844,2026-05-20,East,Bhubaneswar,Non-Stick Cookware Set,Home & Kitchen,2,2938,5876,CUST-35613,App
UK-2026-104840,2026-06-27,North,Delhi,Smart Watch X2,Electronics,2,4383,8766,CUST-83717,Marketplace
UK-2026-104277,2026-06-30,West,Pune,Non-Stick Cookware Set,Home & Kitchen,1,2895,2895,CUST-58712,Marketplace
UK-2026-102729,2026-04-09,North,Delhi,Yoga Mat Pro,Sports,1,1201,1201,CUST-98932,Marketplace
UK-2026-102458,2026-04-10,South,Chennai,Cotton Bedsheet Set,Home & Kitchen,1,1396,1396,CUST-10140,App
UK-2026-101400,2026-02-22,North,Gurugram,Wireless Earbuds Pro,Electronics,1,3122,3122,CUST-41597,Website
UK-2026-100574,2026-01-06,West,Surat,Robot Vacuum R7,Home & Kitchen,2,19826,39652,CUST-28923,App
UK-2026-103263,2026-05-30,Central,Nagpur,Robot Vacuum R7,Home & Kitchen,1,18175,18175,CUST-80551,App
UK-2026-100024,2026-01-28,West,Pune,Ultrabook Air 14,Electronics,4,31021,124084,CUST-49613,Website
UK-2026-102414,2026-04-13,South,Chennai,Leather Wallet,Fashion,1,897,897,CUST-20383,Website
UK-2026-104681,2026-06-21,North,Noida,Air Fryer 5L,Home & Kitchen,4,5530,22120,CUST-48111,App
UK-2026-101420,2026-02-13,West,Ahmedabad,Slim Fit Jeans,Fashion,1,1523,1523,CUST-15577,App
UK-2026-104427,2026-06-11,East,Bhubaneswar,Ethnic Dupatta,Fashion,2,511,1022,CUST-82970,App
UK-2026-100292,2026-01-07,South,Kochi,Cotton Bedsheet Set,Home & Kitchen,1,1343,1343,CUST-76190,Website
UK-2026-101471,2026-03-26,East,Bhubaneswar,Slim Fit Jeans,Fashion,1,1608,1608,CUST-10431,App
UK-2026-104513,2026-06-17,North,Chandigarh,Smart Watch X2,Electronics,1,4336,4336,CUST-89518,Marketplace
UK-2026-100305,2026-01-16,South,Chennai,43-inch Smart TV,Electronics,1,26665,26665,CUST-25194,Website
UK-2026-100367,2026-01-06,West,Surat,Yoga Mat Pro,Sports,2,1257,2514,CUST-69765,App
UK-2026-100243,2026-01-22,East,Guwahati,Football Size 5,Sports,2,943,1886,CUST-15977,App
UK-2026-102752,2026-04-06,West,Mumbai,Denim Jacket,Fashion,1,2287,2287,CUST-48198,Website
UK-2026-102408,2026-04-17,North,Gurugram,Power Bank 20000mAh,Electronics,1,1810,1810,CUST-30803,Website
UK-2026-104951,2026-06-05,South,Bengaluru,Gym Gloves,Sports,2,486,972,CUST-77408,App
UK-2026-101852,2026-03-08,West,Pune,Football Size 5,Sports,1,908,908,CUST-10912,Website
UK-2026-102887,2026-04-02,West,Surat,Denim Jacket,Fashion,1,2254,2254,CUST-54999,Marketplace
UK-2026-104920,2026-06-05,South,Chennai,Wireless Earbuds Pro,Electronics,1,3087,3087,CUST-24772,Website
UK-2026-102902,2026-04-27,North,Gurugram,43-inch Smart TV,Electronics,1,27118,27118,CUST-82605,Marketplace
UK-2026-102962,2026-04-14,West,Mumbai,Bluetooth Speaker Mini,Electronics,1,1429,1429,CUST-51853,App
UK-2026-103748,2026-05-18,West,Ahmedabad,Adjustable Dumbbells 15kg,Sports,1,4943,4943,CUST-49073,Website
UK-2026-103668,2026-05-24,West,Pune,Sunscreen SPF50,Beauty,1,530,530,CUST-73839,Website
UK-2026-102547,2026-04-20,South,Chennai,Sunscreen SPF50,Beauty,2,552,1104,CUST-66621,Website
UK-2026-101105,2026-02-09,South,Chennai,Bluetooth Speaker Mini,Electronics,1,1428,1428,CUST-19335,Marketplace
UK-2026-103775,2026-05-07,Central,Raipur,Electric Kettle 1.5L,Home & Kitchen,4,1148,4592,CUST-31404,App
UK-2026-102021,2026-03-26,South,Bengaluru,Smart Watch X2,Electronics,1,4717,4717,CUST-66939,Marketplace
UK-2026-102050,2026-03-09,West,Pune,Sunscreen SPF50,Beauty,1,540,540,CUST-38833,App
UK-2026-100959,2026-02-05,North,Noida,Robot Vacuum R7,Home & Kitchen,1,19294,19294,CUST-99654,App
UK-2026-102366,2026-04-26,South,Bengaluru,Noise-Cancelling Headphones,Electronics,1,9088,9088,CUST-94621,Website
UK-2026-101274,2026-02-28,Central,Bhopal,Wireless Earbuds Pro,Electronics,1,3029,3029,CUST-24891,Marketplace
UK-2026-104618,2026-06-28,North,Delhi,Dinner Set 24pc,Home & Kitchen,1,2525,2525,CUST-12613,App
UK-2026-102571,2026-04-06,South,Hyderabad,Air Fryer 5L,Home & Kitchen,1,5299,5299,CUST-17964,Website
UK-2026-100123,2026-01-20,North,Noida,Cricket Bat English Willow,Sports,1,8607,8607,CUST-35997,Marketplace
UK-2026-104016,2026-05-27,East,Guwahati,Cotton Kurta Set,Fashion,1,1249,1249,CUST-95704,Website
UK-2026-101010,2026-02-11,West,Ahmedabad,Bluetooth Speaker Mini,Electronics,1,1541,1541,CUST-52296,Website
UK-2026-102780,2026-04-07,East,Kolkata,Sunscreen SPF50,Beauty,2,576,1152,CUST-28990,App
UK-2026-102222,2026-03-31,Central,Bhopal,Sunscreen SPF50,Beauty,2,530,1060,CUST-51288,App
UK-2026-101456,2026-03-07,Central,Raipur,Sunscreen SPF50,Beauty,1,575,575,CUST-85302,Website
UK-2026-101184,2026-02-19,North,Chandigarh,Football Size 5,Sports,1,939,939,CUST-37491,Website
UK-2026-102877,2026-04-09,North,Chandigarh,Yoga Mat Pro,Sports,1,1146,1146,CUST-72157,App
UK-2026-102365,2026-04-27,Central,Indore,Yoga Mat Pro,Sports,2,1242,2484,CUST-89012,Website
UK-2026-103111,2026-05-19,East,Patna,Robot Vacuum R7,Home & Kitchen,2,19031,38062,CUST-31968,Website
UK-2026-104680,2026-06-26,South,Kochi,Bluetooth Speaker Mini,Electronics,1,1454,1454,CUST-26682,Marketplace
UK-2026-104138,2026-06-21,West,Ahmedabad,43-inch Smart TV,Electronics,1,25541,25541,CUST-22684,Marketplace
UK-2026-103153,2026-05-14,North,Gurugram,Power Bank 20000mAh,Electronics,2,1856,3712,CUST-79385,Marketplace
UK-2026-101754,2026-03-08,West,Ahmedabad,Leather Wallet,Fashion,2,877,1754,CUST-82707,Website
UK-2026-104933,2026-06-09,South,Kochi,Cotton Bedsheet Set,Home & Kitchen,2,1458,2916,CUST-34950,App
UK-2026-103028,2026-04-02,South,Chennai,Makeup Brush Set,Beauty,1,1240,1240,CUST-97038,Website
UK-2026-102008,2026-03-24,North,Noida,Sunscreen SPF50,Beauty,1,554,554,CUST-14894,App
UK-2026-103848,2026-05-30,West,Surat,Cotton Bedsheet Set,Home & Kitchen,1,1424,1424,CUST-31519,App
UK-2026-104521,2026-06-16,North,Gurugram,Mirrorless Camera Lite,Electronics,1,27843,27843,CUST-68905,Marketplace
UK-2026-102028,2026-03-19,North,Delhi,Robot Vacuum R7,Home & Kitchen,1,19439,19439,CUST-41787,Website
UK-2026-104129,2026-06-16,North,Gurugram,Modern Wall Clock,Home & Kitchen,1,810,810,CUST-12942,App
UK-2026-102250,2026-04-06,North,Gurugram,Leather Wallet,Fashion,1,924,924,CUST-34248,Marketplace
UK-2026-103863,2026-05-03,West,Pune,Wireless Earbuds Pro,Electronics,1,2903,2903,CUST-94549,App
UK-2026-102232,2026-03-14,Central,Nagpur,Badminton Racket Set,Sports,2,2449,4898,CUST-41120,Marketplace
UK-2026-103046,2026-04-24,South,Bengaluru,Bluetooth Speaker Mini,Electronics,1,1568,1568,CUST-11207,Marketplace
UK-2026-104916,2026-06-30,North,Chandigarh,Formal Shirt,Fashion,2,1142,2284,CUST-91256,App
UK-2026-104578,2026-06-04,West,Ahmedabad,Slim Fit Jeans,Fashion,1,1559,1559,CUST-28866,Marketplace
UK-2026-101636,2026-03-06,South,Chennai,Non-Stick Cookware Set,Home & Kitchen,3,2822,8466,CUST-91369,Website
UK-2026-103321,2026-05-21,North,Chandigarh,Cycling Helmet,Sports,3,1637,4911,CUST-33219,App
UK-2026-101608,2026-03-27,North,Gurugram,Cotton Kurta Set,Fashion,1,1355,1355,CUST-97234,App
UK-2026-100015,2026-01-09,West,Surat,Sunscreen SPF50,Beauty,1,528,528,CUST-99344,Marketplace
UK-2026-102225,2026-03-31,North,Gurugram,Air Fryer 5L,Home & Kitchen,3,5596,16788,CUST-23094,App
UK-2026-100578,2026-01-30,South,Kochi,Makeup Brush Set,Beauty,2,1274,2548,CUST-39669,App
UK-2026-102915,2026-04-17,South,Chennai,Wireless Earbuds Pro,Electronics,1,3097,3097,CUST-46827,App
UK-2026-101598,2026-03-23,North,Delhi,Matte Lipstick Set,Beauty,1,889,889,CUST-89375,App
UK-2026-101142,2026-02-12,North,Gurugram,Modern Wall Clock,Home & Kitchen,1,834,834,CUST-37491,Website
UK-2026-101445,2026-02-16,Central,Bhopal,Makeup Brush Set,Beauty,1,1331,1331,CUST-53797,App
UK-2026-104467,2026-06-20,South,Hyderabad,Badminton Racket Set,Sports,1,2494,2494,CUST-54999,App
UK-2026-103639,2026-05-01,North,Gurugram,Slim Fit Jeans,Fashion,1,1621,1621,CUST-15977,Website
UK-2026-100156,2026-01-09,Central,Indore,43-inch Smart TV,Electronics,1,26047,26047,CUST-98702,Website
UK-2026-102135,2026-03-19,North,Delhi,Eau de Parfum 100ml,Beauty,1,1950,1950,CUST-29431,App
UK-2026-100581,2026-01-16,South,Chennai,Noise-Cancelling Headphones,Electronics,1,8689,8689,CUST-40341,App
UK-2026-100007,2026-01-01,West,Mumbai,Sunscreen SPF50,Beauty,1,523,523,CUST-69763,Website
UK-2026-101611,2026-03-09,South,Kochi,Matte Lipstick Set,Beauty,1,884,884,CUST-96725,App
UK-2026-101363,2026-02-09,South,Chennai,Sunscreen SPF50,Beauty,2,537,1074,CUST-43146,Website
UK-2026-101587,2026-03-01,South,Bengaluru,Modern Wall Clock,Home & Kitchen,1,765,765,CUST-97473,App
UK-2026-100298,2026-01-25,North,Delhi,Dinner Set 24pc,Home & Kitchen,2,2548,5096,CUST-12496,Website
UK-2026-100733,2026-02-17,North,Chandigarh,Football Size 5,Sports,1,885,885,CUST-63638,App
UK-2026-100248,2026-01-08,East,Guwahati,43-inch Smart TV,Electronics,1,26298,26298,CUST-10275,App
UK-2026-101076,2026-02-27,North,Chandigarh,Ionic Hair Dryer,Beauty,1,1823,1823,CUST-74831,App
UK-2026-102080,2026-03-28,North,Gurugram,Mirrorless Camera Lite,Electronics,1,29536,29536,CUST-50778,App
UK-2026-100903,2026-02-01,South,Chennai,Power Bank 20000mAh,Electronics,2,1761,3522,CUST-22641,App
UK-2026-103713,2026-05-02,East,Kolkata,Noise-Cancelling Headphones,Electronics,1,8588,8588,CUST-35225,Marketplace
UK-2026-100184,2026-01-26,South,Bengaluru,Matte Lipstick Set,Beauty,2,939,1878,CUST-77224,App
UK-2026-101341,2026-02-23,East,Patna,Badminton Racket Set,Sports,1,2405,2405,CUST-56465,Website
UK-2026-103799,2026-05-03,East,Kolkata,Face Wash Combo,Beauty,2,470,940,CUST-67284,Website
UK-2026-102346,2026-04-25,West,Pune,Ionic Hair Dryer,Beauty,1,1912,1912,CUST-79353,App
UK-2026-102866,2026-04-27,West,Pune,Adjustable Dumbbells 15kg,Sports,2,4856,9712,CUST-91847,App
UK-2026-102313,2026-04-11,North,Chandigarh,Noise-Cancelling Headphones,Electronics,4,9348,37392,CUST-83072,App
UK-2026-100919,2026-02-22,South,Bengaluru,Ultrabook Air 14,Electronics,1,29002,29002,CUST-21974,Website
UK-2026-101910,2026-03-20,South,Hyderabad,Yoga Mat Pro,Sports,1,1207,1207,CUST-14914,Website
UK-2026-103197,2026-05-13,Central,Raipur,Silk Saree,Fashion,1,3421,3421,CUST-69881,App
UK-2026-101495,2026-03-28,South,Chennai,Leather Wallet,Fashion,1,892,892,CUST-35080,Website
UK-2026-100588,2026-01-13,North,Noida,Modern Wall Clock,Home & Kitchen,1,824,824,CUST-62261,App
UK-2026-103271,2026-05-07,Central,Bhopal,Beard Grooming Kit,Beauty,1,1011,1011,CUST-67568,Website
UK-2026-100683,2026-01-31,Central,Raipur,Cotton Bedsheet Set,Home & Kitchen,3,1426,4278,CUST-16897,Website
UK-2026-101447,2026-02-20,West,Pune,Makeup Brush Set,Beauty,1,1349,1349,CUST-39327,App
UK-2026-104275,2026-06-29,South,Hyderabad,Power Bank 20000mAh,Electronics,1,1889,1889,CUST-49787,Website
UK-2026-104813,2026-06-29,South,Chennai,Noise-Cancelling Headphones,Electronics,1,9263,9263,CUST-48544,Marketplace
UK-2026-102639,2026-04-14,Central,Nagpur,Badminton Racket Set,Sports,1,2617,2617,CUST-42398,Marketplace
UK-2026-102753,2026-04-20,West,Surat,Football Size 5,Sports,1,921,921,CUST-87291,App
UK-2026-103169,2026-05-23,South,Bengaluru,Foldable Treadmill T2,Sports,1,24348,24348,CUST-35721,Marketplace
UK-2026-104807,2026-06-28,Central,Raipur,Wireless Earbuds Pro,Electronics,1,3057,3057,CUST-25459,Website
UK-2026-104102,2026-06-24,South,Hyderabad,Ultrabook Air 14,Electronics,2,29524,59048,CUST-79089,App
UK-2026-101549,2026-03-18,Central,Bhopal,Bluetooth Speaker Mini,Electronics,1,1437,1437,CUST-36833,App
UK-2026-101442,2026-02-19,South,Kochi,Noise-Cancelling Headphones,Electronics,1,9088,9088,CUST-51447,Marketplace
UK-2026-101352,2026-02-15,South,Hyderabad,Gym Gloves,Sports,1,499,499,CUST-94269,Website
UK-2026-103540,2026-05-31,South,Kochi,Slim Fit Jeans,Fashion,1,1611,1611,CUST-51288,App
UK-2026-102304,2026-04-24,North,Delhi,Yoga Mat Pro,Sports,3,1177,3531,CUST-43611,Marketplace
UK-2026-103851,2026-05-21,North,Delhi,Ionic Hair Dryer,Beauty,2,1939,3878,CUST-75248,Website
UK-2026-104783,2026-06-13,North,Gurugram,Silk Saree,Fashion,1,3424,3424,CUST-32051,App
UK-2026-102490,2026-04-10,West,Ahmedabad,Silk Saree,Fashion,1,3614,3614,CUST-24039,Website
UK-2026-100403,2026-01-16,West,Pune,Cycling Helmet,Sports,1,1527,1527,CUST-76305,App
UK-2026-102363,2026-04-19,West,Ahmedabad,43-inch Smart TV,Electronics,1,25055,25055,CUST-72856,Marketplace
UK-2026-101107,2026-02-28,South,Chennai,Cotton Kurta Set,Fashion,1,1315,1315,CUST-37139,Website
UK-2026-100489,2026-01-26,North,Gurugram,Makeup Brush Set,Beauty,1,1333,1333,CUST-58419,App
UK-2026-101058,2026-02-03,East,Bhubaneswar,Makeup Brush Set,Beauty,1,1336,1336,CUST-93936,App
UK-2026-102964,2026-04-14,West,Mumbai,Silk Saree,Fashion,1,3370,3370,CUST-22143,App
UK-2026-104604,2026-06-12,South,Kochi,Cotton Kurta Set,Fashion,1,1311,1311,CUST-58372,Website
UK-2026-104249,2026-06-22,East,Kolkata,Ultrabook Air 14,Electronics,2,31010,62020,CUST-53285,Website
UK-2026-100231,2026-01-19,South,Kochi,Formal Shirt,Fashion,1,1102,1102,CUST-41019,App
UK-2026-100556,2026-01-31,West,Surat,Running Sneakers,Fashion,2,2678,5356,CUST-74169,Marketplace
UK-2026-101682,2026-03-03,South,Hyderabad,Eau de Parfum 100ml,Beauty,1,1997,1997,CUST-67128,App
UK-2026-103869,2026-05-18,South,Bengaluru,Mixer Grinder 750W,Home & Kitchen,2,3158,6316,CUST-89795,Marketplace
UK-2026-100297,2026-01-19,East,Kolkata,Wireless Earbuds Pro,Electronics,1,3099,3099,CUST-19238,Website
UK-2026-100821,2026-02-26,South,Bengaluru,Denim Jacket,Fashion,1,2149,2149,CUST-34012,App
UK-2026-101370,2026-02-11,Central,Raipur,Running Sneakers,Fashion,2,2691,5382,CUST-91347,App
UK-2026-102599,2026-04-27,North,Noida,Noise-Cancelling Headphones,Electronics,1,8713,8713,CUST-77071,Marketplace
UK-2026-101246,2026-02-13,South,Chennai,Electric Kettle 1.5L,Home & Kitchen,1,1106,1106,CUST-13400,Website
UK-2026-102309,2026-04-05,West,Ahmedabad,Smart Watch X2,Electronics,2,4635,9270,CUST-62677,Marketplace
UK-2026-104356,2026-06-25,South,Chennai,Running Sneakers,Fashion,3,2701,8103,CUST-33191,Website
UK-2026-103808,2026-05-30,North,Chandigarh,Matte Lipstick Set,Beauty,1,938,938,CUST-31404,App
UK-2026-104694,2026-06-25,East,Patna,Cricket Bat English Willow,Sports,2,9286,18572,CUST-74477,Website
UK-2026-103730,2026-05-28,East,Patna,Cotton Kurta Set,Fashion,1,1332,1332,CUST-10782,Website
UK-2026-102342,2026-04-06,East,Patna,Cotton Kurta Set,Fashion,1,1317,1317,CUST-48231,App
UK-2026-103870,2026-05-08,North,Delhi,Slim Fit Jeans,Fashion,2,1572,3144,CUST-42087,Marketplace
UK-2026-100433,2026-01-14,South,Kochi,Beard Grooming Kit,Beauty,2,989,1978,CUST-87072,App
UK-2026-103350,2026-05-15,North,Delhi,43-inch Smart TV,Electronics,1,26727,26727,CUST-14894,Marketplace
UK-2026-102957,2026-04-16,South,Hyderabad,43-inch Smart TV,Electronics,2,25883,51766,CUST-48211,Website
UK-2026-100716,2026-01-28,West,Pune,Sunscreen SPF50,Beauty,2,552,1104,CUST-62261,App
UK-2026-104226,2026-06-05,West,Ahmedabad,Robot Vacuum R7,Home & Kitchen,1,18307,18307,CUST-29070,App
UK-2026-103396,2026-05-24,Central,Raipur,Leather Wallet,Fashion,1,861,861,CUST-52875,Website
UK-2026-102807,2026-04-21,South,Chennai,Modern Wall Clock,Home & Kitchen,1,810,810,CUST-64196,Website
UK-2026-100145,2026-01-24,North,Chandigarh,Badminton Racket Set,Sports,1,2618,2618,CUST-92918,Marketplace
UK-2026-101489,2026-03-12,North,Delhi,Silk Saree,Fashion,2,3446,6892,CUST-66033,Marketplace
UK-2026-102443,2026-04-10,North,Chandigarh,Noise-Cancelling Headphones,Electronics,1,9345,9345,CUST-56465,App
UK-2026-103640,2026-05-28,North,Chandigarh,Ethnic Dupatta,Fashion,1,484,484,CUST-67396,App
UK-2026-104846,2026-06-17,North,Chandigarh,Foldable Treadmill T2,Sports,1,23974,23974,CUST-77408,Website
UK-2026-104982,2026-06-23,West,Pune,Vitamin C Serum,Beauty,2,700,1400,CUST-64060,Website
UK-2026-101916,2026-03-31,East,Bhubaneswar,Foldable Treadmill T2,Sports,2,25971,51942,CUST-33725,App
UK-2026-103764,2026-05-21,East,Bhubaneswar,Dinner Set 24pc,Home & Kitchen,3,2483,7449,CUST-27562,App
UK-2026-103320,2026-05-02,West,Ahmedabad,Matte Lipstick Set,Beauty,1,900,900,CUST-40687,App
UK-2026-102533,2026-04-21,East,Guwahati,Leather Wallet,Fashion,1,860,860,CUST-61636,Website
UK-2026-100226,2026-01-07,North,Chandigarh,Cycling Helmet,Sports,1,1547,1547,CUST-14719,Marketplace
UK-2026-100039,2026-01-11,West,Surat,Bluetooth Speaker Mini,Electronics,1,1528,1528,CUST-19238,Marketplace
UK-2026-103312,2026-05-04,South,Chennai,Smart Watch X2,Electronics,2,4295,8590,CUST-37642,App
UK-2026-103469,2026-05-02,North,Chandigarh,Ethnic Dupatta,Fashion,1,497,497,CUST-39663,Website
UK-2026-104609,2026-06-28,North,Delhi,Bluetooth Speaker Mini,Electronics,1,1465,1465,CUST-22684,Marketplace
UK-2026-100573,2026-01-04,South,Bengaluru,Denim Jacket,Fashion,1,2147,2147,CUST-72422,App
UK-2026-102030,2026-03-18,West,Ahmedabad,Ultrabook Air 14,Electronics,2,28764,57528,CUST-79828,Website
UK-2026-100472,2026-01-31,West,Ahmedabad,Bluetooth Speaker Mini,Electronics,1,1440,1440,CUST-95497,Marketplace
UK-2026-103448,2026-05-13,West,Pune,Running Sneakers,Fashion,1,2926,2926,CUST-94964,App
UK-2026-104917,2026-06-09,East,Guwahati,Cricket Bat English Willow,Sports,1,9130,9130,CUST-11970,Marketplace
UK-2026-104293,2026-06-16,North,Delhi,Sunscreen SPF50,Beauty,2,562,1124,CUST-91411,App
UK-2026-101101,2026-02-03,North,Gurugram,Wireless Earbuds Pro,Electronics,2,2951,5902,CUST-64060,App
UK-2026-102864,2026-04-08,East,Kolkata,Silk Saree,Fashion,1,3324,3324,CUST-96141,App
UK-2026-100722,2026-02-18,West,Pune,Face Wash Combo,Beauty,2,453,906,CUST-38422,Website
UK-2026-101578,2026-03-25,South,Kochi,Yoga Mat Pro,Sports,1,1185,1185,CUST-10849,Marketplace
UK-2026-100339,2026-01-27,North,Chandigarh,Sunscreen SPF50,Beauty,2,543,1086,CUST-88117,App
UK-2026-100813,2026-02-04,North,Noida,Silk Saree,Fashion,3,3630,10890,CUST-19208,App
UK-2026-104163,2026-06-05,South,Chennai,Face Wash Combo,Beauty,1,450,450,CUST-64058,App
UK-2026-102975,2026-04-05,Central,Raipur,Slim Fit Jeans,Fashion,1,1523,1523,CUST-80907,Website
UK-2026-102560,2026-04-02,North,Gurugram,Modern Wall Clock,Home & Kitchen,2,779,1558,CUST-33849,Website
UK-2026-100133,2026-01-04,North,Chandigarh,Cricket Bat English Willow,Sports,1,9325,9325,CUST-91238,Website
UK-2026-103629,2026-05-17,South,Bengaluru,Ethnic Dupatta,Fashion,2,499,998,CUST-17422,App
UK-2026-103021,2026-04-15,West,Pune,Beard Grooming Kit,Beauty,1,993,993,CUST-58973,Website
UK-2026-102310,2026-04-24,North,Noida,Electric Kettle 1.5L,Home & Kitchen,2,1121,2242,CUST-78831,Marketplace
UK-2026-101925,2026-03-23,South,Kochi,Cotton Kurta Set,Fashion,2,1257,2514,CUST-67701,App
UK-2026-100047,2026-01-03,East,Kolkata,Eau de Parfum 100ml,Beauty,1,2083,2083,CUST-47729,App
UK-2026-102115,2026-03-07,North,Delhi,Cycling Helmet,Sports,1,1552,1552,CUST-74266,App
UK-2026-103482,2026-05-08,South,Chennai,Badminton Racket Set,Sports,1,2492,2492,CUST-46587,App
UK-2026-103978,2026-05-30,North,Chandigarh,Silk Saree,Fashion,1,3375,3375,CUST-88657,Website
UK-2026-100749,2026-02-01,South,Bengaluru,Leather Wallet,Fashion,1,944,944,CUST-24891,App
UK-2026-103770,2026-05-25,South,Hyderabad,Dinner Set 24pc,Home & Kitchen,1,2516,2516,CUST-87979,App
UK-2026-102010,2026-03-29,South,Bengaluru,Football Size 5,Sports,1,904,904,CUST-12613,Website
UK-2026-104900,2026-06-09,South,Chennai,Foldable Treadmill T2,Sports,2,24929,49858,CUST-81225,App
UK-2026-104727,2026-06-12,South,Kochi,43-inch Smart TV,Electronics,1,26650,26650,CUST-20785,Marketplace
UK-2026-101615,2026-03-05,East,Patna,Silk Saree,Fashion,4,3557,14228,CUST-69095,App
UK-2026-102852,2026-04-23,North,Gurugram,Air Fryer 5L,Home & Kitchen,1,5270,5270,CUST-51536,App
UK-2026-101961,2026-03-03,East,Kolkata,Ionic Hair Dryer,Beauty,2,1904,3808,CUST-38071,Website
UK-2026-102893,2026-04-03,North,Chandigarh,Leather Wallet,Fashion,3,881,2643,CUST-80030,Website
UK-2026-103855,2026-05-30,South,Hyderabad,Sunscreen SPF50,Beauty,1,549,549,CUST-95000,App
UK-2026-103806,2026-05-04,East,Guwahati,Smart Watch X2,Electronics,1,4336,4336,CUST-38577,App
UK-2026-103181,2026-05-25,North,Delhi,Face Wash Combo,Beauty,1,443,443,CUST-94820,Marketplace
UK-2026-102051,2026-03-22,South,Kochi,Ethnic Dupatta,Fashion,1,496,496,CUST-84609,Website
UK-2026-100089,2026-01-09,North,Delhi,Non-Stick Cookware Set,Home & Kitchen,2,2918,5836,CUST-68581,App
UK-2026-103902,2026-05-08,South,Bengaluru,Cotton Bedsheet Set,Home & Kitchen,2,1415,2830,CUST-49290,App
UK-2026-100085,2026-01-08,East,Patna,Yoga Mat Pro,Sports,1,1228,1228,CUST-19014,Website
UK-2026-102499,2026-04-13,South,Chennai,Running Sneakers,Fashion,1,2883,2883,CUST-44345,Website
UK-2026-102267,2026-04-20,Central,Nagpur,Matte Lipstick Set,Beauty,2,876,1752,CUST-34599,Website
UK-2026-104674,2026-06-24,West,Pune,Denim Jacket,Fashion,1,2296,2296,CUST-95000,App
UK-2026-101777,2026-03-21,South,Chennai,Air Fryer 5L,Home & Kitchen,1,5324,5324,CUST-87428,App
UK-2026-104658,2026-06-30,South,Chennai,Foldable Treadmill T2,Sports,2,23787,47574,CUST-84869,App
UK-2026-104415,2026-06-17,North,Noida,Foldable Treadmill T2,Sports,4,25451,101804,CUST-80190,Website
UK-2026-104518,2026-06-20,South,Bengaluru,Beard Grooming Kit,Beauty,2,999,1998,CUST-71303,Marketplace
UK-2026-101606,2026-03-14,West,Mumbai,Beard Grooming Kit,Beauty,1,963,963,CUST-41090,Marketplace
UK-2026-103566,2026-05-28,Central,Indore,Matte Lipstick Set,Beauty,1,907,907,CUST-67128,App
UK-2026-102198,2026-03-28,East,Patna,Running Sneakers,Fashion,1,2732,2732,CUST-92447,App
UK-2026-104784,2026-06-25,East,Guwahati,Noise-Cancelling Headphones,Electronics,4,8701,34804,CUST-71729,Marketplace
UK-2026-100947,2026-02-15,South,Chennai,43-inch Smart TV,Electronics,1,26559,26559,CUST-14340,App
UK-2026-101702,2026-03-31,South,Bengaluru,Face Wash Combo,Beauty,1,458,458,CUST-21974,App
UK-2026-100289,2026-01-11,West,Pune,Cotton Bedsheet Set,Home & Kitchen,2,1349,2698,CUST-67568,App
UK-2026-100673,2026-01-01,North,Noida,Robot Vacuum R7,Home & Kitchen,1,18431,18431,CUST-85805,App
UK-2026-104401,2026-06-26,North,Gurugram,Makeup Brush Set,Beauty,1,1239,1239,CUST-80441,Marketplace
UK-2026-103568,2026-05-05,North,Noida,Mirrorless Camera Lite,Electronics,1,27910,27910,CUST-13347,Website
UK-2026-102689,2026-04-17,North,Noida,Eau de Parfum 100ml,Beauty,1,2026,2026,CUST-17086,Website
UK-2026-104269,2026-06-09,South,Kochi,Formal Shirt,Fashion,2,1073,2146,CUST-87581,App
UK-2026-103217,2026-05-07,North,Chandigarh,Cotton Bedsheet Set,Home & Kitchen,1,1372,1372,CUST-20893,Website
UK-2026-101803,2026-03-23,North,Noida,Silk Saree,Fashion,1,3492,3492,CUST-48557,App
UK-2026-102943,2026-04-25,South,Hyderabad,Formal Shirt,Fashion,1,1120,1120,CUST-62516,Website
UK-2026-100811,2026-02-13,East,Bhubaneswar,Makeup Brush Set,Beauty,4,1362,5448,CUST-50778,Website
UK-2026-103539,2026-05-31,South,Kochi,Vitamin C Serum,Beauty,1,701,701,CUST-17876,App
UK-2026-103129,2026-05-10,West,Ahmedabad,Running Sneakers,Fashion,2,2924,5848,CUST-39831,Website
UK-2026-102981,2026-04-07,Central,Indore,Adjustable Dumbbells 15kg,Sports,1,5185,5185,CUST-88420,Marketplace
UK-2026-100521,2026-01-16,Central,Raipur,Modern Wall Clock,Home & Kitchen,1,821,821,CUST-31647,App
UK-2026-101934,2026-03-22,South,Kochi,Noise-Cancelling Headphones,Electronics,1,9447,9447,CUST-96736,Marketplace
UK-2026-101422,2026-02-25,North,Gurugram,Yoga Mat Pro,Sports,1,1215,1215,CUST-30508,App
UK-2026-101922,2026-03-31,West,Mumbai,Dinner Set 24pc,Home & Kitchen,1,2590,2590,CUST-90847,App
UK-2026-102805,2026-04-17,South,Kochi,Modern Wall Clock,Home & Kitchen,1,789,789,CUST-77937,App
UK-2026-101943,2026-03-15,South,Bengaluru,Power Bank 20000mAh,Electronics,1,1764,1764,CUST-28938,Marketplace
UK-2026-103722,2026-05-19,West,Mumbai,Air Fryer 5L,Home & Kitchen,2,5539,11078,CUST-38493,Website
UK-2026-102024,2026-03-29,Central,Indore,Face Wash Combo,Beauty,1,464,464,CUST-22074,App
UK-2026-103506,2026-05-07,South,Hyderabad,Football Size 5,Sports,1,857,857,CUST-13955,Website
UK-2026-102058,2026-03-05,West,Pune,Robot Vacuum R7,Home & Kitchen,4,18834,75336,CUST-98491,Website
UK-2026-100669,2026-01-12,West,Mumbai,Noise-Cancelling Headphones,Electronics,1,9381,9381,CUST-62530,Website
UK-2026-104336,2026-06-19,South,Bengaluru,Leather Wallet,Fashion,3,885,2655,CUST-35427,App
UK-2026-104035,2026-06-12,North,Noida,Beard Grooming Kit,Beauty,1,985,985,CUST-50017,Website
UK-2026-103650,2026-05-02,West,Pune,Adjustable Dumbbells 15kg,Sports,1,4783,4783,CUST-95033,Marketplace
UK-2026-103413,2026-05-14,North,Noida,Leather Wallet,Fashion,1,905,905,CUST-15654,App
UK-2026-102096,2026-03-29,North,Chandigarh,43-inch Smart TV,Electronics,1,26129,26129,CUST-41300,App
UK-2026-101240,2026-02-19,Central,Indore,Ultrabook Air 14,Electronics,1,30041,30041,CUST-76538,Marketplace
UK-2026-100287,2026-01-09,North,Chandigarh,Cycling Helmet,Sports,1,1520,1520,CUST-62877,Website
UK-2026-103687,2026-05-13,South,Bengaluru,Formal Shirt,Fashion,1,1128,1128,CUST-93212,App
UK-2026-104022,2026-06-02,North,Noida,Power Bank 20000mAh,Electronics,1,1854,1854,CUST-69616,Website
UK-2026-101672,2026-03-25,South,Kochi,Robot Vacuum R7,Home & Kitchen,2,19747,39494,CUST-29212,Website
UK-2026-103166,2026-05-21,West,Mumbai,Air Fryer 5L,Home & Kitchen,1,5402,5402,CUST-58255,Marketplace
UK-2026-103973,2026-05-22,South,Kochi,Cotton Bedsheet Set,Home & Kitchen,1,1436,1436,CUST-47987,Website
UK-2026-103243,2026-05-12,Central,Indore,Running Sneakers,Fashion,2,2722,5444,CUST-27167,Website
UK-2026-102160,2026-03-30,North,Chandigarh,Leather Wallet,Fashion,1,876,876,CUST-42040,App
UK-2026-102275,2026-04-22,South,Kochi,Cricket Bat English Willow,Sports,1,8613,8613,CUST-91516,Marketplace
UK-2026-102420,2026-04-04,East,Patna,Bluetooth Speaker Mini,Electronics,1,1540,1540,CUST-60878,Marketplace
UK-2026-102170,2026-03-15,South,Bengaluru,Slim Fit Jeans,Fashion,1,1617,1617,CUST-60602,Website
UK-2026-101656,2026-03-12,South,Hyderabad,Cricket Bat English Willow,Sports,1,8733,8733,CUST-38422,Website
UK-2026-100037,2026-01-22,West,Mumbai,Running Sneakers,Fashion,3,2769,8307,CUST-67568,Website
UK-2026-103222,2026-05-27,East,Patna,Bluetooth Speaker Mini,Electronics,1,1490,1490,CUST-50143,Website
UK-2026-102903,2026-04-29,North,Delhi,Football Size 5,Sports,1,864,864,CUST-71197,App
UK-2026-103523,2026-05-13,Central,Raipur,Electric Kettle 1.5L,Home & Kitchen,1,1112,1112,CUST-47244,Website
UK-2026-102219,2026-03-12,South,Kochi,Badminton Racket Set,Sports,2,2428,4856,CUST-69095,Website
UK-2026-104236,2026-06-03,Central,Indore,Cotton Kurta Set,Fashion,3,1274,3822,CUST-77180,Marketplace
UK-2026-104321,2026-06-29,Central,Indore,Beard Grooming Kit,Beauty,1,1004,1004,CUST-88117,Website
UK-2026-100445,2026-01-15,East,Guwahati,Face Wash Combo,Beauty,1,450,450,CUST-17859,App
UK-2026-103703,2026-05-03,South,Hyderabad,Mirrorless Camera Lite,Electronics,1,28266,28266,CUST-50017,App
UK-2026-100949,2026-02-01,Central,Bhopal,Makeup Brush Set,Beauty,2,1268,2536,CUST-21979,App
UK-2026-101607,2026-03-25,North,Gurugram,Cricket Bat English Willow,Sports,1,9215,9215,CUST-10616,Website
UK-2026-102577,2026-04-01,South,Hyderabad,Makeup Brush Set,Beauty,1,1269,1269,CUST-66131,Marketplace
UK-2026-102359,2026-04-21,Central,Nagpur,Yoga Mat Pro,Sports,2,1213,2426,CUST-90932,App
UK-2026-101602,2026-03-18,South,Bengaluru,Cotton Kurta Set,Fashion,2,1277,2554,CUST-36635,Website
UK-2026-102300,2026-04-04,South,Hyderabad,Foldable Treadmill T2,Sports,1,24910,24910,CUST-31350,App
UK-2026-104077,2026-06-29,South,Chennai,Silk Saree,Fashion,4,3632,14528,CUST-20955,Website
UK-2026-100974,2026-02-03,North,Gurugram,Ionic Hair Dryer,Beauty,1,1941,1941,CUST-55489,Website
UK-2026-104307,2026-06-11,South,Chennai,Matte Lipstick Set,Beauty,1,866,866,CUST-67830,Website
UK-2026-102178,2026-03-12,South,Bengaluru,Ultrabook Air 14,Electronics,1,31169,31169,CUST-58621,App
UK-2026-103148,2026-05-13,South,Chennai,43-inch Smart TV,Electronics,1,24700,24700,CUST-99075,App
UK-2026-100215,2026-01-30,East,Bhubaneswar,Ionic Hair Dryer,Beauty,2,1969,3938,CUST-14164,Website
UK-2026-102286,2026-04-08,West,Surat,43-inch Smart TV,Electronics,2,27194,54388,CUST-37808,Marketplace
UK-2026-100865,2026-02-28,South,Kochi,Ethnic Dupatta,Fashion,1,494,494,CUST-64507,App
UK-2026-102815,2026-04-27,North,Chandigarh,Running Sneakers,Fashion,1,2929,2929,CUST-93869,Website
UK-2026-101348,2026-02-15,West,Ahmedabad,Leather Wallet,Fashion,1,897,897,CUST-92225,App
UK-2026-100214,2026-01-31,East,Patna,Smart Watch X2,Electronics,1,4651,4651,CUST-48914,App
UK-2026-101605,2026-03-10,East,Bhubaneswar,Leather Wallet,Fashion,2,930,1860,CUST-25166,App
UK-2026-103100,2026-05-30,South,Chennai,Football Size 5,Sports,1,873,873,CUST-35524,Marketplace
UK-2026-100572,2026-01-26,South,Hyderabad,Smart Watch X2,Electronics,1,4291,4291,CUST-91275,Marketplace
UK-2026-102883,2026-04-27,West,Surat,Slim Fit Jeans,Fashion,3,1607,4821,CUST-40054,Marketplace
UK-2026-100721,2026-02-15,North,Gurugram,Face Wash Combo,Beauty,1,440,440,CUST-46362,Website
UK-2026-104493,2026-06-01,West,Surat,Silk Saree,Fashion,2,3596,7192,CUST-94887,App
UK-2026-102428,2026-04-11,East,Bhubaneswar,Cotton Bedsheet Set,Home & Kitchen,3,1391,4173,CUST-35225,App
UK-2026-100920,2026-02-08,South,Kochi,Cotton Kurta Set,Fashion,1,1345,1345,CUST-97675,Website
UK-2026-101397,2026-02-14,North,Chandigarh,Smart Watch X2,Electronics,1,4429,4429,CUST-32410,Marketplace
UK-2026-104703,2026-06-24,North,Delhi,Wireless Earbuds Pro,Electronics,1,3119,3119,CUST-38754,Website
UK-2026-103330,2026-05-22,West,Ahmedabad,Running Sneakers,Fashion,1,2848,2848,CUST-85700,App
UK-2026-104526,2026-06-06,East,Patna,Running Sneakers,Fashion,1,2925,2925,CUST-79089,App
UK-2026-104851,2026-06-09,North,Noida,Noise-Cancelling Headphones,Electronics,1,9244,9244,CUST-24549,Marketplace
UK-2026-102833,2026-04-26,North,Chandigarh,Non-Stick Cookware Set,Home & Kitchen,1,2949,2949,CUST-12648,Website
UK-2026-102650,2026-04-20,South,Bengaluru,Ethnic Dupatta,Fashion,1,482,482,CUST-76457,App
UK-2026-100692,2026-01-01,West,Ahmedabad,Slim Fit Jeans,Fashion,1,1623,1623,CUST-55346,Website
UK-2026-102283,2026-04-27,West,Ahmedabad,Ultrabook Air 14,Electronics,2,29802,59604,CUST-65558,Website
UK-2026-100992,2026-02-18,North,Gurugram,Running Sneakers,Fashion,2,2892,5784,CUST-84672,App
UK-2026-102034,2026-03-28,West,Ahmedabad,Electric Kettle 1.5L,Home & Kitchen,2,1046,2092,CUST-84480,Marketplace
UK-2026-101726,2026-03-12,North,Chandigarh,Makeup Brush Set,Beauty,1,1354,1354,CUST-14539,App
UK-2026-104541,2026-06-30,East,Bhubaneswar,Sunscreen SPF50,Beauty,2,572,1144,CUST-29953,App
UK-2026-100332,2026-01-05,West,Mumbai,Cricket Bat English Willow,Sports,1,9300,9300,CUST-22364,Website
UK-2026-104081,2026-06-23,West,Mumbai,Eau de Parfum 100ml,Beauty,1,2008,2008,CUST-51303,Website
UK-2026-101081,2026-02-16,North,Chandigarh,Modern Wall Clock,Home & Kitchen,2,780,1560,CUST-79476,App
UK-2026-100859,2026-02-02,East,Kolkata,Badminton Racket Set,Sports,1,2539,2539,CUST-64777,Website
UK-2026-100171,2026-01-30,West,Ahmedabad,43-inch Smart TV,Electronics,1,24905,24905,CUST-43835,App
UK-2026-104701,2026-06-01,Central,Nagpur,Cotton Kurta Set,Fashion,1,1307,1307,CUST-36879,App
UK-2026-104172,2026-06-14,West,Ahmedabad,Cotton Bedsheet Set,Home & Kitchen,1,1460,1460,CUST-28806,App
UK-2026-101350,2026-02-17,West,Ahmedabad,Formal Shirt,Fashion,1,1062,1062,CUST-40265,App
UK-2026-101724,2026-03-03,North,Noida,Air Fryer 5L,Home & Kitchen,2,5400,10800,CUST-94101,Website
UK-2026-100710,2026-01-19,West,Ahmedabad,Dinner Set 24pc,Home & Kitchen,1,2569,2569,CUST-96010,Marketplace
UK-2026-101248,2026-02-07,South,Hyderabad,Smart Watch X2,Electronics,1,4549,4549,CUST-28606,Marketplace
UK-2026-101794,2026-03-01,South,Bengaluru,Electric Kettle 1.5L,Home & Kitchen,2,1107,2214,CUST-87964,Website
UK-2026-102278,2026-04-12,Central,Raipur,Mixer Grinder 750W,Home & Kitchen,3,3147,9441,CUST-16694,Marketplace
UK-2026-102002,2026-03-23,South,Bengaluru,Electric Kettle 1.5L,Home & Kitchen,1,1130,1130,CUST-91033,Website
UK-2026-101889,2026-03-23,South,Bengaluru,Electric Kettle 1.5L,Home & Kitchen,1,1067,1067,CUST-51151,Website
UK-2026-102602,2026-04-28,East,Patna,Leather Wallet,Fashion,1,856,856,CUST-99654,Website
UK-2026-101359,2026-02-26,East,Bhubaneswar,Running Sneakers,Fashion,1,2762,2762,CUST-87005,App
UK-2026-104730,2026-06-21,North,Chandigarh,Adjustable Dumbbells 15kg,Sports,2,5062,10124,CUST-15675,Website
UK-2026-100822,2026-02-21,Central,Indore,Noise-Cancelling Headphones,Electronics,1,8562,8562,CUST-15355,App
UK-2026-103297,2026-05-09,Central,Indore,Matte Lipstick Set,Beauty,1,914,914,CUST-27257,App
UK-2026-102303,2026-04-20,South,Kochi,Power Bank 20000mAh,Electronics,2,1854,3708,CUST-26185,Marketplace
UK-2026-102343,2026-04-04,North,Gurugram,Running Sneakers,Fashion,1,2730,2730,CUST-49997,Website
UK-2026-103857,2026-05-01,East,Kolkata,Adjustable Dumbbells 15kg,Sports,1,4926,4926,CUST-14719,Website
UK-2026-102861,2026-04-18,South,Kochi,Formal Shirt,Fashion,1,1122,1122,CUST-32460,Marketplace
UK-2026-102438,2026-04-27,South,Kochi,Smart Watch X2,Electronics,2,4466,8932,CUST-25776,Website
UK-2026-104932,2026-06-02,South,Chennai,Smart Watch X2,Electronics,1,4611,4611,CUST-72636,Marketplace
UK-2026-103771,2026-05-08,East,Guwahati,Makeup Brush Set,Beauty,1,1311,1311,CUST-80551,App
UK-2026-103004,2026-04-12,West,Mumbai,Mixer Grinder 750W,Home & Kitchen,2,3422,6844,CUST-37857,App
UK-2026-103316,2026-05-16,North,Gurugram,Robot Vacuum R7,Home & Kitchen,1,18276,18276,CUST-33191,Website
UK-2026-100978,2026-02-02,East,Guwahati,Slim Fit Jeans,Fashion,3,1622,4866,CUST-24797,App
UK-2026-102242,2026-04-30,West,Surat,Ionic Hair Dryer,Beauty,1,1841,1841,CUST-95033,App
UK-2026-102367,2026-04-05,East,Patna,Sunscreen SPF50,Beauty,1,532,532,CUST-81047,App
UK-2026-104963,2026-06-15,North,Delhi,Leather Wallet,Fashion,2,929,1858,CUST-55008,Marketplace
UK-2026-104002,2026-05-31,Central,Nagpur,Cycling Helmet,Sports,1,1627,1627,CUST-61652,App
UK-2026-101368,2026-02-19,North,Noida,Cricket Bat English Willow,Sports,1,8870,8870,CUST-41661,Website
UK-2026-104957,2026-06-19,North,Noida,Power Bank 20000mAh,Electronics,1,1888,1888,CUST-43141,App
UK-2026-104899,2026-06-13,South,Chennai,Silk Saree,Fashion,1,3499,3499,CUST-60456,App
UK-2026-103967,2026-05-31,North,Delhi,Formal Shirt,Fashion,1,1100,1100,CUST-22011,App
UK-2026-104297,2026-06-16,West,Mumbai,Power Bank 20000mAh,Electronics,1,1733,1733,CUST-45837,Marketplace
UK-2026-102213,2026-03-21,North,Delhi,Power Bank 20000mAh,Electronics,1,1773,1773,CUST-47412,Website
UK-2026-102001,2026-03-15,North,Delhi,Mirrorless Camera Lite,Electronics,2,29065,58130,CUST-13898,App
UK-2026-101177,2026-02-14,West,Ahmedabad,Ultrabook Air 14,Electronics,2,28976,57952,CUST-42306,Website
UK-2026-102814,2026-04-26,West,Ahmedabad,Cotton Kurta Set,Fashion,1,1319,1319,CUST-44345,Website
UK-2026-102245,2026-04-04,East,Patna,Leather Wallet,Fashion,1,939,939,CUST-68296,App
UK-2026-101786,2026-03-06,East,Patna,Power Bank 20000mAh,Electronics,2,1749,3498,CUST-34909,App
UK-2026-104479,2026-06-20,South,Hyderabad,Leather Wallet,Fashion,2,912,1824,CUST-35964,App
UK-2026-103605,2026-05-03,North,Noida,Wireless Earbuds Pro,Electronics,2,3148,6296,CUST-83287,App
UK-2026-102075,2026-03-14,South,Kochi,Running Sneakers,Fashion,2,2863,5726,CUST-28745,Marketplace
UK-2026-102137,2026-03-27,Central,Raipur,Wireless Earbuds Pro,Electronics,1,2980,2980,CUST-95322,App
UK-2026-100366,2026-01-15,South,Hyderabad,Air Fryer 5L,Home & Kitchen,1,5697,5697,CUST-25769,Marketplace
UK-2026-101580,2026-03-12,South,Hyderabad,Bluetooth Speaker Mini,Electronics,1,1533,1533,CUST-53485,Website
UK-2026-103488,2026-05-23,North,Chandigarh,Cycling Helmet,Sports,1,1604,1604,CUST-88901,App
UK-2026-100495,2026-01-29,North,Noida,Cycling Helmet,Sports,1,1653,1653,CUST-78399,App
UK-2026-101130,2026-02-22,South,Hyderabad,Badminton Racket Set,Sports,1,2433,2433,CUST-66517,Marketplace
UK-2026-101683,2026-03-18,North,Gurugram,Noise-Cancelling Headphones,Electronics,2,8923,17846,CUST-20739,Website
UK-2026-104586,2026-06-04,South,Chennai,Bluetooth Speaker Mini,Electronics,1,1446,1446,CUST-75338,Website
UK-2026-103454,2026-05-23,East,Guwahati,Modern Wall Clock,Home & Kitchen,3,786,2358,CUST-95497,App
UK-2026-103939,2026-05-10,West,Ahmedabad,Slim Fit Jeans,Fashion,1,1657,1657,CUST-55421,Website
UK-2026-104120,2026-06-22,North,Noida,Denim Jacket,Fashion,1,2235,2235,CUST-15619,App
UK-2026-100802,2026-02-09,North,Delhi,Dinner Set 24pc,Home & Kitchen,3,2469,7407,CUST-51694,Website
UK-2026-104100,2026-06-18,East,Bhubaneswar,Running Sneakers,Fashion,1,2819,2819,CUST-39233,Website
UK-2026-101118,2026-02-15,South,Chennai,Sunscreen SPF50,Beauty,2,573,1146,CUST-45837,App
UK-2026-101234,2026-02-13,West,Ahmedabad,Power Bank 20000mAh,Electronics,1,1843,1843,CUST-75248,Website
UK-2026-100212,2026-01-29,East,Bhubaneswar,Silk Saree,Fashion,2,3499,6998,CUST-26499,App
UK-2026-103830,2026-05-31,West,Mumbai,Cotton Kurta Set,Fashion,2,1287,2574,CUST-48281,App
UK-2026-102629,2026-04-29,West,Mumbai,Cricket Bat English Willow,Sports,1,9352,9352,CUST-79353,Marketplace
UK-2026-101833,2026-03-28,West,Ahmedabad,Mixer Grinder 750W,Home & Kitchen,2,3405,6810,CUST-36635,App
UK-2026-100077,2026-01-10,North,Gurugram,Slim Fit Jeans,Fashion,2,1613,3226,CUST-57906,App
UK-2026-101835,2026-03-26,Central,Raipur,Bluetooth Speaker Mini,Electronics,1,1441,1441,CUST-46030,Website
UK-2026-102890,2026-04-15,West,Surat,Cotton Kurta Set,Fashion,2,1271,2542,CUST-40047,Marketplace
UK-2026-104412,2026-06-10,Central,Bhopal,Modern Wall Clock,Home & Kitchen,1,772,772,CUST-40327,App
UK-2026-103466,2026-05-10,South,Hyderabad,Wireless Earbuds Pro,Electronics,2,2860,5720,CUST-75488,Website
UK-2026-102387,2026-04-22,East,Guwahati,Non-Stick Cookware Set,Home & Kitchen,1,2883,2883,CUST-69460,Marketplace
UK-2026-102788,2026-04-16,West,Pune,Bluetooth Speaker Mini,Electronics,2,1510,3020,CUST-44626,App
UK-2026-101197,2026-02-05,East,Patna,Air Fryer 5L,Home & Kitchen,1,5322,5322,CUST-43669,Website
UK-2026-102645,2026-04-13,West,Surat,Smart Watch X2,Electronics,1,4305,4305,CUST-33725,App
UK-2026-103011,2026-04-03,North,Gurugram,Formal Shirt,Fashion,3,1069,3207,CUST-62516,App
UK-2026-101610,2026-03-11,North,Delhi,Makeup Brush Set,Beauty,1,1280,1280,CUST-68905,App
UK-2026-104909,2026-06-15,North,Noida,Cotton Kurta Set,Fashion,1,1269,1269,CUST-39497,Website
UK-2026-101393,2026-02-10,North,Delhi,Cotton Kurta Set,Fashion,1,1273,1273,CUST-60602,Website
UK-2026-104076,2026-06-29,South,Bengaluru,Modern Wall Clock,Home & Kitchen,1,838,838,CUST-55788,Website
UK-2026-104118,2026-06-12,West,Ahmedabad,Foldable Treadmill T2,Sports,1,23924,23924,CUST-56342,App
UK-2026-100456,2026-01-11,East,Kolkata,Cycling Helmet,Sports,1,1565,1565,CUST-19335,Website
UK-2026-101418,2026-02-20,North,Chandigarh,Leather Wallet,Fashion,1,891,891,CUST-69765,Website
UK-2026-103390,2026-05-27,South,Chennai,Robot Vacuum R7,Home & Kitchen,1,19480,19480,CUST-78831,Website
UK-2026-102659,2026-04-16,West,Pune,Cotton Kurta Set,Fashion,1,1299,1299,CUST-27684,App
UK-2026-103066,2026-04-04,South,Hyderabad,Running Sneakers,Fashion,1,2728,2728,CUST-25875,Website
UK-2026-100540,2026-01-31,North,Chandigarh,Cotton Bedsheet Set,Home & Kitchen,1,1370,1370,CUST-83717,App
UK-2026-101124,2026-02-24,East,Patna,Non-Stick Cookware Set,Home & Kitchen,1,2910,2910,CUST-78125,Website
UK-2026-104804,2026-06-15,Central,Nagpur,Noise-Cancelling Headphones,Electronics,1,9342,9342,CUST-51854,App
UK-2026-104584,2026-06-18,North,Delhi,Ethnic Dupatta,Fashion,1,508,508,CUST-60695,App
UK-2026-101179,2026-02-20,West,Pune,43-inch Smart TV,Electronics,2,26773,53546,CUST-38577,App
UK-2026-100056,2026-01-20,West,Ahmedabad,43-inch Smart TV,Electronics,1,25235,25235,CUST-85853,Website
UK-2026-104270,2026-06-11,North,Noida,Makeup Brush Set,Beauty,2,1280,2560,CUST-21477,Website
UK-2026-103403,2026-05-05,Central,Indore,Vitamin C Serum,Beauty,1,700,700,CUST-55889,Marketplace
UK-2026-101120,2026-02-26,West,Mumbai,Ultrabook Air 14,Electronics,1,29321,29321,CUST-86540,App
UK-2026-104399,2026-06-25,West,Ahmedabad,Smart Watch X2,Electronics,1,4563,4563,CUST-71356,App
UK-2026-104161,2026-06-09,East,Bhubaneswar,Cycling Helmet,Sports,1,1612,1612,CUST-54878,App
UK-2026-100657,2026-01-25,Central,Indore,Mirrorless Camera Lite,Electronics,1,28031,28031,CUST-26265,Website
UK-2026-100013,2026-01-05,East,Guwahati,Noise-Cancelling Headphones,Electronics,1,8980,8980,CUST-72422,Marketplace
UK-2026-103398,2026-05-03,East,Kolkata,Ethnic Dupatta,Fashion,1,474,474,CUST-44145,App
UK-2026-104195,2026-06-29,South,Bengaluru,Power Bank 20000mAh,Electronics,1,1731,1731,CUST-54878,App
UK-2026-101314,2026-02-02,East,Guwahati,Slim Fit Jeans,Fashion,2,1641,3282,CUST-41019,App
UK-2026-102653,2026-04-11,Central,Bhopal,Yoga Mat Pro,Sports,1,1252,1252,CUST-87581,App
UK-2026-100290,2026-01-09,West,Surat,Mirrorless Camera Lite,Electronics,2,29025,58050,CUST-89518,Website
UK-2026-100590,2026-01-25,South,Kochi,Wireless Earbuds Pro,Electronics,3,3010,9030,CUST-81241,Marketplace
UK-2026-100653,2026-01-08,Central,Indore,Mixer Grinder 750W,Home & Kitchen,1,3321,3321,CUST-55385,App
UK-2026-102578,2026-04-11,West,Surat,43-inch Smart TV,Electronics,1,26777,26777,CUST-22359,App
UK-2026-103935,2026-05-24,Central,Nagpur,Foldable Treadmill T2,Sports,1,24699,24699,CUST-69616,Marketplace
UK-2026-101693,2026-03-20,North,Gurugram,Robot Vacuum R7,Home & Kitchen,2,19333,38666,CUST-28622,App
UK-2026-103086,2026-04-02,North,Noida,Face Wash Combo,Beauty,1,451,451,CUST-70436,App
UK-2026-103533,2026-05-11,North,Chandigarh,Sunscreen SPF50,Beauty,2,539,1078,CUST-40670,Website
UK-2026-102882,2026-04-14,South,Bengaluru,Wireless Earbuds Pro,Electronics,2,3107,6214,CUST-74182,Website
UK-2026-102999,2026-04-16,East,Bhubaneswar,Ionic Hair Dryer,Beauty,2,1859,3718,CUST-10148,Marketplace
UK-2026-103374,2026-05-12,North,Delhi,Cotton Bedsheet Set,Home & Kitchen,1,1397,1397,CUST-29578,Website
UK-2026-104115,2026-06-09,North,Chandigarh,Bluetooth Speaker Mini,Electronics,1,1461,1461,CUST-99344,Website
UK-2026-102435,2026-04-26,South,Kochi,Smart Watch X2,Electronics,1,4374,4374,CUST-86973,Website
UK-2026-100104,2026-01-15,South,Bengaluru,Yoga Mat Pro,Sports,2,1232,2464,CUST-83302,App
UK-2026-104235,2026-06-07,South,Hyderabad,Formal Shirt,Fashion,1,1143,1143,CUST-15654,Marketplace
UK-2026-100533,2026-01-06,West,Mumbai,Cotton Kurta Set,Fashion,2,1351,2702,CUST-50778,App
UK-2026-101996,2026-03-09,South,Bengaluru,Ethnic Dupatta,Fashion,1,517,517,CUST-38638,App
UK-2026-103889,2026-05-02,West,Mumbai,Football Size 5,Sports,1,868,868,CUST-77224,App
UK-2026-101842,2026-03-15,North,Noida,Non-Stick Cookware Set,Home & Kitchen,1,3015,3015,CUST-68000,Website
UK-2026-104869,2026-06-26,South,Kochi,Denim Jacket,Fashion,1,2158,2158,CUST-31087,Website
UK-2026-101401,2026-02-15,West,Pune,Ethnic Dupatta,Fashion,1,484,484,CUST-23322,Marketplace
UK-2026-104785,2026-06-24,South,Bengaluru,Cotton Bedsheet Set,Home & Kitchen,3,1331,3993,CUST-70779,App
UK-2026-101174,2026-02-24,South,Hyderabad,Formal Shirt,Fashion,1,1050,1050,CUST-85431,Website
UK-2026-100286,2026-01-21,North,Chandigarh,Cricket Bat English Willow,Sports,1,8581,8581,CUST-85329,App
UK-2026-101626,2026-03-09,South,Bengaluru,Silk Saree,Fashion,1,3631,3631,CUST-54084,Website
UK-2026-102005,2026-03-13,East,Patna,Mixer Grinder 750W,Home & Kitchen,2,3219,6438,CUST-10150,Website
UK-2026-101156,2026-02-07,South,Chennai,Mixer Grinder 750W,Home & Kitchen,1,3392,3392,CUST-10247,App
UK-2026-103095,2026-05-29,East,Bhubaneswar,Air Fryer 5L,Home & Kitchen,1,5702,5702,CUST-43837,Marketplace
UK-2026-104343,2026-06-11,South,Hyderabad,Cotton Kurta Set,Fashion,2,1302,2604,CUST-50483,App
UK-2026-100500,2026-01-04,North,Chandigarh,Bluetooth Speaker Mini,Electronics,1,1526,1526,CUST-53171,Website
UK-2026-100791,2026-02-26,South,Chennai,Noise-Cancelling Headphones,Electronics,3,8968,26904,CUST-95704,App
UK-2026-103767,2026-05-23,North,Noida,Electric Kettle 1.5L,Home & Kitchen,1,1061,1061,CUST-51151,Website
UK-2026-103067,2026-04-22,South,Kochi,Bluetooth Speaker Mini,Electronics,1,1533,1533,CUST-75346,Website
UK-2026-102441,2026-04-21,South,Kochi,Face Wash Combo,Beauty,1,435,435,CUST-12675,App
UK-2026-104570,2026-06-29,Central,Bhopal,Wireless Earbuds Pro,Electronics,2,2852,5704,CUST-16751,Website
UK-2026-104192,2026-06-27,South,Bengaluru,43-inch Smart TV,Electronics,1,26229,26229,CUST-69616,Marketplace
UK-2026-103788,2026-05-14,South,Chennai,Mixer Grinder 750W,Home & Kitchen,1,3278,3278,CUST-18435,Marketplace
UK-2026-103994,2026-05-21,South,Kochi,Leather Wallet,Fashion,1,885,885,CUST-71133,Marketplace
UK-2026-100352,2026-01-26,Central,Nagpur,Running Sneakers,Fashion,1,2788,2788,CUST-46827,Marketplace
UK-2026-100362,2026-01-27,West,Ahmedabad,Gym Gloves,Sports,1,490,490,CUST-14282,Marketplace
UK-2026-100263,2026-01-13,West,Ahmedabad,Cotton Kurta Set,Fashion,1,1311,1311,CUST-13270,Website
UK-2026-101813,2026-03-19,West,Surat,Makeup Brush Set,Beauty,1,1342,1342,CUST-88420,Website
UK-2026-104558,2026-06-14,West,Mumbai,Cotton Bedsheet Set,Home & Kitchen,1,1354,1354,CUST-48294,Website
UK-2026-101968,2026-03-01,West,Pune,Gym Gloves,Sports,1,483,483,CUST-21530,Website
UK-2026-102276,2026-04-28,West,Pune,Bluetooth Speaker Mini,Electronics,1,1539,1539,CUST-32393,App
UK-2026-103005,2026-04-28,North,Delhi,Face Wash Combo,Beauty,1,431,431,CUST-94452,Website
UK-2026-104812,2026-06-19,East,Patna,Dinner Set 24pc,Home & Kitchen,1,2413,2413,CUST-31968,App
UK-2026-103192,2026-05-04,South,Kochi,Gym Gloves,Sports,3,493,1479,CUST-64122,App
UK-2026-104717,2026-06-22,North,Noida,Sunscreen SPF50,Beauty,1,542,542,CUST-34950,Website
UK-2026-100335,2026-01-07,East,Bhubaneswar,Cotton Kurta Set,Fashion,2,1322,2644,CUST-81657,Website
UK-2026-101514,2026-03-26,Central,Nagpur,Face Wash Combo,Beauty,1,445,445,CUST-47555,App
UK-2026-103002,2026-04-24,West,Surat,Power Bank 20000mAh,Electronics,1,1867,1867,CUST-21974,Website
UK-2026-101035,2026-02-16,West,Ahmedabad,Ethnic Dupatta,Fashion,1,486,486,CUST-24070,Marketplace
UK-2026-102191,2026-03-17,South,Kochi,Matte Lipstick Set,Beauty,1,941,941,CUST-22122,Website
UK-2026-102118,2026-03-01,West,Pune,Football Size 5,Sports,1,889,889,CUST-99831,App
UK-2026-100780,2026-02-11,West,Mumbai,Ethnic Dupatta,Fashion,2,503,1006,CUST-80822,Website
UK-2026-102347,2026-04-22,West,Surat,Adjustable Dumbbells 15kg,Sports,2,4822,9644,CUST-70115,App
UK-2026-101461,2026-03-30,West,Surat,Slim Fit Jeans,Fashion,1,1554,1554,CUST-32678,App
UK-2026-102892,2026-04-23,South,Chennai,Eau de Parfum 100ml,Beauty,1,2027,2027,CUST-69763,Website
UK-2026-100239,2026-01-01,East,Kolkata,Slim Fit Jeans,Fashion,1,1542,1542,CUST-12915,App
UK-2026-103187,2026-05-24,South,Hyderabad,Silk Saree,Fashion,1,3612,3612,CUST-42564,Marketplace
UK-2026-104748,2026-06-07,East,Kolkata,Air Fryer 5L,Home & Kitchen,1,5727,5727,CUST-22792,Website
UK-2026-104438,2026-06-28,North,Gurugram,Silk Saree,Fashion,1,3389,3389,CUST-48996,Website
UK-2026-101869,2026-03-31,West,Surat,Non-Stick Cookware Set,Home & Kitchen,1,2809,2809,CUST-72422,Marketplace
UK-2026-100770,2026-02-15,East,Guwahati,Bluetooth Speaker Mini,Electronics,1,1473,1473,CUST-48803,App
UK-2026-100623,2026-01-01,Central,Bhopal,Matte Lipstick Set,Beauty,1,868,868,CUST-85700,Website
UK-2026-103958,2026-05-06,Central,Nagpur,Power Bank 20000mAh,Electronics,1,1828,1828,CUST-74503,App
UK-2026-101496,2026-03-22,South,Kochi,Ethnic Dupatta,Fashion,1,519,519,CUST-45943,App
UK-2026-104019,2026-05-06,South,Kochi,Robot Vacuum R7,Home & Kitchen,2,19233,38466,CUST-54084,App
UK-2026-101735,2026-03-26,South,Chennai,Robot Vacuum R7,Home & Kitchen,2,19211,38422,CUST-22150,App
UK-2026-100020,2026-01-04,West,Ahmedabad,Cotton Kurta Set,Fashion,1,1331,1331,CUST-79581,App
UK-2026-102162,2026-03-19,West,Pune,Denim Jacket,Fashion,1,2146,2146,CUST-70180,Marketplace
UK-2026-103156,2026-05-04,West,Ahmedabad,Electric Kettle 1.5L,Home & Kitchen,1,1127,1127,CUST-55346,App
UK-2026-102953,2026-04-01,Central,Nagpur,Ionic Hair Dryer,Beauty,1,1885,1885,CUST-58973,App
UK-2026-103332,2026-05-05,West,Surat,Face Wash Combo,Beauty,1,434,434,CUST-53163,App
UK-2026-104326,2026-06-29,West,Pune,Foldable Treadmill T2,Sports,2,24802,49604,CUST-54148,Website
UK-2026-104459,2026-06-08,North,Gurugram,Cotton Kurta Set,Fashion,1,1252,1252,CUST-15151,App
UK-2026-102489,2026-04-22,North,Noida,Dinner Set 24pc,Home & Kitchen,1,2502,2502,CUST-31087,App
UK-2026-100333,2026-01-24,Central,Bhopal,Smart Watch X2,Electronics,2,4597,9194,CUST-46954,App
UK-2026-102429,2026-04-27,South,Bengaluru,Ultrabook Air 14,Electronics,1,30381,30381,CUST-32065,Marketplace
UK-2026-101011,2026-02-13,Central,Nagpur,Face Wash Combo,Beauty,1,456,456,CUST-10247,Website
UK-2026-102612,2026-04-10,South,Chennai,Silk Saree,Fashion,2,3538,7076,CUST-52193,Website
UK-2026-100001,2026-01-25,East,Kolkata,Wireless Earbuds Pro,Electronics,2,3055,6110,CUST-92315,App
UK-2026-101988,2026-03-04,East,Guwahati,Slim Fit Jeans,Fashion,1,1674,1674,CUST-18590,Website
UK-2026-101309,2026-02-19,South,Bengaluru,Mirrorless Camera Lite,Electronics,1,27663,27663,CUST-82744,App
UK-2026-101356,2026-02-21,South,Hyderabad,Leather Wallet,Fashion,1,860,860,CUST-98792,App
UK-2026-104090,2026-06-28,South,Kochi,Electric Kettle 1.5L,Home & Kitchen,1,1115,1115,CUST-33040,Website
UK-2026-101563,2026-03-13,East,Guwahati,Wireless Earbuds Pro,Electronics,1,2938,2938,CUST-83803,Marketplace
UK-2026-101759,2026-03-27,East,Guwahati,Denim Jacket,Fashion,2,2201,4402,CUST-41192,Website
UK-2026-102992,2026-04-16,East,Bhubaneswar,Noise-Cancelling Headphones,Electronics,2,8843,17686,CUST-98097,Marketplace
UK-2026-102519,2026-04-22,West,Ahmedabad,Badminton Racket Set,Sports,2,2473,4946,CUST-76604,Website
UK-2026-103405,2026-05-14,Central,Raipur,Power Bank 20000mAh,Electronics,4,1746,6984,CUST-27917,Website
UK-2026-100741,2026-02-17,West,Ahmedabad,Formal Shirt,Fashion,1,1097,1097,CUST-80078,App
UK-2026-100177,2026-01-20,Central,Nagpur,Football Size 5,Sports,2,899,1798,CUST-41727,Website
UK-2026-101680,2026-03-24,West,Surat,Running Sneakers,Fashion,2,2871,5742,CUST-97844,Marketplace
UK-2026-101478,2026-03-07,South,Chennai,Ultrabook Air 14,Electronics,1,30332,30332,CUST-81160,Marketplace
UK-2026-104432,2026-06-25,North,Gurugram,Ionic Hair Dryer,Beauty,1,1991,1991,CUST-87005,Website
UK-2026-104188,2026-06-24,West,Mumbai,Power Bank 20000mAh,Electronics,3,1861,5583,CUST-82118,Website
UK-2026-103175,2026-05-19,North,Delhi,Formal Shirt,Fashion,1,1061,1061,CUST-73614,App
UK-2026-103016,2026-04-29,West,Mumbai,Bluetooth Speaker Mini,Electronics,1,1506,1506,CUST-28248,App
UK-2026-100629,2026-01-03,North,Gurugram,Badminton Racket Set,Sports,1,2412,2412,CUST-59437,App
UK-2026-100115,2026-01-11,West,Ahmedabad,Matte Lipstick Set,Beauty,1,938,938,CUST-80945,App
UK-2026-100425,2026-01-30,North,Delhi,Eau de Parfum 100ml,Beauty,2,1918,3836,CUST-33725,App
UK-2026-102747,2026-04-01,South,Hyderabad,Bluetooth Speaker Mini,Electronics,1,1471,1471,CUST-17493,Website
UK-2026-102935,2026-04-07,South,Kochi,Dinner Set 24pc,Home & Kitchen,1,2434,2434,CUST-99506,Marketplace
UK-2026-104284,2026-06-17,South,Kochi,Ultrabook Air 14,Electronics,1,29361,29361,CUST-67227,App
UK-2026-102518,2026-04-14,East,Patna,Silk Saree,Fashion,1,3600,3600,CUST-64507,App
UK-2026-103989,2026-05-10,North,Chandigarh,Cotton Kurta Set,Fashion,1,1333,1333,CUST-76389,App
UK-2026-100072,2026-01-21,South,Kochi,Leather Wallet,Fashion,1,911,911,CUST-90880,App
UK-2026-101932,2026-03-24,West,Ahmedabad,Smart Watch X2,Electronics,1,4322,4322,CUST-72636,App
UK-2026-100833,2026-02-16,Central,Bhopal,Noise-Cancelling Headphones,Electronics,1,8826,8826,CUST-82912,App
UK-2026-100927,2026-02-25,North,Delhi,Formal Shirt,Fashion,2,1074,2148,CUST-95996,App
UK-2026-101668,2026-03-12,West,Surat,Slim Fit Jeans,Fashion,2,1591,3182,CUST-29730,App
UK-2026-100664,2026-01-28,South,Hyderabad,Face Wash Combo,Beauty,1,450,450,CUST-80683,App
UK-2026-101725,2026-03-29,West,Mumbai,Modern Wall Clock,Home & Kitchen,1,779,779,CUST-91687,App
UK-2026-104958,2026-06-17,North,Delhi,Mirrorless Camera Lite,Electronics,1,29456,29456,CUST-86073,Marketplace
UK-2026-101987,2026-03-01,South,Kochi,Formal Shirt,Fashion,1,1106,1106,CUST-91411,App
UK-2026-100649,2026-01-03,East,Patna,Formal Shirt,Fashion,1,1074,1074,CUST-89773,App
UK-2026-102948,2026-04-23,North,Noida,Mixer Grinder 750W,Home & Kitchen,1,3236,3236,CUST-92789,Website
UK-2026-101755,2026-03-20,East,Guwahati,Denim Jacket,Fashion,1,2222,2222,CUST-57529,App
UK-2026-103077,2026-04-19,East,Guwahati,Bluetooth Speaker Mini,Electronics,1,1494,1494,CUST-76190,Website
UK-2026-102949,2026-04-02,North,Chandigarh,Football Size 5,Sports,1,861,861,CUST-35015,Website
UK-2026-101643,2026-03-13,North,Delhi,Running Sneakers,Fashion,1,2931,2931,CUST-77200,Website
UK-2026-102406,2026-04-21,West,Pune,Bluetooth Speaker Mini,Electronics,1,1445,1445,CUST-33153,App
UK-2026-104128,2026-06-25,North,Noida,Football Size 5,Sports,1,938,938,CUST-81225,App
UK-2026-100021,2026-01-10,North,Delhi,Badminton Racket Set,Sports,1,2407,2407,CUST-88170,Marketplace
UK-2026-103881,2026-05-08,Central,Raipur,Robot Vacuum R7,Home & Kitchen,1,18466,18466,CUST-90783,App
UK-2026-101204,2026-02-07,Central,Raipur,Bluetooth Speaker Mini,Electronics,1,1510,1510,CUST-28988,Website
UK-2026-102736,2026-04-10,West,Ahmedabad,Wireless Earbuds Pro,Electronics,2,3074,6148,CUST-82118,Website
UK-2026-100222,2026-01-31,West,Ahmedabad,Cotton Bedsheet Set,Home & Kitchen,1,1443,1443,CUST-76707,App
UK-2026-102186,2026-03-12,South,Kochi,Badminton Racket Set,Sports,1,2406,2406,CUST-53285,App
UK-2026-102293,2026-04-07,North,Chandigarh,Cotton Bedsheet Set,Home & Kitchen,3,1465,4395,CUST-76993,App
UK-2026-101831,2026-03-30,East,Kolkata,Face Wash Combo,Beauty,1,450,450,CUST-67128,App
UK-2026-104181,2026-06-12,South,Chennai,Silk Saree,Fashion,1,3431,3431,CUST-76907,App
UK-2026-104333,2026-06-13,Central,Raipur,Cycling Helmet,Sports,1,1538,1538,CUST-28561,Website
UK-2026-104391,2026-06-17,South,Bengaluru,Wireless Earbuds Pro,Electronics,1,2924,2924,CUST-22343,App
UK-2026-103847,2026-05-03,Central,Indore,Foldable Treadmill T2,Sports,2,25271,50542,CUST-19698,Website
UK-2026-100585,2026-01-06,South,Bengaluru,Cotton Kurta Set,Fashion,2,1350,2700,CUST-39575,Website
UK-2026-100273,2026-01-29,North,Chandigarh,Adjustable Dumbbells 15kg,Sports,1,5214,5214,CUST-28921,App
UK-2026-102327,2026-04-22,South,Chennai,Formal Shirt,Fashion,1,1095,1095,CUST-38493,Marketplace
UK-2026-101030,2026-02-07,East,Bhubaneswar,Wireless Earbuds Pro,Electronics,1,2960,2960,CUST-84709,Website
UK-2026-102195,2026-03-21,South,Bengaluru,Formal Shirt,Fashion,1,1060,1060,CUST-28408,Website
UK-2026-103829,2026-05-07,Central,Indore,Running Sneakers,Fashion,2,2773,5546,CUST-32697,Website
UK-2026-103917,2026-05-02,North,Delhi,Modern Wall Clock,Home & Kitchen,1,838,838,CUST-96333,App
UK-2026-103825,2026-05-05,South,Chennai,Foldable Treadmill T2,Sports,1,25911,25911,CUST-95993,App
UK-2026-102361,2026-04-02,South,Kochi,Modern Wall Clock,Home & Kitchen,1,818,818,CUST-41597,Website
UK-2026-104687,2026-06-21,South,Bengaluru,Running Sneakers,Fashion,1,2691,2691,CUST-33929,Website
UK-2026-100369,2026-01-19,North,Delhi,Formal Shirt,Fashion,1,1055,1055,CUST-80144,Marketplace
UK-2026-101564,2026-03-18,Central,Nagpur,Running Sneakers,Fashion,1,2776,2776,CUST-31413,App
UK-2026-102901,2026-04-13,North,Noida,Dinner Set 24pc,Home & Kitchen,2,2463,4926,CUST-97773,Website
UK-2026-101773,2026-03-10,North,Gurugram,Cricket Bat English Willow,Sports,1,9013,9013,CUST-69662,App
UK-2026-101198,2026-02-11,Central,Bhopal,Gym Gloves,Sports,1,519,519,CUST-90783,Website
UK-2026-102272,2026-04-13,West,Ahmedabad,Football Size 5,Sports,1,862,862,CUST-54700,Marketplace
UK-2026-104074,2026-06-01,South,Bengaluru,Slim Fit Jeans,Fashion,1,1674,1674,CUST-97844,App
UK-2026-102299,2026-04-09,North,Gurugram,Face Wash Combo,Beauty,4,436,1744,CUST-45837,App
UK-2026-102119,2026-03-15,West,Mumbai,Smart Watch X2,Electronics,2,4582,9164,CUST-51965,App
UK-2026-104984,2026-06-27,South,Chennai,Modern Wall Clock,Home & Kitchen,1,829,829,CUST-51965,Marketplace
UK-2026-101019,2026-02-08,West,Pune,Leather Wallet,Fashion,3,879,2637,CUST-87291,App
UK-2026-100999,2026-02-19,West,Surat,Non-Stick Cookware Set,Home & Kitchen,1,2964,2964,CUST-46030,App
UK-2026-101046,2026-02-26,East,Kolkata,Ionic Hair Dryer,Beauty,1,1869,1869,CUST-15495,App
UK-2026-100285,2026-01-05,North,Noida,Cycling Helmet,Sports,1,1547,1547,CUST-37901,App
UK-2026-104740,2026-06-18,North,Chandigarh,Non-Stick Cookware Set,Home & Kitchen,2,2861,5722,CUST-33491,Website
UK-2026-103447,2026-05-17,North,Delhi,Robot Vacuum R7,Home & Kitchen,1,19153,19153,CUST-87396,Website
UK-2026-100069,2026-01-03,North,Noida,Running Sneakers,Fashion,1,2748,2748,CUST-73245,Marketplace
UK-2026-101474,2026-03-04,East,Guwahati,Vitamin C Serum,Beauty,1,715,715,CUST-20785,App
UK-2026-102830,2026-04-09,North,Delhi,Power Bank 20000mAh,Electronics,1,1762,1762,CUST-22825,Marketplace
UK-2026-104060,2026-06-23,Central,Nagpur,Silk Saree,Fashion,1,3335,3335,CUST-64201,Website
UK-2026-101226,2026-02-13,East,Kolkata,43-inch Smart TV,Electronics,1,25583,25583,CUST-63274,Website
UK-2026-101508,2026-03-13,North,Gurugram,Cricket Bat English Willow,Sports,1,9378,9378,CUST-78468,App
UK-2026-104465,2026-06-19,Central,Raipur,Beard Grooming Kit,Beauty,2,949,1898,CUST-21734,Marketplace
UK-2026-104136,2026-06-15,North,Gurugram,Power Bank 20000mAh,Electronics,1,1748,1748,CUST-83078,App
UK-2026-103182,2026-05-26,North,Chandigarh,Leather Wallet,Fashion,1,902,902,CUST-19267,Website
UK-2026-102640,2026-04-05,East,Bhubaneswar,Slim Fit Jeans,Fashion,1,1577,1577,CUST-76993,Website
UK-2026-104509,2026-06-14,South,Chennai,Robot Vacuum R7,Home & Kitchen,2,19050,38100,CUST-56733,Marketplace
UK-2026-103740,2026-05-10,South,Bengaluru,Yoga Mat Pro,Sports,1,1258,1258,CUST-73389,App
UK-2026-103984,2026-05-13,Central,Nagpur,Non-Stick Cookware Set,Home & Kitchen,1,2790,2790,CUST-86973,App
UK-2026-103238,2026-05-14,Central,Indore,Matte Lipstick Set,Beauty,1,865,865,CUST-97773,App
UK-2026-104622,2026-06-30,South,Chennai,Formal Shirt,Fashion,1,1054,1054,CUST-82594,Marketplace
UK-2026-101927,2026-03-30,East,Patna,Bluetooth Speaker Mini,Electronics,2,1478,2956,CUST-55302,Website
UK-2026-102679,2026-04-29,South,Chennai,Running Sneakers,Fashion,1,2819,2819,CUST-52660,Website
UK-2026-100181,2026-01-16,East,Guwahati,Ultrabook Air 14,Electronics,1,30368,30368,CUST-48557,App
UK-2026-101017,2026-02-18,South,Kochi,Mirrorless Camera Lite,Electronics,1,30400,30400,CUST-94417,Website
UK-2026-103832,2026-05-30,West,Pune,Power Bank 20000mAh,Electronics,2,1841,3682,CUST-73081,App
UK-2026-104334,2026-06-05,North,Chandigarh,Cotton Kurta Set,Fashion,1,1283,1283,CUST-56704,App
UK-2026-102358,2026-04-16,South,Bengaluru,Denim Jacket,Fashion,1,2287,2287,CUST-95050,Marketplace
UK-2026-103075,2026-04-21,North,Gurugram,Football Size 5,Sports,1,904,904,CUST-99549,App
UK-2026-103354,2026-05-07,South,Kochi,Sunscreen SPF50,Beauty,1,542,542,CUST-98491,Website
UK-2026-101575,2026-03-10,South,Hyderabad,Robot Vacuum R7,Home & Kitchen,1,18613,18613,CUST-23094,Marketplace
UK-2026-100045,2026-01-02,South,Hyderabad,Robot Vacuum R7,Home & Kitchen,2,19836,39672,CUST-75742,Website
UK-2026-100856,2026-02-09,South,Kochi,Leather Wallet,Fashion,1,924,924,CUST-86776,Website
UK-2026-104763,2026-06-06,Central,Nagpur,Power Bank 20000mAh,Electronics,3,1837,5511,CUST-34333,App
UK-2026-104057,2026-06-19,North,Chandigarh,Sunscreen SPF50,Beauty,1,570,570,CUST-98491,App
UK-2026-100055,2026-01-19,South,Bengaluru,Face Wash Combo,Beauty,1,469,469,CUST-61024,App
UK-2026-100437,2026-01-06,East,Guwahati,43-inch Smart TV,Electronics,1,25786,25786,CUST-33094,Website
UK-2026-102305,2026-04-30,West,Mumbai,Football Size 5,Sports,1,863,863,CUST-50914,Website
UK-2026-101355,2026-02-15,East,Patna,Denim Jacket,Fashion,1,2112,2112,CUST-53797,App
UK-2026-100390,2026-01-28,Central,Indore,Bluetooth Speaker Mini,Electronics,1,1470,1470,CUST-34458,App
UK-2026-102104,2026-03-14,East,Patna,Gym Gloves,Sports,1,498,498,CUST-96316,Website
UK-2026-100492,2026-01-19,North,Chandigarh,Eau de Parfum 100ml,Beauty,1,1901,1901,CUST-49087,Website
UK-2026-101188,2026-02-06,Central,Nagpur,Cricket Bat English Willow,Sports,1,9085,9085,CUST-39976,Marketplace
UK-2026-100049,2026-01-28,North,Delhi,Noise-Cancelling Headphones,Electronics,1,9043,9043,CUST-57863,Marketplace
UK-2026-100728,2026-02-17,South,Kochi,Cycling Helmet,Sports,2,1611,3222,CUST-76603,App
UK-2026-100101,2026-01-23,South,Hyderabad,43-inch Smart TV,Electronics,1,25560,25560,CUST-12658,Website
UK-2026-101441,2026-02-18,South,Kochi,Leather Wallet,Fashion,2,900,1800,CUST-86408,Marketplace
UK-2026-104895,2026-06-20,South,Chennai,Gym Gloves,Sports,1,508,508,CUST-74739,App
UK-2026-103756,2026-05-11,South,Bengaluru,Sunscreen SPF50,Beauty,1,522,522,CUST-64998,Marketplace
UK-2026-104770,2026-06-17,North,Chandigarh,Running Sneakers,Fashion,1,2751,2751,CUST-58233,App
UK-2026-103631,2026-05-02,Central,Raipur,Badminton Racket Set,Sports,1,2421,2421,CUST-66370,Marketplace
UK-2026-103521,2026-05-23,Central,Indore,Sunscreen SPF50,Beauty,1,545,545,CUST-91516,Marketplace
UK-2026-101462,2026-03-01,West,Ahmedabad,Face Wash Combo,Beauty,1,443,443,CUST-25776,App
UK-2026-103699,2026-05-04,South,Hyderabad,Robot Vacuum R7,Home & Kitchen,1,19159,19159,CUST-63937,App
UK-2026-100277,2026-01-19,East,Patna,Bluetooth Speaker Mini,Electronics,1,1554,1554,CUST-85905,Marketplace
UK-2026-100400,2026-01-11,South,Hyderabad,Yoga Mat Pro,Sports,1,1194,1194,CUST-65193,Website
UK-2026-100553,2026-01-19,North,Gurugram,Foldable Treadmill T2,Sports,2,24973,49946,CUST-16189,App
UK-2026-104303,2026-06-10,West,Ahmedabad,Smart Watch X2,Electronics,2,4691,9382,CUST-40112,App
UK-2026-103171,2026-05-31,Central,Bhopal,Ethnic Dupatta,Fashion,1,507,507,CUST-17086,App
UK-2026-104742,2026-06-05,Central,Nagpur,Silk Saree,Fashion,1,3436,3436,CUST-12258,App
UK-2026-103191,2026-05-07,South,Bengaluru,Mirrorless Camera Lite,Electronics,1,30139,30139,CUST-91970,Marketplace
UK-2026-103462,2026-05-15,South,Bengaluru,Formal Shirt,Fashion,1,1124,1124,CUST-38754,Website
UK-2026-103155,2026-05-18,East,Kolkata,Wireless Earbuds Pro,Electronics,1,3073,3073,CUST-42402,Marketplace
UK-2026-100198,2026-01-22,North,Noida,Denim Jacket,Fashion,1,2172,2172,CUST-39350,App
UK-2026-102351,2026-04-05,South,Bengaluru,Bluetooth Speaker Mini,Electronics,2,1459,2918,CUST-99831,Website
UK-2026-101133,2026-02-26,West,Ahmedabad,Foldable Treadmill T2,Sports,1,23992,23992,CUST-25895,App
UK-2026-102523,2026-04-09,South,Bengaluru,Slim Fit Jeans,Fashion,2,1535,3070,CUST-40688,Website
UK-2026-102106,2026-03-10,East,Guwahati,Ethnic Dupatta,Fashion,1,508,508,CUST-99210,Marketplace
UK-2026-102325,2026-04-26,Central,Indore,Silk Saree,Fashion,1,3417,3417,CUST-82912,Website
UK-2026-103626,2026-05-21,North,Delhi,Mirrorless Camera Lite,Electronics,1,29526,29526,CUST-94510,Marketplace
UK-2026-100563,2026-01-06,North,Delhi,Robot Vacuum R7,Home & Kitchen,1,19688,19688,CUST-28745,Website
UK-2026-104423,2026-06-06,East,Guwahati,Mirrorless Camera Lite,Electronics,2,30397,60794,CUST-25728,Website
UK-2026-102463,2026-04-27,West,Pune,Power Bank 20000mAh,Electronics,1,1781,1781,CUST-74118,App
UK-2026-102730,2026-04-10,North,Chandigarh,Gym Gloves,Sports,1,483,483,CUST-99678,App
UK-2026-102384,2026-04-13,South,Bengaluru,Yoga Mat Pro,Sports,2,1172,2344,CUST-96767,App
UK-2026-101392,2026-02-18,South,Bengaluru,Smart Watch X2,Electronics,1,4474,4474,CUST-93212,Marketplace
UK-2026-103313,2026-05-03,South,Chennai,Silk Saree,Fashion,1,3582,3582,CUST-96010,App
UK-2026-103995,2026-05-23,North,Noida,Running Sneakers,Fashion,1,2677,2677,CUST-36222,Marketplace
UK-2026-100059,2026-01-22,West,Surat,Makeup Brush Set,Beauty,1,1250,1250,CUST-22792,Website
UK-2026-102838,2026-04-03,East,Guwahati,Modern Wall Clock,Home & Kitchen,3,822,2466,CUST-39831,Marketplace
UK-2026-104590,2026-06-24,North,Gurugram,Gym Gloves,Sports,1,515,515,CUST-31729,Website
UK-2026-100529,2026-01-27,East,Kolkata,43-inch Smart TV,Electronics,2,25657,51314,CUST-97550,Marketplace
UK-2026-101451,2026-03-12,West,Ahmedabad,Face Wash Combo,Beauty,4,438,1752,CUST-51831,Website
UK-2026-102849,2026-04-21,West,Mumbai,Cycling Helmet,Sports,2,1582,3164,CUST-86928,App
UK-2026-103455,2026-05-19,Central,Bhopal,Noise-Cancelling Headphones,Electronics,2,9051,18102,CUST-54636,Website
UK-2026-100103,2026-01-13,South,Bengaluru,Smart Watch X2,Electronics,1,4415,4415,CUST-22494,Marketplace
UK-2026-100033,2026-01-14,East,Kolkata,Adjustable Dumbbells 15kg,Sports,1,5177,5177,CUST-37139,Marketplace
UK-2026-100923,2026-02-11,Central,Nagpur,Modern Wall Clock,Home & Kitchen,1,766,766,CUST-40704,App
UK-2026-103347,2026-05-03,South,Chennai,Cotton Bedsheet Set,Home & Kitchen,1,1375,1375,CUST-87649,Website
UK-2026-100358,2026-01-20,East,Guwahati,Denim Jacket,Fashion,1,2217,2217,CUST-67667,Website
UK-2026-100421,2026-01-11,Central,Bhopal,Running Sneakers,Fashion,1,2809,2809,CUST-26643,Website
UK-2026-101195,2026-02-06,East,Guwahati,Wireless Earbuds Pro,Electronics,1,2849,2849,CUST-99344,Website
UK-2026-101288,2026-02-08,Central,Raipur,Formal Shirt,Fashion,1,1067,1067,CUST-22143,App
UK-2026-103608,2026-05-01,West,Ahmedabad,Silk Saree,Fashion,1,3399,3399,CUST-85700,App
UK-2026-103478,2026-05-31,North,Chandigarh,Cotton Kurta Set,Fashion,1,1358,1358,CUST-89769,Website
UK-2026-103601,2026-05-15,North,Gurugram,Gym Gloves,Sports,3,506,1518,CUST-53359,Website
UK-2026-102457,2026-04-12,West,Ahmedabad,Ionic Hair Dryer,Beauty,1,1904,1904,CUST-76389,App
UK-2026-102930,2026-04-24,East,Guwahati,Power Bank 20000mAh,Electronics,1,1767,1767,CUST-50711,Marketplace
UK-2026-104149,2026-06-05,South,Chennai,Cotton Bedsheet Set,Home & Kitchen,1,1422,1422,CUST-22641,Marketplace
UK-2026-100005,2026-01-31,North,Chandigarh,Slim Fit Jeans,Fashion,1,1568,1568,CUST-66513,Website
UK-2026-102318,2026-04-30,South,Hyderabad,Slim Fit Jeans,Fashion,1,1622,1622,CUST-50403,Website
UK-2026-100873,2026-02-14,West,Ahmedabad,Denim Jacket,Fashion,1,2159,2159,CUST-30494,App
UK-2026-103928,2026-05-28,Central,Indore,Leather Wallet,Fashion,1,886,886,CUST-65790,App
UK-2026-104919,2026-06-11,Central,Bhopal,Wireless Earbuds Pro,Electronics,1,3131,3131,CUST-74831,App
UK-2026-104826,2026-06-08,West,Mumbai,Noise-Cancelling Headphones,Electronics,1,8629,8629,CUST-48430,Marketplace
UK-2026-101399,2026-02-04,South,Hyderabad,Mirrorless Camera Lite,Electronics,1,28412,28412,CUST-50417,Website
UK-2026-101149,2026-02-26,East,Bhubaneswar,Cotton Kurta Set,Fashion,1,1324,1324,CUST-84770,Website
UK-2026-104379,2026-06-08,North,Noida,Matte Lipstick Set,Beauty,1,865,865,CUST-86280,Website
UK-2026-100169,2026-01-07,East,Bhubaneswar,Gym Gloves,Sports,1,494,494,CUST-12158,Website
UK-2026-103121,2026-05-09,Central,Indore,Bluetooth Speaker Mini,Electronics,1,1482,1482,CUST-27810,Marketplace
UK-2026-102739,2026-04-19,East,Bhubaneswar,Dinner Set 24pc,Home & Kitchen,1,2484,2484,CUST-86540,Website
UK-2026-104905,2026-06-30,West,Ahmedabad,Robot Vacuum R7,Home & Kitchen,3,19718,59154,CUST-18435,App
UK-2026-104525,2026-06-27,West,Pune,Running Sneakers,Fashion,1,2802,2802,CUST-47220,Website
UK-2026-100199,2026-01-09,North,Chandigarh,Mixer Grinder 750W,Home & Kitchen,1,3353,3353,CUST-80323,Website
UK-2026-104063,2026-06-26,South,Hyderabad,Slim Fit Jeans,Fashion,2,1609,3218,CUST-94320,Website
UK-2026-102335,2026-04-23,South,Bengaluru,Cycling Helmet,Sports,1,1658,1658,CUST-63759,App
UK-2026-100697,2026-01-08,South,Hyderabad,Power Bank 20000mAh,Electronics,1,1820,1820,CUST-28866,Website
UK-2026-102208,2026-03-10,South,Hyderabad,Ethnic Dupatta,Fashion,1,514,514,CUST-13211,App
UK-2026-101519,2026-03-22,North,Delhi,Power Bank 20000mAh,Electronics,2,1747,3494,CUST-55028,App
UK-2026-100249,2026-01-01,South,Chennai,Cotton Bedsheet Set,Home & Kitchen,1,1419,1419,CUST-94549,Marketplace
UK-2026-102931,2026-04-19,Central,Nagpur,Mirrorless Camera Lite,Electronics,2,29552,59104,CUST-98118,App
UK-2026-102937,2026-04-05,South,Kochi,Matte Lipstick Set,Beauty,1,899,899,CUST-74831,App
UK-2026-101596,2026-03-29,West,Mumbai,Formal Shirt,Fashion,1,1066,1066,CUST-41300,App
UK-2026-104616,2026-06-12,South,Hyderabad,Sunscreen SPF50,Beauty,2,549,1098,CUST-35746,Website
UK-2026-100901,2026-02-22,North,Noida,Leather Wallet,Fashion,1,863,863,CUST-80176,Marketplace
UK-2026-102370,2026-04-02,East,Bhubaneswar,Wireless Earbuds Pro,Electronics,1,3054,3054,CUST-68434,Marketplace
UK-2026-102740,2026-04-15,North,Chandigarh,Dinner Set 24pc,Home & Kitchen,1,2570,2570,CUST-95944,Website
UK-2026-104970,2026-06-30,East,Bhubaneswar,Running Sneakers,Fashion,1,2740,2740,CUST-59939,Marketplace
UK-2026-100808,2026-02-14,North,Chandigarh,Slim Fit Jeans,Fashion,1,1607,1607,CUST-18839,App
UK-2026-100660,2026-01-27,North,Chandigarh,Non-Stick Cookware Set,Home & Kitchen,1,2889,2889,CUST-37426,App
UK-2026-100219,2026-01-04,North,Delhi,Cotton Kurta Set,Fashion,1,1246,1246,CUST-66517,Website
UK-2026-101031,2026-02-10,North,Chandigarh,Air Fryer 5L,Home & Kitchen,1,5559,5559,CUST-50017,App
UK-2026-103115,2026-05-05,North,Delhi,Cotton Bedsheet Set,Home & Kitchen,2,1336,2672,CUST-15127,Website
UK-2026-100139,2026-01-28,East,Kolkata,Running Sneakers,Fashion,1,2683,2683,CUST-17431,Website
UK-2026-100537,2026-01-25,South,Hyderabad,Formal Shirt,Fashion,1,1124,1124,CUST-24572,App
UK-2026-102348,2026-04-18,North,Chandigarh,Modern Wall Clock,Home & Kitchen,1,792,792,CUST-28595,App
UK-2026-102132,2026-03-28,South,Hyderabad,Gym Gloves,Sports,1,481,481,CUST-95759,Marketplace
UK-2026-100864,2026-02-11,North,Delhi,Bluetooth Speaker Mini,Electronics,3,1493,4479,CUST-49828,App
UK-2026-100677,2026-01-07,West,Surat,Beard Grooming Kit,Beauty,2,958,1916,CUST-80471,Website
UK-2026-100372,2026-01-06,North,Gurugram,Mixer Grinder 750W,Home & Kitchen,1,3361,3361,CUST-96982,Website
UK-2026-100486,2026-01-27,East,Bhubaneswar,Ionic Hair Dryer,Beauty,2,1939,3878,CUST-74182,Website
UK-2026-100913,2026-02-08,South,Hyderabad,Face Wash Combo,Beauty,1,441,441,CUST-67862,App
UK-2026-101717,2026-03-13,North,Noida,Dinner Set 24pc,Home & Kitchen,1,2398,2398,CUST-69220,Website
UK-2026-101103,2026-02-20,South,Chennai,Power Bank 20000mAh,Electronics,1,1881,1881,CUST-75742,Marketplace
UK-2026-101498,2026-03-02,West,Mumbai,Noise-Cancelling Headphones,Electronics,1,8919,8919,CUST-72653,App
UK-2026-103524,2026-05-11,North,Noida,Yoga Mat Pro,Sports,4,1187,4748,CUST-80441,Marketplace
UK-2026-101821,2026-03-02,North,Delhi,Slim Fit Jeans,Fashion,1,1602,1602,CUST-22429,App
UK-2026-100823,2026-02-04,East,Patna,Mixer Grinder 750W,Home & Kitchen,1,3313,3313,CUST-80683,Website
UK-2026-102189,2026-03-28,East,Patna,Gym Gloves,Sports,1,484,484,CUST-37487,Website
UK-2026-103007,2026-04-11,South,Chennai,Beard Grooming Kit,Beauty,4,1008,4032,CUST-29953,Marketplace
UK-2026-104978,2026-06-11,South,Chennai,Gym Gloves,Sports,1,487,487,CUST-94549,Website
UK-2026-101901,2026-03-05,West,Pune,Running Sneakers,Fashion,2,2918,5836,CUST-34333,Marketplace
UK-2026-100604,2026-01-05,East,Patna,Dinner Set 24pc,Home & Kitchen,1,2531,2531,CUST-85619,Website
UK-2026-100723,2026-02-11,East,Patna,Face Wash Combo,Beauty,1,437,437,CUST-36222,Marketplace
UK-2026-102525,2026-04-08,Central,Bhopal,Adjustable Dumbbells 15kg,Sports,1,4798,4798,CUST-23322,App
UK-2026-101321,2026-02-07,Central,Raipur,Silk Saree,Fashion,2,3629,7258,CUST-64496,App
UK-2026-103577,2026-05-26,South,Hyderabad,Bluetooth Speaker Mini,Electronics,1,1569,1569,CUST-91442,App
UK-2026-104757,2026-06-06,South,Bengaluru,Football Size 5,Sports,1,872,872,CUST-99549,App
UK-2026-102061,2026-03-03,South,Chennai,Cotton Kurta Set,Fashion,1,1286,1286,CUST-98946,App
UK-2026-100614,2026-01-29,South,Chennai,Makeup Brush Set,Beauty,1,1237,1237,CUST-40054,Website
UK-2026-100485,2026-01-11,South,Chennai,Dinner Set 24pc,Home & Kitchen,1,2411,2411,CUST-13347,App
UK-2026-101538,2026-03-16,North,Delhi,Ultrabook Air 14,Electronics,3,30509,91527,CUST-35015,Marketplace
UK-2026-104369,2026-06-05,North,Noida,Beard Grooming Kit,Beauty,2,1041,2082,CUST-91240,Marketplace
UK-2026-102607,2026-04-22,Central,Bhopal,Cricket Bat English Willow,Sports,1,8842,8842,CUST-49087,App
UK-2026-102133,2026-03-16,North,Noida,Power Bank 20000mAh,Electronics,1,1730,1730,CUST-10247,Marketplace
UK-2026-100898,2026-02-15,South,Kochi,Ultrabook Air 14,Electronics,3,31443,94329,CUST-73683,Marketplace
UK-2026-104885,2026-06-08,North,Gurugram,Slim Fit Jeans,Fashion,1,1676,1676,CUST-31104,Website
UK-2026-104624,2026-06-19,South,Hyderabad,Ultrabook Air 14,Electronics,3,29406,88218,CUST-72862,Website
UK-2026-101131,2026-02-09,South,Chennai,Dinner Set 24pc,Home & Kitchen,1,2438,2438,CUST-45648,Marketplace
UK-2026-104516,2026-06-03,North,Delhi,Slim Fit Jeans,Fashion,1,1566,1566,CUST-93658,App
UK-2026-101216,2026-02-22,West,Ahmedabad,Football Size 5,Sports,1,924,924,CUST-94887,Website
UK-2026-103970,2026-05-31,West,Surat,Robot Vacuum R7,Home & Kitchen,2,18205,36410,CUST-19698,Website
UK-2026-100185,2026-01-31,North,Gurugram,Power Bank 20000mAh,Electronics,2,1809,3618,CUST-41313,App
UK-2026-100603,2026-01-21,South,Kochi,Air Fryer 5L,Home & Kitchen,1,5511,5511,CUST-91431,Website
UK-2026-103275,2026-05-31,South,Bengaluru,Mirrorless Camera Lite,Electronics,1,30004,30004,CUST-51901,Marketplace
UK-2026-101919,2026-03-21,West,Surat,Badminton Racket Set,Sports,1,2561,2561,CUST-62582,Website
UK-2026-100647,2026-01-20,West,Pune,Ethnic Dupatta,Fashion,1,488,488,CUST-10431,App
UK-2026-103697,2026-05-16,Central,Indore,Robot Vacuum R7,Home & Kitchen,1,18173,18173,CUST-93869,Website
UK-2026-102990,2026-04-08,South,Bengaluru,Smart Watch X2,Electronics,1,4544,4544,CUST-44163,Website
UK-2026-104697,2026-06-25,Central,Bhopal,Cotton Kurta Set,Fashion,1,1284,1284,CUST-54189,Website
UK-2026-101085,2026-02-16,West,Mumbai,Leather Wallet,Fashion,1,911,911,CUST-71969,App
UK-2026-103251,2026-05-18,South,Kochi,Wireless Earbuds Pro,Electronics,1,3085,3085,CUST-54964,App
UK-2026-100424,2026-01-01,South,Bengaluru,Football Size 5,Sports,1,876,876,CUST-94101,Website
UK-2026-100054,2026-01-26,East,Patna,Dinner Set 24pc,Home & Kitchen,1,2454,2454,CUST-43887,Website
UK-2026-102229,2026-03-01,South,Bengaluru,Silk Saree,Fashion,1,3405,3405,CUST-66055,Website
UK-2026-100792,2026-02-19,North,Noida,Electric Kettle 1.5L,Home & Kitchen,1,1079,1079,CUST-53253,App
UK-2026-103580,2026-05-01,North,Chandigarh,Smart Watch X2,Electronics,1,4614,4614,CUST-97038,Website
UK-2026-102231,2026-03-31,East,Bhubaneswar,Bluetooth Speaker Mini,Electronics,1,1435,1435,CUST-41876,App
UK-2026-103318,2026-05-14,North,Gurugram,Cycling Helmet,Sports,1,1656,1656,CUST-31875,App
UK-2026-102352,2026-04-07,South,Hyderabad,Ionic Hair Dryer,Beauty,1,1940,1940,CUST-66090,Website
UK-2026-104446,2026-06-23,West,Mumbai,Non-Stick Cookware Set,Home & Kitchen,1,2840,2840,CUST-76873,Marketplace
UK-2026-102580,2026-04-20,West,Surat,Cricket Bat English Willow,Sports,1,8941,8941,CUST-19698,App
UK-2026-103493,2026-05-28,North,Gurugram,Wireless Earbuds Pro,Electronics,1,3142,3142,CUST-67667,Website
UK-2026-101201,2026-02-22,Central,Bhopal,Electric Kettle 1.5L,Home & Kitchen,1,1122,1122,CUST-38764,Website
UK-2026-103372,2026-05-20,Central,Indore,Leather Wallet,Fashion,1,864,864,CUST-60456,App
UK-2026-102022,2026-03-22,East,Patna,Silk Saree,Fashion,1,3486,3486,CUST-25728,App
UK-2026-101536,2026-03-25,West,Mumbai,Cotton Kurta Set,Fashion,1,1296,1296,CUST-85181,App
UK-2026-101428,2026-02-06,North,Delhi,Electric Kettle 1.5L,Home & Kitchen,2,1118,2236,CUST-98185,Marketplace
UK-2026-103167,2026-05-13,South,Hyderabad,Football Size 5,Sports,1,892,892,CUST-24772,App
UK-2026-102144,2026-03-29,Central,Bhopal,Silk Saree,Fashion,1,3502,3502,CUST-91240,App
UK-2026-104883,2026-06-20,Central,Raipur,Adjustable Dumbbells 15kg,Sports,3,4844,14532,CUST-37808,Website
UK-2026-104619,2026-06-21,South,Chennai,Wireless Earbuds Pro,Electronics,2,2957,5914,CUST-53797,App
UK-2026-101734,2026-03-08,North,Chandigarh,Ultrabook Air 14,Electronics,2,30594,61188,CUST-97869,Website
UK-2026-100121,2026-01-09,East,Guwahati,Formal Shirt,Fashion,1,1135,1135,CUST-24572,App
UK-2026-101951,2026-03-16,West,Surat,Football Size 5,Sports,2,884,1768,CUST-20542,App
UK-2026-102591,2026-04-27,South,Hyderabad,Yoga Mat Pro,Sports,2,1166,2332,CUST-67830,Website
UK-2026-101419,2026-02-10,East,Patna,Denim Jacket,Fashion,2,2104,4208,CUST-49114,App
UK-2026-100098,2026-01-08,North,Noida,Robot Vacuum R7,Home & Kitchen,1,19088,19088,CUST-53566,Website
UK-2026-104392,2026-06-21,South,Bengaluru,Eau de Parfum 100ml,Beauty,1,2083,2083,CUST-99678,Website
UK-2026-102401,2026-04-13,East,Bhubaneswar,Wireless Earbuds Pro,Electronics,1,3124,3124,CUST-55788,Marketplace
UK-2026-103150,2026-05-24,South,Chennai,Ultrabook Air 14,Electronics,2,28970,57940,CUST-38207,App
UK-2026-103589,2026-05-24,South,Hyderabad,Silk Saree,Fashion,1,3637,3637,CUST-99679,App
UK-2026-102285,2026-04-03,West,Mumbai,Modern Wall Clock,Home & Kitchen,2,819,1638,CUST-95988,Website
UK-2026-104288,2026-06-15,West,Surat,Ionic Hair Dryer,Beauty,3,1874,5622,CUST-95292,Marketplace
UK-2026-101712,2026-03-04,South,Bengaluru,Beard Grooming Kit,Beauty,3,1014,3042,CUST-27486,App
UK-2026-102461,2026-04-11,South,Chennai,Vitamin C Serum,Beauty,1,707,707,CUST-47758,App
UK-2026-103119,2026-05-14,North,Gurugram,Football Size 5,Sports,4,880,3520,CUST-55302,Website
UK-2026-101586,2026-03-03,South,Kochi,Badminton Racket Set,Sports,1,2554,2554,CUST-43853,App
UK-2026-101360,2026-02-22,South,Bengaluru,Electric Kettle 1.5L,Home & Kitchen,2,1122,2244,CUST-28595,Website
UK-2026-103391,2026-05-17,East,Bhubaneswar,Vitamin C Serum,Beauty,1,718,718,CUST-52660,App
UK-2026-100391,2026-01-18,North,Noida,43-inch Smart TV,Electronics,1,25846,25846,CUST-22122,Marketplace
UK-2026-101096,2026-02-01,South,Kochi,Mirrorless Camera Lite,Electronics,3,27992,83976,CUST-78935,Marketplace
UK-2026-100455,2026-01-31,Central,Nagpur,Dinner Set 24pc,Home & Kitchen,2,2382,4764,CUST-62860,Website
UK-2026-104015,2026-05-09,South,Bengaluru,Smart Watch X2,Electronics,1,4353,4353,CUST-91516,Website
UK-2026-104159,2026-06-16,West,Pune,Football Size 5,Sports,1,879,879,CUST-34280,Marketplace
UK-2026-104767,2026-06-03,North,Delhi,43-inch Smart TV,Electronics,1,26787,26787,CUST-99607,App
UK-2026-104991,2026-06-04,Central,Nagpur,Mixer Grinder 750W,Home & Kitchen,1,3300,3300,CUST-15355,Marketplace
UK-2026-101778,2026-03-29,Central,Bhopal,Eau de Parfum 100ml,Beauty,2,1961,3922,CUST-77320,App
UK-2026-103926,2026-05-29,North,Noida,Ethnic Dupatta,Fashion,1,475,475,CUST-76111,App
UK-2026-103204,2026-05-25,West,Mumbai,Eau de Parfum 100ml,Beauty,4,1978,7912,CUST-29578,Website
UK-2026-100806,2026-02-23,East,Kolkata,43-inch Smart TV,Electronics,1,27118,27118,CUST-31463,App
UK-2026-104559,2026-06-02,West,Surat,Yoga Mat Pro,Sports,1,1243,1243,CUST-37617,Website
UK-2026-103431,2026-05-13,West,Ahmedabad,Running Sneakers,Fashion,1,2901,2901,CUST-33353,Website
UK-2026-101488,2026-03-21,East,Bhubaneswar,Slim Fit Jeans,Fashion,1,1609,1609,CUST-95033,App
UK-2026-104386,2026-06-08,East,Guwahati,Adjustable Dumbbells 15kg,Sports,1,4831,4831,CUST-73808,App
UK-2026-103757,2026-05-10,South,Bengaluru,Beard Grooming Kit,Beauty,1,957,957,CUST-86140,Website
UK-2026-104197,2026-06-05,West,Surat,Cotton Kurta Set,Fashion,2,1298,2596,CUST-95050,App
UK-2026-101317,2026-02-18,Central,Bhopal,Non-Stick Cookware Set,Home & Kitchen,1,2958,2958,CUST-15027,App
UK-2026-101520,2026-03-27,West,Pune,Leather Wallet,Fashion,1,914,914,CUST-35089,Marketplace
UK-2026-100965,2026-02-09,West,Ahmedabad,Cricket Bat English Willow,Sports,1,8785,8785,CUST-53473,Website
UK-2026-101291,2026-02-28,West,Pune,Vitamin C Serum,Beauty,2,668,1336,CUST-17418,App
UK-2026-103882,2026-05-10,South,Bengaluru,Ethnic Dupatta,Fashion,2,497,994,CUST-13898,App
UK-2026-102947,2026-04-24,West,Pune,Ethnic Dupatta,Fashion,2,484,968,CUST-95944,Marketplace
UK-2026-104766,2026-06-11,Central,Indore,Noise-Cancelling Headphones,Electronics,2,9412,18824,CUST-28153,Marketplace
UK-2026-104773,2026-06-23,East,Bhubaneswar,Mixer Grinder 750W,Home & Kitchen,1,3335,3335,CUST-69095,Website
UK-2026-101110,2026-02-11,West,Surat,Denim Jacket,Fashion,1,2133,2133,CUST-26682,Website
UK-2026-104573,2026-06-26,South,Chennai,Smart Watch X2,Electronics,1,4607,4607,CUST-48996,Website
UK-2026-100895,2026-02-03,North,Noida,Electric Kettle 1.5L,Home & Kitchen,2,1118,2236,CUST-77071,App
UK-2026-101567,2026-03-02,Central,Bhopal,Matte Lipstick Set,Beauty,1,854,854,CUST-69999,App
UK-2026-100419,2026-01-15,West,Surat,Air Fryer 5L,Home & Kitchen,1,5752,5752,CUST-78729,Website
UK-2026-101746,2026-03-03,West,Surat,Ultrabook Air 14,Electronics,1,30875,30875,CUST-40238,App
UK-2026-104131,2026-06-25,North,Delhi,Air Fryer 5L,Home & Kitchen,2,5639,11278,CUST-19335,Marketplace
UK-2026-103464,2026-05-11,West,Mumbai,Makeup Brush Set,Beauty,1,1298,1298,CUST-85218,Website
UK-2026-100066,2026-01-03,South,Hyderabad,Noise-Cancelling Headphones,Electronics,1,8983,8983,CUST-97675,Website
UK-2026-101200,2026-02-25,South,Kochi,Sunscreen SPF50,Beauty,1,574,574,CUST-30255,Website
UK-2026-103012,2026-04-05,West,Pune,Ultrabook Air 14,Electronics,2,29118,58236,CUST-25044,Marketplace
UK-2026-100355,2026-01-22,North,Gurugram,Modern Wall Clock,Home & Kitchen,1,785,785,CUST-29752,Website
UK-2026-102977,2026-04-01,East,Patna,Dinner Set 24pc,Home & Kitchen,1,2580,2580,CUST-97038,Website
UK-2026-104442,2026-06-18,East,Kolkata,Noise-Cancelling Headphones,Electronics,2,9283,18566,CUST-75346,App
UK-2026-102898,2026-04-17,West,Pune,Eau de Parfum 100ml,Beauty,1,1993,1993,CUST-69999,Website
UK-2026-100041,2026-01-07,North,Delhi,Denim Jacket,Fashion,2,2279,4558,CUST-91956,App
UK-2026-103437,2026-05-08,South,Chennai,Electric Kettle 1.5L,Home & Kitchen,1,1110,1110,CUST-87708,App
UK-2026-102514,2026-04-24,East,Kolkata,Cotton Kurta Set,Fashion,2,1245,2490,CUST-14282,Website
UK-2026-103202,2026-05-13,West,Ahmedabad,Cycling Helmet,Sports,2,1568,3136,CUST-69999,App
UK-2026-103849,2026-05-30,East,Patna,Ultrabook Air 14,Electronics,2,30753,61506,CUST-20500,Marketplace
UK-2026-100632,2026-01-22,Central,Nagpur,Leather Wallet,Fashion,1,941,941,CUST-68000,App
UK-2026-102693,2026-04-13,West,Ahmedabad,Noise-Cancelling Headphones,Electronics,1,9202,9202,CUST-81932,Website
UK-2026-100118,2026-01-04,North,Chandigarh,Mixer Grinder 750W,Home & Kitchen,2,3283,6566,CUST-86527,Website
UK-2026-104635,2026-06-07,East,Bhubaneswar,Noise-Cancelling Headphones,Electronics,1,9397,9397,CUST-24799,App
UK-2026-101293,2026-02-11,Central,Indore,Dinner Set 24pc,Home & Kitchen,2,2610,5220,CUST-37050,Marketplace
UK-2026-103632,2026-05-28,South,Hyderabad,Bluetooth Speaker Mini,Electronics,1,1534,1534,CUST-58440,Marketplace
UK-2026-100984,2026-02-21,North,Gurugram,Badminton Racket Set,Sports,1,2531,2531,CUST-67862,App
UK-2026-104896,2026-06-23,West,Ahmedabad,Denim Jacket,Fashion,1,2265,2265,CUST-30222,Website
UK-2026-101793,2026-03-01,East,Bhubaneswar,Cotton Kurta Set,Fashion,2,1312,2624,CUST-60563,App
UK-2026-102714,2026-04-05,South,Chennai,Electric Kettle 1.5L,Home & Kitchen,1,1142,1142,CUST-79168,Marketplace
UK-2026-102921,2026-04-28,North,Gurugram,Power Bank 20000mAh,Electronics,1,1728,1728,CUST-76369,Marketplace
UK-2026-101409,2026-02-09,South,Bengaluru,Modern Wall Clock,Home & Kitchen,2,830,1660,CUST-16652,Marketplace
UK-2026-102987,2026-04-20,North,Noida,Mixer Grinder 750W,Home & Kitchen,1,3362,3362,CUST-90568,Marketplace
UK-2026-100327,2026-01-29,West,Surat,Bluetooth Speaker Mini,Electronics,1,1521,1521,CUST-84861,Website
UK-2026-104053,2026-06-30,North,Gurugram,Air Fryer 5L,Home & Kitchen,1,5509,5509,CUST-68905,Website
UK-2026-100639,2026-01-12,West,Surat,Sunscreen SPF50,Beauty,1,547,547,CUST-64507,App
UK-2026-100909,2026-02-20,West,Mumbai,Slim Fit Jeans,Fashion,2,1554,3108,CUST-18790,App
UK-2026-102074,2026-03-18,West,Pune,Modern Wall Clock,Home & Kitchen,1,768,768,CUST-45853,Website
UK-2026-104143,2026-06-04,West,Pune,43-inch Smart TV,Electronics,4,26775,107100,CUST-79581,Marketplace
UK-2026-102926,2026-04-23,North,Delhi,43-inch Smart TV,Electronics,3,24846,74538,CUST-25915,App
UK-2026-100386,2026-01-19,Central,Bhopal,Ionic Hair Dryer,Beauty,1,1827,1827,CUST-26782,Website
UK-2026-103515,2026-05-28,North,Gurugram,Robot Vacuum R7,Home & Kitchen,1,18083,18083,CUST-22941,App
UK-2026-103525,2026-05-18,Central,Nagpur,Non-Stick Cookware Set,Home & Kitchen,2,2814,5628,CUST-29838,Marketplace
UK-2026-101584,2026-03-09,West,Pune,Football Size 5,Sports,1,932,932,CUST-74477,App
UK-2026-100926,2026-02-26,East,Kolkata,Mixer Grinder 750W,Home & Kitchen,1,3282,3282,CUST-27934,App
UK-2026-101289,2026-02-13,South,Chennai,Formal Shirt,Fashion,1,1150,1150,CUST-81665,App
UK-2026-103772,2026-05-27,North,Gurugram,Power Bank 20000mAh,Electronics,1,1736,1736,CUST-13347,App
UK-2026-102768,2026-04-23,South,Bengaluru,Smart Watch X2,Electronics,3,4425,13275,CUST-95935,Website
UK-2026-103543,2026-05-28,West,Ahmedabad,Noise-Cancelling Headphones,Electronics,1,8862,8862,CUST-88117,App
UK-2026-103963,2026-05-23,West,Mumbai,43-inch Smart TV,Electronics,1,27271,27271,CUST-51163,Marketplace
UK-2026-104722,2026-06-19,South,Bengaluru,Ultrabook Air 14,Electronics,4,31285,125140,CUST-38288,App
UK-2026-102215,2026-03-12,South,Chennai,Mixer Grinder 750W,Home & Kitchen,1,3370,3370,CUST-41019,App
UK-2026-101912,2026-03-02,North,Gurugram,Running Sneakers,Fashion,1,2889,2889,CUST-52292,App
UK-2026-101493,2026-03-13,West,Ahmedabad,Bluetooth Speaker Mini,Electronics,1,1515,1515,CUST-40405,Marketplace
UK-2026-104119,2026-06-12,East,Bhubaneswar,Ultrabook Air 14,Electronics,1,31415,31415,CUST-76873,Marketplace
UK-2026-102168,2026-03-23,East,Patna,Non-Stick Cookware Set,Home & Kitchen,1,2875,2875,CUST-45536,App
UK-2026-104145,2026-06-18,East,Guwahati,Robot Vacuum R7,Home & Kitchen,1,18222,18222,CUST-39497,Website
UK-2026-101315,2026-02-16,East,Kolkata,Ethnic Dupatta,Fashion,1,484,484,CUST-13511,App
UK-2026-100107,2026-01-08,West,Surat,Matte Lipstick Set,Beauty,4,899,3596,CUST-51853,App
UK-2026-102727,2026-04-25,North,Delhi,Wireless Earbuds Pro,Electronics,1,3026,3026,CUST-88180,Website
UK-2026-103684,2026-05-03,West,Mumbai,Eau de Parfum 100ml,Beauty,1,1980,1980,CUST-52014,App
UK-2026-101588,2026-03-25,East,Kolkata,Vitamin C Serum,Beauty,4,726,2904,CUST-47729,Website
UK-2026-104996,2026-06-24,East,Guwahati,Face Wash Combo,Beauty,1,437,437,CUST-41363,Website
UK-2026-101141,2026-02-18,West,Pune,Power Bank 20000mAh,Electronics,1,1734,1734,CUST-52359,Marketplace
UK-2026-103823,2026-05-22,South,Chennai,Leather Wallet,Fashion,1,933,933,CUST-94196,App
UK-2026-100544,2026-01-01,South,Hyderabad,Noise-Cancelling Headphones,Electronics,2,9394,18788,CUST-72862,App
UK-2026-100612,2026-01-24,Central,Nagpur,Non-Stick Cookware Set,Home & Kitchen,1,2780,2780,CUST-40805,Website
UK-2026-100443,2026-01-23,East,Guwahati,Face Wash Combo,Beauty,2,453,906,CUST-11537,Website
UK-2026-104641,2026-06-06,West,Ahmedabad,Yoga Mat Pro,Sports,1,1167,1167,CUST-15910,Website
UK-2026-103584,2026-05-31,Central,Bhopal,Yoga Mat Pro,Sports,1,1190,1190,CUST-32460,Website
UK-2026-100807,2026-02-18,South,Bengaluru,Ultrabook Air 14,Electronics,1,29887,29887,CUST-84931,Website
UK-2026-102421,2026-04-08,West,Mumbai,Non-Stick Cookware Set,Home & Kitchen,1,3007,3007,CUST-12424,App
UK-2026-101458,2026-03-01,South,Hyderabad,Gym Gloves,Sports,1,499,499,CUST-25705,Marketplace
UK-2026-104579,2026-06-29,East,Patna,Beard Grooming Kit,Beauty,1,1038,1038,CUST-76457,App
UK-2026-101077,2026-02-21,West,Surat,Wireless Earbuds Pro,Electronics,1,2882,2882,CUST-83263,App
UK-2026-102546,2026-04-02,East,Bhubaneswar,Slim Fit Jeans,Fashion,1,1635,1635,CUST-65023,App
UK-2026-103427,2026-05-31,East,Bhubaneswar,Leather Wallet,Fashion,2,881,1762,CUST-70115,App
UK-2026-103068,2026-04-23,North,Delhi,Running Sneakers,Fashion,1,2666,2666,CUST-60162,Website
UK-2026-101160,2026-02-09,West,Mumbai,Power Bank 20000mAh,Electronics,1,1751,1751,CUST-69220,App
UK-2026-100353,2026-01-16,South,Bengaluru,Silk Saree,Fashion,1,3639,3639,CUST-58472,Website
UK-2026-100961,2026-02-18,East,Guwahati,Smart Watch X2,Electronics,1,4284,4284,CUST-35572,Website
UK-2026-103307,2026-05-21,West,Surat,Power Bank 20000mAh,Electronics,1,1784,1784,CUST-22824,Marketplace
UK-2026-102720,2026-04-16,West,Surat,Cricket Bat English Willow,Sports,1,8577,8577,CUST-82894,App
UK-2026-103107,2026-05-17,North,Delhi,Denim Jacket,Fashion,1,2247,2247,CUST-28806,App
UK-2026-102924,2026-04-11,North,Delhi,Smart Watch X2,Electronics,1,4491,4491,CUST-71707,App
UK-2026-104000,2026-05-21,East,Kolkata,Leather Wallet,Fashion,1,916,916,CUST-21530,App
UK-2026-101630,2026-03-05,South,Kochi,Sunscreen SPF50,Beauty,2,555,1110,CUST-80078,App
UK-2026-103154,2026-05-08,West,Pune,Foldable Treadmill T2,Sports,2,26240,52480,CUST-94887,App
UK-2026-104047,2026-06-01,South,Kochi,Air Fryer 5L,Home & Kitchen,1,5626,5626,CUST-55077,Website
UK-2026-100178,2026-01-18,South,Hyderabad,Sunscreen SPF50,Beauty,1,563,563,CUST-30255,App
UK-2026-101616,2026-03-12,East,Kolkata,Matte Lipstick Set,Beauty,1,903,903,CUST-94172,App
UK-2026-104227,2026-06-17,West,Ahmedabad,Mirrorless Camera Lite,Electronics,2,29437,58874,CUST-95941,App
UK-2026-104972,2026-06-30,South,Chennai,Sunscreen SPF50,Beauty,1,539,539,CUST-39918,Website
UK-2026-103563,2026-05-04,West,Surat,Gym Gloves,Sports,1,503,503,CUST-47578,App
UK-2026-101376,2026-02-05,South,Chennai,Matte Lipstick Set,Beauty,1,911,911,CUST-12825,App
UK-2026-103526,2026-05-31,South,Hyderabad,Silk Saree,Fashion,2,3413,6826,CUST-80067,Marketplace
UK-2026-100140,2026-01-18,South,Bengaluru,Silk Saree,Fashion,2,3446,6892,CUST-17479,Website
UK-2026-101710,2026-03-09,North,Gurugram,Electric Kettle 1.5L,Home & Kitchen,1,1114,1114,CUST-47046,Website
UK-2026-103326,2026-05-10,Central,Indore,Modern Wall Clock,Home & Kitchen,2,792,1584,CUST-97832,Website
UK-2026-103149,2026-05-11,North,Gurugram,Slim Fit Jeans,Fashion,1,1524,1524,CUST-41313,Website
UK-2026-102345,2026-04-13,East,Guwahati,Wireless Earbuds Pro,Electronics,2,3104,6208,CUST-29578,App
UK-2026-100877,2026-02-19,West,Mumbai,Cotton Kurta Set,Fashion,1,1352,1352,CUST-35080,App
UK-2026-104776,2026-06-10,Central,Bhopal,Silk Saree,Fashion,2,3536,7072,CUST-84469,App
UK-2026-103744,2026-05-06,Central,Bhopal,Formal Shirt,Fashion,1,1149,1149,CUST-73746,Website
UK-2026-103300,2026-05-09,Central,Bhopal,Leather Wallet,Fashion,2,859,1718,CUST-52889,App
UK-2026-102811,2026-04-05,South,Bengaluru,Matte Lipstick Set,Beauty,1,895,895,CUST-17203,App
UK-2026-100028,2026-01-25,South,Kochi,Electric Kettle 1.5L,Home & Kitchen,1,1147,1147,CUST-56738,App
UK-2026-103125,2026-05-01,Central,Bhopal,Cricket Bat English Willow,Sports,1,8612,8612,CUST-95704,Marketplace
UK-2026-100736,2026-02-25,West,Mumbai,Beard Grooming Kit,Beauty,1,987,987,CUST-69505,App
UK-2026-102446,2026-04-04,North,Gurugram,Running Sneakers,Fashion,1,2858,2858,CUST-71522,App
UK-2026-104961,2026-06-24,West,Mumbai,Cycling Helmet,Sports,1,1535,1535,CUST-89375,App
UK-2026-104239,2026-06-30,North,Gurugram,43-inch Smart TV,Electronics,2,26167,52334,CUST-79353,App
UK-2026-101278,2026-02-24,North,Delhi,Denim Jacket,Fashion,1,2112,2112,CUST-87005,Website
UK-2026-100582,2026-01-23,North,Gurugram,Vitamin C Serum,Beauty,1,699,699,CUST-72856,Website
UK-2026-102146,2026-03-22,Central,Raipur,Sunscreen SPF50,Beauty,3,543,1629,CUST-99858,App
UK-2026-103683,2026-05-13,Central,Nagpur,43-inch Smart TV,Electronics,1,26649,26649,CUST-48111,Website
UK-2026-102265,2026-04-01,East,Patna,Ethnic Dupatta,Fashion,1,504,504,CUST-11951,Website
UK-2026-102843,2026-04-07,West,Pune,Bluetooth Speaker Mini,Electronics,1,1528,1528,CUST-45943,Marketplace
UK-2026-101629,2026-03-29,Central,Raipur,Gym Gloves,Sports,2,488,976,CUST-27562,Website
UK-2026-104183,2026-06-13,North,Noida,Badminton Racket Set,Sports,1,2514,2514,CUST-89375,Website
UK-2026-101310,2026-02-26,West,Mumbai,Silk Saree,Fashion,1,3332,3332,CUST-98775,App
UK-2026-101108,2026-02-03,South,Bengaluru,Cycling Helmet,Sports,1,1576,1576,CUST-62994,App
UK-2026-100458,2026-01-30,North,Noida,Makeup Brush Set,Beauty,1,1290,1290,CUST-75248,Website
UK-2026-104601,2026-06-23,East,Patna,Modern Wall Clock,Home & Kitchen,1,825,825,CUST-48544,App
UK-2026-103527,2026-05-12,South,Hyderabad,Eau de Parfum 100ml,Beauty,1,2069,2069,CUST-88949,App
UK-2026-102626,2026-04-12,Central,Raipur,Robot Vacuum R7,Home & Kitchen,2,19675,39350,CUST-25773,App
UK-2026-103460,2026-05-25,Central,Indore,Dinner Set 24pc,Home & Kitchen,1,2376,2376,CUST-53848,Website
UK-2026-103947,2026-05-12,Central,Nagpur,Smart Watch X2,Electronics,1,4470,4470,CUST-38149,App
UK-2026-102202,2026-03-23,South,Hyderabad,Face Wash Combo,Beauty,2,429,858,CUST-93438,App
UK-2026-103343,2026-05-25,West,Surat,Eau de Parfum 100ml,Beauty,1,2067,2067,CUST-66459,Website
UK-2026-102091,2026-03-20,North,Noida,Formal Shirt,Fashion,1,1057,1057,CUST-12942,Website
UK-2026-100731,2026-02-08,South,Bengaluru,Power Bank 20000mAh,Electronics,1,1733,1733,CUST-27803,Marketplace
UK-2026-102642,2026-04-21,East,Patna,Mixer Grinder 750W,Home & Kitchen,1,3216,3216,CUST-65790,Website
UK-2026-104563,2026-06-06,North,Delhi,Slim Fit Jeans,Fashion,1,1675,1675,CUST-29992,App
UK-2026-100759,2026-02-16,South,Hyderabad,Denim Jacket,Fashion,1,2285,2285,CUST-42232,App
UK-2026-100777,2026-02-01,South,Hyderabad,Power Bank 20000mAh,Electronics,1,1779,1779,CUST-89801,App
UK-2026-102678,2026-04-10,South,Bengaluru,Robot Vacuum R7,Home & Kitchen,2,19323,38646,CUST-10963,Website
UK-2026-101403,2026-02-11,West,Ahmedabad,Non-Stick Cookware Set,Home & Kitchen,2,3031,6062,CUST-78585,App
UK-2026-101297,2026-02-18,East,Kolkata,Denim Jacket,Fashion,1,2299,2299,CUST-15807,App
UK-2026-102205,2026-03-08,South,Hyderabad,Dinner Set 24pc,Home & Kitchen,1,2586,2586,CUST-51587,App
UK-2026-103594,2026-05-17,North,Noida,Robot Vacuum R7,Home & Kitchen,1,18629,18629,CUST-15355,App
UK-2026-104210,2026-06-01,West,Mumbai,Face Wash Combo,Beauty,4,470,1880,CUST-33508,App
UK-2026-101473,2026-03-23,West,Mumbai,Vitamin C Serum,Beauty,3,728,2184,CUST-75488,Website
UK-2026-101559,2026-03-10,South,Chennai,Yoga Mat Pro,Sports,2,1158,2316,CUST-94299,App
UK-2026-104437,2026-06-06,North,Gurugram,Noise-Cancelling Headphones,Electronics,1,9341,9341,CUST-50778,Marketplace
UK-2026-101926,2026-03-06,West,Mumbai,Non-Stick Cookware Set,Home & Kitchen,1,2966,2966,CUST-10983,Website
UK-2026-104147,2026-06-22,North,Gurugram,Modern Wall Clock,Home & Kitchen,1,838,838,CUST-39350,Website
UK-2026-101863,2026-03-13,North,Delhi,Electric Kettle 1.5L,Home & Kitchen,2,1044,2088,CUST-64137,App
UK-2026-101560,2026-03-08,West,Mumbai,Football Size 5,Sports,1,908,908,CUST-66033,App
UK-2026-102176,2026-03-15,South,Kochi,Ionic Hair Dryer,Beauty,1,1805,1805,CUST-86849,Website
UK-2026-101194,2026-02-15,East,Bhubaneswar,Formal Shirt,Fashion,2,1112,2224,CUST-59437,Website
UK-2026-104539,2026-06-21,South,Chennai,Dinner Set 24pc,Home & Kitchen,2,2397,4794,CUST-72750,App
UK-2026-103610,2026-05-19,East,Patna,Cotton Bedsheet Set,Home & Kitchen,1,1418,1418,CUST-90847,Website
UK-2026-103270,2026-05-22,Central,Bhopal,Slim Fit Jeans,Fashion,1,1618,1618,CUST-80323,App
UK-2026-101448,2026-02-10,Central,Indore,Mirrorless Camera Lite,Electronics,1,29811,29811,CUST-29197,App
UK-2026-101675,2026-03-07,South,Chennai,Dinner Set 24pc,Home & Kitchen,2,2619,5238,CUST-32347,Website
UK-2026-103340,2026-05-17,West,Ahmedabad,Robot Vacuum R7,Home & Kitchen,1,18764,18764,CUST-41756,Website
UK-2026-101886,2026-03-25,South,Bengaluru,Foldable Treadmill T2,Sports,2,25917,51834,CUST-48935,Website
UK-2026-100557,2026-01-12,South,Kochi,Robot Vacuum R7,Home & Kitchen,1,19900,19900,CUST-58440,App
UK-2026-102113,2026-03-09,South,Chennai,Running Sneakers,Fashion,1,2804,2804,CUST-54084,Marketplace
UK-2026-104037,2026-06-23,West,Ahmedabad,Foldable Treadmill T2,Sports,1,23922,23922,CUST-48172,Marketplace
UK-2026-101719,2026-03-10,South,Bengaluru,Cotton Bedsheet Set,Home & Kitchen,1,1424,1424,CUST-89801,Website
UK-2026-100548,2026-01-04,South,Hyderabad,Dinner Set 24pc,Home & Kitchen,1,2393,2393,CUST-80013,App
UK-2026-100730,2026-02-24,South,Chennai,Face Wash Combo,Beauty,1,448,448,CUST-65009,Website
UK-2026-104839,2026-06-09,South,Bengaluru,Yoga Mat Pro,Sports,1,1178,1178,CUST-77698,Website
UK-2026-104505,2026-06-12,Central,Bhopal,Eau de Parfum 100ml,Beauty,3,1927,5781,CUST-53838,App
UK-2026-103425,2026-05-24,North,Noida,Smart Watch X2,Electronics,3,4486,13458,CUST-16019,Marketplace
UK-2026-103472,2026-05-06,West,Pune,Foldable Treadmill T2,Sports,1,25817,25817,CUST-32293,Marketplace
UK-2026-103906,2026-05-14,South,Hyderabad,Ultrabook Air 14,Electronics,3,29724,89172,CUST-18896,Website
UK-2026-104878,2026-06-04,East,Kolkata,Robot Vacuum R7,Home & Kitchen,2,19677,39354,CUST-15027,Website
UK-2026-102839,2026-04-06,Central,Indore,Electric Kettle 1.5L,Home & Kitchen,1,1057,1057,CUST-41376,Website
UK-2026-103532,2026-05-27,South,Bengaluru,Wireless Earbuds Pro,Electronics,1,3147,3147,CUST-42232,App
UK-2026-100708,2026-01-15,South,Kochi,Ethnic Dupatta,Fashion,2,515,1030,CUST-13270,App
UK-2026-103159,2026-05-23,West,Mumbai,Cotton Kurta Set,Fashion,2,1240,2480,CUST-74169,Website
UK-2026-100129,2026-01-29,North,Chandigarh,Mixer Grinder 750W,Home & Kitchen,1,3384,3384,CUST-94172,App
UK-2026-101218,2026-02-02,West,Pune,Ultrabook Air 14,Electronics,1,29822,29822,CUST-13587,App
UK-2026-100971,2026-02-19,Central,Indore,Vitamin C Serum,Beauty,1,709,709,CUST-56733,Marketplace
UK-2026-101070,2026-02-02,South,Chennai,Vitamin C Serum,Beauty,1,677,677,CUST-69220,App
UK-2026-104747,2026-06-23,East,Bhubaneswar,Power Bank 20000mAh,Electronics,1,1720,1720,CUST-54460,Marketplace
UK-2026-102886,2026-04-29,West,Ahmedabad,Silk Saree,Fashion,1,3379,3379,CUST-89012,Website
UK-2026-101555,2026-03-09,North,Noida,Dinner Set 24pc,Home & Kitchen,2,2524,5048,CUST-93896,Website
UK-2026-100628,2026-01-08,West,Pune,Wireless Earbuds Pro,Electronics,1,3108,3108,CUST-78125,Marketplace
UK-2026-102391,2026-04-08,East,Kolkata,Slim Fit Jeans,Fashion,1,1614,1614,CUST-23322,Website
UK-2026-102126,2026-03-15,West,Surat,Modern Wall Clock,Home & Kitchen,1,810,810,CUST-87201,App
UK-2026-104004,2026-05-05,North,Delhi,Leather Wallet,Fashion,2,925,1850,CUST-80925,App
UK-2026-102829,2026-04-03,West,Surat,Football Size 5,Sports,1,867,867,CUST-95050,App
UK-2026-101513,2026-03-28,Central,Bhopal,Denim Jacket,Fashion,1,2153,2153,CUST-94084,Marketplace
UK-2026-103490,2026-05-27,North,Delhi,Dinner Set 24pc,Home & Kitchen,1,2381,2381,CUST-99076,App
UK-2026-104519,2026-06-28,South,Chennai,Ethnic Dupatta,Fashion,2,502,1004,CUST-18289,App
UK-2026-101329,2026-02-23,West,Surat,Running Sneakers,Fashion,2,2672,5344,CUST-86806,App
UK-2026-102643,2026-04-12,East,Kolkata,Gym Gloves,Sports,1,490,490,CUST-14749,Marketplace
UK-2026-104553,2026-06-10,South,Hyderabad,Adjustable Dumbbells 15kg,Sports,1,5031,5031,CUST-94762,Website
UK-2026-102506,2026-04-13,South,Chennai,Running Sneakers,Fashion,1,2858,2858,CUST-16349,App
UK-2026-102123,2026-03-20,North,Chandigarh,Ionic Hair Dryer,Beauty,1,1907,1907,CUST-28408,App
UK-2026-103450,2026-05-03,West,Surat,Mixer Grinder 750W,Home & Kitchen,2,3376,6752,CUST-41654,Website
UK-2026-100748,2026-02-05,North,Chandigarh,Cricket Bat English Willow,Sports,1,9075,9075,CUST-88904,Marketplace
UK-2026-104291,2026-06-04,Central,Bhopal,Mirrorless Camera Lite,Electronics,1,29037,29037,CUST-55698,Website
UK-2026-104130,2026-06-09,West,Surat,Cricket Bat English Willow,Sports,2,9319,18638,CUST-99549,App
UK-2026-101568,2026-03-21,Central,Nagpur,Cotton Kurta Set,Fashion,1,1343,1343,CUST-28943,Website
UK-2026-103913,2026-05-09,North,Gurugram,Bluetooth Speaker Mini,Electronics,2,1568,3136,CUST-37426,Marketplace
UK-2026-100176,2026-01-01,North,Gurugram,Yoga Mat Pro,Sports,2,1148,2296,CUST-83327,App
UK-2026-100831,2026-02-24,South,Hyderabad,Modern Wall Clock,Home & Kitchen,1,830,830,CUST-58488,App
UK-2026-100740,2026-02-01,Central,Nagpur,43-inch Smart TV,Electronics,1,25805,25805,CUST-65951,Marketplace
UK-2026-102522,2026-04-09,North,Delhi,Power Bank 20000mAh,Electronics,1,1815,1815,CUST-88398,Website
UK-2026-101776,2026-03-14,North,Chandigarh,Foldable Treadmill T2,Sports,3,25323,75969,CUST-58973,Website
UK-2026-100262,2026-01-07,East,Guwahati,Wireless Earbuds Pro,Electronics,1,3061,3061,CUST-85218,Website
UK-2026-100896,2026-02-18,North,Gurugram,Wireless Earbuds Pro,Electronics,1,2939,2939,CUST-15675,Marketplace
UK-2026-103641,2026-05-16,West,Mumbai,Foldable Treadmill T2,Sports,2,25116,50232,CUST-18896,Website
UK-2026-100694,2026-01-26,East,Patna,Sunscreen SPF50,Beauty,1,562,562,CUST-37491,Website
UK-2026-100260,2026-01-28,East,Bhubaneswar,Mirrorless Camera Lite,Electronics,2,30048,60096,CUST-50900,App
UK-2026-101277,2026-02-13,East,Guwahati,Vitamin C Serum,Beauty,1,726,726,CUST-35572,App
UK-2026-102298,2026-04-26,Central,Indore,Silk Saree,Fashion,1,3639,3639,CUST-36635,App
UK-2026-103759,2026-05-11,South,Chennai,Wireless Earbuds Pro,Electronics,1,3099,3099,CUST-13955,App
UK-2026-104522,2026-06-23,South,Hyderabad,Non-Stick Cookware Set,Home & Kitchen,2,2871,5742,CUST-69791,Marketplace
UK-2026-102471,2026-04-11,East,Kolkata,Mirrorless Camera Lite,Electronics,1,28715,28715,CUST-69791,Website
UK-2026-100319,2026-01-18,South,Chennai,Running Sneakers,Fashion,2,2784,5568,CUST-11456,App
UK-2026-103676,2026-05-10,South,Kochi,Non-Stick Cookware Set,Home & Kitchen,1,2915,2915,CUST-32293,App
UK-2026-104646,2026-06-01,West,Pune,Electric Kettle 1.5L,Home & Kitchen,1,1045,1045,CUST-70622,App
UK-2026-103505,2026-05-20,North,Noida,Dinner Set 24pc,Home & Kitchen,1,2500,2500,CUST-21616,App
UK-2026-101929,2026-03-07,West,Mumbai,Bluetooth Speaker Mini,Electronics,2,1450,2900,CUST-56773,App
UK-2026-101838,2026-03-22,North,Chandigarh,Electric Kettle 1.5L,Home & Kitchen,1,1103,1103,CUST-54536,Website
UK-2026-103514,2026-05-06,South,Hyderabad,Cricket Bat English Willow,Sports,1,8755,8755,CUST-13211,Marketplace
UK-2026-102968,2026-04-07,Central,Bhopal,Yoga Mat Pro,Sports,1,1182,1182,CUST-81685,App
UK-2026-101065,2026-02-11,Central,Raipur,Smart Watch X2,Electronics,1,4384,4384,CUST-48689,Website
UK-2026-104495,2026-06-13,Central,Raipur,Electric Kettle 1.5L,Home & Kitchen,2,1125,2250,CUST-27803,Marketplace
UK-2026-103762,2026-05-11,West,Pune,Electric Kettle 1.5L,Home & Kitchen,1,1066,1066,CUST-70375,App
UK-2026-101279,2026-02-15,South,Bengaluru,Wireless Earbuds Pro,Electronics,2,2861,5722,CUST-66621,App
UK-2026-104374,2026-06-17,North,Gurugram,Sunscreen SPF50,Beauty,1,529,529,CUST-28586,App
UK-2026-102722,2026-04-06,North,Chandigarh,Face Wash Combo,Beauty,1,463,463,CUST-17876,App
UK-2026-103868,2026-05-07,South,Bengaluru,Cotton Bedsheet Set,Home & Kitchen,1,1437,1437,CUST-12942,App
UK-2026-100034,2026-01-01,South,Chennai,Mirrorless Camera Lite,Electronics,1,30154,30154,CUST-76907,Website
UK-2026-102800,2026-04-07,North,Chandigarh,Ultrabook Air 14,Electronics,1,31194,31194,CUST-53253,App
UK-2026-104943,2026-06-15,North,Noida,Dinner Set 24pc,Home & Kitchen,1,2480,2480,CUST-48328,Website
UK-2026-104666,2026-06-13,North,Chandigarh,Modern Wall Clock,Home & Kitchen,2,802,1604,CUST-27290,App
UK-2026-103424,2026-05-12,North,Chandigarh,Modern Wall Clock,Home & Kitchen,1,790,790,CUST-58440,App
UK-2026-103064,2026-04-04,South,Kochi,Ultrabook Air 14,Electronics,1,29906,29906,CUST-21170,Website
UK-2026-100261,2026-01-13,West,Pune,Robot Vacuum R7,Home & Kitchen,2,18311,36622,CUST-70645,App
UK-2026-104443,2026-06-22,East,Guwahati,Badminton Racket Set,Sports,2,2563,5126,CUST-35573,App
UK-2026-102537,2026-04-25,West,Ahmedabad,Denim Jacket,Fashion,1,2266,2266,CUST-40238,App
UK-2026-101686,2026-03-17,East,Patna,Cotton Bedsheet Set,Home & Kitchen,3,1355,4065,CUST-20893,Website
UK-2026-100138,2026-01-19,West,Pune,Noise-Cancelling Headphones,Electronics,2,8654,17308,CUST-37725,App
UK-2026-102502,2026-04-17,Central,Nagpur,Leather Wallet,Fashion,1,905,905,CUST-94918,Website
UK-2026-100804,2026-02-14,West,Mumbai,Robot Vacuum R7,Home & Kitchen,2,19540,39080,CUST-75451,App
UK-2026-104721,2026-06-09,Central,Raipur,Electric Kettle 1.5L,Home & Kitchen,2,1116,2232,CUST-64895,App
UK-2026-100891,2026-02-18,East,Kolkata,Makeup Brush Set,Beauty,1,1299,1299,CUST-49114,Website
UK-2026-102870,2026-04-09,Central,Nagpur,43-inch Smart TV,Electronics,3,26016,78048,CUST-79168,Marketplace
UK-2026-103867,2026-05-14,East,Guwahati,Power Bank 20000mAh,Electronics,1,1850,1850,CUST-84880,App
UK-2026-103379,2026-05-08,East,Bhubaneswar,Wireless Earbuds Pro,Electronics,1,3102,3102,CUST-31787,Website
UK-2026-104187,2026-06-14,West,Mumbai,Wireless Earbuds Pro,Electronics,1,3054,3054,CUST-93267,Website
UK-2026-103842,2026-05-23,West,Pune,Smart Watch X2,Electronics,1,4449,4449,CUST-98792,Website
UK-2026-100773,2026-02-04,West,Mumbai,Non-Stick Cookware Set,Home & Kitchen,1,2770,2770,CUST-75551,Website
UK-2026-101146,2026-02-09,Central,Indore,Foldable Treadmill T2,Sports,1,25308,25308,CUST-57906,Website
UK-2026-100291,2026-01-09,West,Mumbai,Silk Saree,Fashion,1,3580,3580,CUST-43196,Website
UK-2026-103877,2026-05-19,Central,Raipur,Mixer Grinder 750W,Home & Kitchen,2,3458,6916,CUST-19998,App
UK-2026-102138,2026-03-18,South,Kochi,Badminton Racket Set,Sports,1,2594,2594,CUST-37491,App
UK-2026-100356,2026-01-01,South,Bengaluru,Slim Fit Jeans,Fashion,1,1643,1643,CUST-44209,App
UK-2026-103607,2026-05-16,East,Bhubaneswar,Cotton Kurta Set,Fashion,1,1247,1247,CUST-28943,Website
UK-2026-101446,2026-02-03,Central,Indore,Slim Fit Jeans,Fashion,1,1549,1549,CUST-67908,Website
UK-2026-104034,2026-06-28,West,Mumbai,Dinner Set 24pc,Home & Kitchen,2,2479,4958,CUST-71133,App
UK-2026-104095,2026-06-16,North,Chandigarh,Noise-Cancelling Headphones,Electronics,1,9284,9284,CUST-23591,App
UK-2026-103489,2026-05-25,South,Chennai,43-inch Smart TV,Electronics,2,25478,50956,CUST-83561,App
UK-2026-102998,2026-04-15,South,Kochi,Silk Saree,Fashion,1,3451,3451,CUST-28408,Website
UK-2026-103904,2026-05-01,South,Kochi,Air Fryer 5L,Home & Kitchen,1,5490,5490,CUST-99076,App
UK-2026-100666,2026-01-01,South,Chennai,Cricket Bat English Willow,Sports,1,8971,8971,CUST-75768,Website
UK-2026-101404,2026-02-17,Central,Bhopal,Ionic Hair Dryer,Beauty,1,1899,1899,CUST-51154,App
UK-2026-104874,2026-06-22,North,Noida,Adjustable Dumbbells 15kg,Sports,1,4941,4941,CUST-47508,App
UK-2026-103386,2026-05-21,South,Kochi,Sunscreen SPF50,Beauty,2,552,1104,CUST-71100,App
UK-2026-100459,2026-01-01,East,Kolkata,Noise-Cancelling Headphones,Electronics,1,8590,8590,CUST-13511,Marketplace
UK-2026-104793,2026-06-07,South,Kochi,Ultrabook Air 14,Electronics,1,29265,29265,CUST-16949,Website
UK-2026-100132,2026-01-25,North,Gurugram,Slim Fit Jeans,Fashion,1,1588,1588,CUST-99831,App
UK-2026-102464,2026-04-04,North,Chandigarh,Mixer Grinder 750W,Home & Kitchen,1,3458,3458,CUST-84672,Website
UK-2026-102371,2026-04-27,South,Kochi,Formal Shirt,Fashion,1,1059,1059,CUST-28408,Website
UK-2026-101417,2026-02-07,South,Hyderabad,Sunscreen SPF50,Beauty,1,533,533,CUST-74266,Website
UK-2026-104112,2026-06-17,South,Hyderabad,Ultrabook Air 14,Electronics,1,28607,28607,CUST-13898,Marketplace
UK-2026-102169,2026-03-03,North,Gurugram,Robot Vacuum R7,Home & Kitchen,1,18693,18693,CUST-78935,App
UK-2026-104780,2026-06-17,South,Kochi,Cotton Kurta Set,Fashion,4,1352,5408,CUST-53838,Website
UK-2026-100441,2026-01-24,Central,Raipur,Cricket Bat English Willow,Sports,1,8959,8959,CUST-39909,Website
UK-2026-100276,2026-01-09,South,Kochi,Electric Kettle 1.5L,Home & Kitchen,1,1048,1048,CUST-34168,App
UK-2026-100431,2026-01-27,West,Ahmedabad,Slim Fit Jeans,Fashion,2,1626,3252,CUST-87302,Website
UK-2026-101228,2026-02-28,East,Guwahati,Gym Gloves,Sports,1,522,522,CUST-49609,Website
UK-2026-100593,2026-01-29,West,Ahmedabad,Foldable Treadmill T2,Sports,4,23882,95528,CUST-54636,Marketplace
UK-2026-100641,2026-01-06,Central,Raipur,Ethnic Dupatta,Fashion,1,490,490,CUST-88657,App
UK-2026-100560,2026-01-16,North,Delhi,Leather Wallet,Fashion,1,916,916,CUST-54592,App
UK-2026-101895,2026-03-20,North,Chandigarh,Badminton Racket Set,Sports,1,2414,2414,CUST-55346,App
UK-2026-103738,2026-05-06,North,Delhi,Denim Jacket,Fashion,1,2282,2282,CUST-46826,Website
UK-2026-102789,2026-04-01,North,Noida,Silk Saree,Fashion,2,3671,7342,CUST-91275,Website
UK-2026-104419,2026-06-14,South,Chennai,Smart Watch X2,Electronics,1,4380,4380,CUST-81861,Website
UK-2026-101032,2026-02-12,Central,Raipur,Slim Fit Jeans,Fashion,1,1586,1586,CUST-44042,Website
UK-2026-100449,2026-01-29,West,Surat,Formal Shirt,Fashion,1,1119,1119,CUST-21997,Website
UK-2026-100438,2026-01-12,West,Ahmedabad,Bluetooth Speaker Mini,Electronics,1,1437,1437,CUST-87428,Marketplace
UK-2026-102290,2026-04-16,West,Pune,Vitamin C Serum,Beauty,1,725,725,CUST-80907,Website
UK-2026-101974,2026-03-26,North,Gurugram,Leather Wallet,Fashion,1,938,938,CUST-30297,Website
UK-2026-103449,2026-05-07,North,Gurugram,Noise-Cancelling Headphones,Electronics,1,8938,8938,CUST-43141,Marketplace
UK-2026-102520,2026-04-01,South,Kochi,Bluetooth Speaker Mini,Electronics,1,1505,1505,CUST-31573,Website
UK-2026-100555,2026-01-03,East,Patna,Noise-Cancelling Headphones,Electronics,1,8727,8727,CUST-42120,Website
UK-2026-102255,2026-04-15,North,Gurugram,Slim Fit Jeans,Fashion,2,1533,3066,CUST-48025,Website
UK-2026-100624,2026-01-28,North,Chandigarh,Mixer Grinder 750W,Home & Kitchen,1,3314,3314,CUST-87081,Website
UK-2026-103355,2026-05-04,North,Gurugram,Modern Wall Clock,Home & Kitchen,1,814,814,CUST-61557,Marketplace
UK-2026-103719,2026-05-10,North,Delhi,Robot Vacuum R7,Home & Kitchen,2,18952,37904,CUST-26479,App
UK-2026-102684,2026-04-14,West,Surat,Power Bank 20000mAh,Electronics,2,1852,3704,CUST-59534,Website
UK-2026-100376,2026-01-09,North,Gurugram,Foldable Treadmill T2,Sports,1,24926,24926,CUST-27917,Marketplace
UK-2026-101117,2026-02-16,West,Ahmedabad,Foldable Treadmill T2,Sports,2,24640,49280,CUST-87508,App
UK-2026-101875,2026-03-06,East,Bhubaneswar,Wireless Earbuds Pro,Electronics,1,3034,3034,CUST-54999,App
UK-2026-100200,2026-01-14,South,Bengaluru,Smart Watch X2,Electronics,1,4597,4597,CUST-95050,Marketplace
UK-2026-102891,2026-04-08,North,Gurugram,Ethnic Dupatta,Fashion,1,494,494,CUST-32000,App
UK-2026-104797,2026-06-05,South,Kochi,Bluetooth Speaker Mini,Electronics,2,1429,2858,CUST-54964,Website
UK-2026-101534,2026-03-16,North,Delhi,Modern Wall Clock,Home & Kitchen,1,798,798,CUST-57863,Website
UK-2026-100651,2026-01-01,North,Chandigarh,Silk Saree,Fashion,1,3394,3394,CUST-81932,Website
UK-2026-101092,2026-02-01,North,Noida,Bluetooth Speaker Mini,Electronics,1,1483,1483,CUST-16305,App
UK-2026-104651,2026-06-16,East,Patna,43-inch Smart TV,Electronics,1,25052,25052,CUST-35607,App
UK-2026-103369,2026-05-21,North,Gurugram,Air Fryer 5L,Home & Kitchen,1,5679,5679,CUST-34539,App
UK-2026-102156,2026-03-04,West,Surat,Ultrabook Air 14,Electronics,1,30994,30994,CUST-53760,Website
UK-2026-104041,2026-06-19,North,Noida,Eau de Parfum 100ml,Beauty,1,1961,1961,CUST-28990,Website
UK-2026-100508,2026-01-09,North,Noida,Cricket Bat English Willow,Sports,1,9342,9342,CUST-18090,App
UK-2026-104059,2026-06-23,East,Bhubaneswar,Formal Shirt,Fashion,1,1129,1129,CUST-84004,Website
UK-2026-103070,2026-04-26,South,Chennai,Eau de Parfum 100ml,Beauty,3,1907,5721,CUST-10431,Website
UK-2026-101099,2026-02-24,West,Surat,Eau de Parfum 100ml,Beauty,1,1949,1949,CUST-68773,App
UK-2026-102183,2026-03-29,Central,Bhopal,Badminton Racket Set,Sports,1,2519,2519,CUST-22684,Marketplace
UK-2026-103296,2026-05-18,South,Bengaluru,Cotton Kurta Set,Fashion,2,1242,2484,CUST-76303,Website
UK-2026-100149,2026-01-26,Central,Nagpur,Cricket Bat English Willow,Sports,1,8971,8971,CUST-74118,Marketplace
UK-2026-104416,2026-06-02,West,Pune,Matte Lipstick Set,Beauty,1,921,921,CUST-87291,Marketplace
UK-2026-102756,2026-04-11,West,Pune,Ultrabook Air 14,Electronics,1,28741,28741,CUST-99831,Marketplace
UK-2026-104497,2026-06-18,Central,Bhopal,Eau de Parfum 100ml,Beauty,1,1962,1962,CUST-71063,Website
UK-2026-104207,2026-06-13,North,Chandigarh,Cotton Kurta Set,Fashion,1,1275,1275,CUST-51643,Website
UK-2026-100707,2026-01-04,South,Kochi,Bluetooth Speaker Mini,Electronics,2,1497,2994,CUST-84469,Website
UK-2026-102273,2026-04-29,West,Surat,Power Bank 20000mAh,Electronics,1,1882,1882,CUST-99774,App
UK-2026-102628,2026-04-16,West,Pune,Cycling Helmet,Sports,1,1663,1663,CUST-32851,Website
UK-2026-103508,2026-05-02,South,Hyderabad,Formal Shirt,Fashion,1,1065,1065,CUST-43017,App
UK-2026-104018,2026-05-15,North,Gurugram,Bluetooth Speaker Mini,Electronics,1,1497,1497,CUST-60825,App
UK-2026-103647,2026-05-06,Central,Raipur,Smart Watch X2,Electronics,1,4385,4385,CUST-89296,Marketplace
UK-2026-102158,2026-03-26,Central,Indore,Smart Watch X2,Electronics,1,4647,4647,CUST-83287,Marketplace
UK-2026-103335,2026-05-19,South,Chennai,Ionic Hair Dryer,Beauty,1,1949,1949,CUST-28990,Website
UK-2026-102478,2026-04-26,West,Surat,43-inch Smart TV,Electronics,2,27095,54190,CUST-35225,App
UK-2026-100143,2026-01-05,West,Pune,Slim Fit Jeans,Fashion,2,1580,3160,CUST-22427,App
UK-2026-100175,2026-01-18,North,Delhi,Smart Watch X2,Electronics,1,4522,4522,CUST-22429,App
UK-2026-103783,2026-05-02,North,Delhi,Slim Fit Jeans,Fashion,2,1554,3108,CUST-74366,Website
UK-2026-102662,2026-04-23,South,Hyderabad,Wireless Earbuds Pro,Electronics,1,3102,3102,CUST-82707,Marketplace
UK-2026-104309,2026-06-20,South,Bengaluru,Non-Stick Cookware Set,Home & Kitchen,1,3041,3041,CUST-76834,Marketplace
UK-2026-101941,2026-03-25,Central,Nagpur,Badminton Racket Set,Sports,1,2508,2508,CUST-89518,App
UK-2026-102737,2026-04-30,North,Gurugram,Cotton Bedsheet Set,Home & Kitchen,1,1382,1382,CUST-13047,Website
UK-2026-104064,2026-06-16,Central,Nagpur,43-inch Smart TV,Electronics,1,25657,25657,CUST-13955,Marketplace
UK-2026-103841,2026-05-21,South,Kochi,Robot Vacuum R7,Home & Kitchen,2,19183,38366,CUST-96315,App
UK-2026-101312,2026-02-25,South,Bengaluru,Non-Stick Cookware Set,Home & Kitchen,4,2805,11220,CUST-28622,Marketplace
UK-2026-104990,2026-06-22,North,Noida,Slim Fit Jeans,Fashion,2,1663,3326,CUST-38301,App
UK-2026-102554,2026-04-19,South,Bengaluru,Cotton Bedsheet Set,Home & Kitchen,1,1402,1402,CUST-42120,Website
UK-2026-100201,2026-01-18,East,Bhubaneswar,Dinner Set 24pc,Home & Kitchen,1,2526,2526,CUST-12658,Website
UK-2026-103245,2026-05-18,Central,Raipur,Foldable Treadmill T2,Sports,3,26176,78528,CUST-15577,App
UK-2026-102036,2026-03-05,West,Surat,Cotton Bedsheet Set,Home & Kitchen,1,1435,1435,CUST-35237,Website
UK-2026-103633,2026-05-26,West,Pune,Cotton Bedsheet Set,Home & Kitchen,1,1399,1399,CUST-25026,App
UK-2026-102831,2026-04-28,East,Bhubaneswar,43-inch Smart TV,Electronics,1,25178,25178,CUST-50483,Marketplace
UK-2026-103711,2026-05-05,West,Pune,Makeup Brush Set,Beauty,3,1293,3879,CUST-10958,Website
UK-2026-103547,2026-05-13,Central,Indore,Ultrabook Air 14,Electronics,1,31252,31252,CUST-84609,Marketplace
UK-2026-101955,2026-03-06,North,Gurugram,Robot Vacuum R7,Home & Kitchen,1,19637,19637,CUST-16349,Website
UK-2026-102077,2026-03-22,South,Hyderabad,Mirrorless Camera Lite,Electronics,1,30046,30046,CUST-89375,Website
UK-2026-100312,2026-01-25,North,Gurugram,Yoga Mat Pro,Sports,1,1173,1173,CUST-47823,Website
UK-2026-101313,2026-02-14,East,Guwahati,Yoga Mat Pro,Sports,1,1165,1165,CUST-44233,Website
UK-2026-101641,2026-03-07,West,Ahmedabad,Slim Fit Jeans,Fashion,1,1614,1614,CUST-21295,Marketplace
UK-2026-104732,2026-06-10,West,Surat,Wireless Earbuds Pro,Electronics,1,3031,3031,CUST-19374,App
UK-2026-104028,2026-06-07,East,Kolkata,Sunscreen SPF50,Beauty,1,553,553,CUST-87964,App
UK-2026-100003,2026-01-31,East,Guwahati,Ultrabook Air 14,Electronics,2,30695,61390,CUST-72750,Marketplace
UK-2026-104921,2026-06-30,North,Gurugram,Foldable Treadmill T2,Sports,1,25788,25788,CUST-87987,Marketplace
UK-2026-101090,2026-02-12,East,Kolkata,Slim Fit Jeans,Fashion,1,1521,1521,CUST-81871,Marketplace
UK-2026-103339,2026-05-23,North,Chandigarh,Ultrabook Air 14,Electronics,1,31240,31240,CUST-85559,Marketplace
UK-2026-102248,2026-04-14,South,Hyderabad,Makeup Brush Set,Beauty,1,1259,1259,CUST-70162,App
UK-2026-103835,2026-05-01,West,Mumbai,Yoga Mat Pro,Sports,1,1185,1185,CUST-64496,App
UK-2026-104150,2026-06-24,West,Pune,Ultrabook Air 14,Electronics,2,28916,57832,CUST-23417,App
UK-2026-101935,2026-03-06,West,Ahmedabad,Leather Wallet,Fashion,2,936,1872,CUST-71522,Website
UK-2026-104633,2026-06-05,North,Noida,Bluetooth Speaker Mini,Electronics,1,1568,1568,CUST-99067,Website
UK-2026-102099,2026-03-26,South,Bengaluru,Bluetooth Speaker Mini,Electronics,3,1462,4386,CUST-73214,App
UK-2026-100304,2026-01-20,West,Surat,Formal Shirt,Fashion,1,1143,1143,CUST-65790,App
UK-2026-100252,2026-01-06,West,Pune,Slim Fit Jeans,Fashion,1,1568,1568,CUST-68581,App
UK-2026-101657,2026-03-17,East,Patna,Electric Kettle 1.5L,Home & Kitchen,1,1096,1096,CUST-26078,App
UK-2026-103528,2026-05-07,West,Ahmedabad,Eau de Parfum 100ml,Beauty,1,2010,2010,CUST-73808,Marketplace
UK-2026-100507,2026-01-10,Central,Raipur,Gym Gloves,Sports,1,486,486,CUST-86806,Website
UK-2026-104864,2026-06-30,East,Kolkata,Ultrabook Air 14,Electronics,2,29408,58816,CUST-73081,Website
UK-2026-101024,2026-02-17,Central,Indore,Denim Jacket,Fashion,1,2127,2127,CUST-92797,App
UK-2026-101055,2026-02-20,South,Kochi,Slim Fit Jeans,Fashion,2,1651,3302,CUST-32347,App
UK-2026-100179,2026-01-05,South,Hyderabad,Makeup Brush Set,Beauty,1,1295,1295,CUST-52917,Website
UK-2026-102808,2026-04-04,Central,Bhopal,Dinner Set 24pc,Home & Kitchen,1,2376,2376,CUST-95000,Website
UK-2026-102744,2026-04-28,North,Chandigarh,Ethnic Dupatta,Fashion,1,476,476,CUST-76369,Website
UK-2026-104611,2026-06-19,West,Mumbai,Power Bank 20000mAh,Electronics,3,1716,5148,CUST-77149,App
UK-2026-100862,2026-02-20,North,Gurugram,Robot Vacuum R7,Home & Kitchen,1,18619,18619,CUST-13596,Marketplace
UK-2026-101405,2026-02-16,North,Delhi,Mirrorless Camera Lite,Electronics,1,28438,28438,CUST-46579,Marketplace
UK-2026-102837,2026-04-02,East,Patna,Cotton Kurta Set,Fashion,2,1318,2636,CUST-76603,Website
UK-2026-102513,2026-04-13,East,Patna,Slim Fit Jeans,Fashion,1,1628,1628,CUST-40688,Website
UK-2026-103815,2026-05-31,North,Delhi,Robot Vacuum R7,Home & Kitchen,1,19756,19756,CUST-89012,App
UK-2026-101775,2026-03-23,East,Patna,Slim Fit Jeans,Fashion,1,1580,1580,CUST-86656,App
UK-2026-101292,2026-02-25,North,Noida,Makeup Brush Set,Beauty,1,1255,1255,CUST-12165,App
UK-2026-101176,2026-02-18,Central,Raipur,Yoga Mat Pro,Sports,2,1207,2414,CUST-90804,Marketplace
UK-2026-101219,2026-02-04,North,Chandigarh,Formal Shirt,Fashion,1,1101,1101,CUST-16093,App
UK-2026-101579,2026-03-13,West,Pune,Running Sneakers,Fashion,1,2663,2663,CUST-73238,Website
UK-2026-104094,2026-06-12,South,Chennai,Dinner Set 24pc,Home & Kitchen,1,2569,2569,CUST-20511,Website
UK-2026-104881,2026-06-07,West,Pune,Foldable Treadmill T2,Sports,1,25840,25840,CUST-79385,App
UK-2026-100812,2026-02-22,West,Surat,Eau de Parfum 100ml,Beauty,1,1959,1959,CUST-80683,App
UK-2026-101263,2026-02-09,South,Kochi,Cricket Bat English Willow,Sports,2,8753,17506,CUST-32685,App
UK-2026-102018,2026-03-20,North,Delhi,Non-Stick Cookware Set,Home & Kitchen,1,2762,2762,CUST-99774,App
UK-2026-101819,2026-03-04,West,Mumbai,Air Fryer 5L,Home & Kitchen,1,5754,5754,CUST-97844,App
UK-2026-101716,2026-03-27,South,Chennai,Ultrabook Air 14,Electronics,2,29779,59558,CUST-61652,Marketplace
UK-2026-102549,2026-04-06,South,Bengaluru,Mirrorless Camera Lite,Electronics,2,30286,60572,CUST-77068,Marketplace
UK-2026-104352,2026-06-25,West,Ahmedabad,Wireless Earbuds Pro,Electronics,1,2915,2915,CUST-94452,Marketplace
UK-2026-101098,2026-02-18,East,Guwahati,Cricket Bat English Willow,Sports,2,9402,18804,CUST-98800,Marketplace
UK-2026-104726,2026-06-22,East,Bhubaneswar,Football Size 5,Sports,1,889,889,CUST-87291,Website
UK-2026-103084,2026-04-21,North,Gurugram,Electric Kettle 1.5L,Home & Kitchen,1,1112,1112,CUST-57863,Website
UK-2026-100688,2026-01-09,Central,Bhopal,43-inch Smart TV,Electronics,1,27076,27076,CUST-38595,Marketplace
UK-2026-102453,2026-04-06,North,Chandigarh,Noise-Cancelling Headphones,Electronics,1,8559,8559,CUST-78928,App
UK-2026-104106,2026-06-13,West,Pune,Power Bank 20000mAh,Electronics,1,1728,1728,CUST-15355,App
UK-2026-104439,2026-06-30,West,Pune,Formal Shirt,Fashion,1,1060,1060,CUST-42040,Marketplace
UK-2026-103550,2026-05-19,South,Bengaluru,Formal Shirt,Fashion,1,1116,1116,CUST-69091,Website
UK-2026-100038,2026-01-22,South,Hyderabad,Yoga Mat Pro,Sports,1,1161,1161,CUST-16636,Website
UK-2026-103183,2026-05-31,West,Mumbai,Football Size 5,Sports,1,866,866,CUST-27917,Marketplace
UK-2026-104734,2026-06-21,West,Ahmedabad,Matte Lipstick Set,Beauty,1,883,883,CUST-32536,Website
UK-2026-101100,2026-02-22,South,Hyderabad,Cycling Helmet,Sports,4,1640,6560,CUST-54189,Website
UK-2026-101252,2026-02-14,East,Kolkata,Mirrorless Camera Lite,Electronics,1,28507,28507,CUST-13668,Website
UK-2026-101807,2026-03-06,North,Delhi,Adjustable Dumbbells 15kg,Sports,1,5189,5189,CUST-80067,App
UK-2026-104537,2026-06-08,South,Bengaluru,Power Bank 20000mAh,Electronics,2,1778,3556,CUST-29752,Marketplace
UK-2026-102592,2026-04-11,South,Bengaluru,Leather Wallet,Fashion,1,926,926,CUST-67032,Website
UK-2026-104137,2026-06-02,East,Patna,Cricket Bat English Willow,Sports,1,9200,9200,CUST-34464,App
UK-2026-103997,2026-05-25,South,Hyderabad,Silk Saree,Fashion,1,3546,3546,CUST-13668,App
UK-2026-104474,2026-06-12,West,Pune,Matte Lipstick Set,Beauty,2,873,1746,CUST-39680,Website
UK-2026-103180,2026-05-21,South,Hyderabad,Cricket Bat English Willow,Sports,1,9025,9025,CUST-50900,Website
UK-2026-100454,2026-01-13,Central,Nagpur,Leather Wallet,Fashion,1,866,866,CUST-90834,Website
UK-2026-103991,2026-05-15,North,Chandigarh,Non-Stick Cookware Set,Home & Kitchen,2,2980,5960,CUST-69220,App
UK-2026-100075,2026-01-10,West,Ahmedabad,Non-Stick Cookware Set,Home & Kitchen,4,2938,11752,CUST-43070,Website
UK-2026-103693,2026-05-20,South,Hyderabad,Dinner Set 24pc,Home & Kitchen,2,2623,5246,CUST-17418,App
UK-2026-100044,2026-01-02,South,Chennai,Yoga Mat Pro,Sports,2,1174,2348,CUST-28959,Website
UK-2026-100727,2026-02-26,North,Chandigarh,Wireless Earbuds Pro,Electronics,1,3051,3051,CUST-86374,Website
UK-2026-103612,2026-05-15,West,Ahmedabad,Ultrabook Air 14,Electronics,2,29310,58620,CUST-92322,Website
UK-2026-103509,2026-05-09,North,Noida,Power Bank 20000mAh,Electronics,1,1745,1745,CUST-62544,Marketplace
UK-2026-104221,2026-06-16,South,Chennai,Cotton Kurta Set,Fashion,1,1352,1352,CUST-52660,App
UK-2026-103754,2026-05-14,Central,Nagpur,Ultrabook Air 14,Electronics,2,30975,61950,CUST-95238,Website
UK-2026-104318,2026-06-16,North,Chandigarh,Mixer Grinder 750W,Home & Kitchen,2,3348,6696,CUST-94964,App
UK-2026-103076,2026-04-05,South,Kochi,Running Sneakers,Fashion,1,2797,2797,CUST-41560,App
UK-2026-101345,2026-02-20,Central,Indore,Formal Shirt,Fashion,1,1059,1059,CUST-47844,App
UK-2026-101928,2026-03-09,South,Chennai,Foldable Treadmill T2,Sports,1,25518,25518,CUST-44213,App
UK-2026-103657,2026-05-15,Central,Raipur,Cricket Bat English Willow,Sports,1,8553,8553,CUST-77787,App
UK-2026-101429,2026-02-28,South,Bengaluru,Formal Shirt,Fashion,1,1128,1128,CUST-35573,App
UK-2026-100933,2026-02-19,North,Delhi,Slim Fit Jeans,Fashion,3,1615,4845,CUST-90880,Marketplace
UK-2026-103791,2026-05-08,North,Chandigarh,Mixer Grinder 750W,Home & Kitchen,1,3198,3198,CUST-36820,App
UK-2026-103553,2026-05-30,East,Kolkata,Dinner Set 24pc,Home & Kitchen,4,2387,9548,CUST-76821,Marketplace
UK-2026-101182,2026-02-01,East,Patna,Ethnic Dupatta,Fashion,2,480,960,CUST-75529,Website
UK-2026-100384,2026-01-11,South,Bengaluru,Air Fryer 5L,Home & Kitchen,4,5761,23044,CUST-97436,Website
UK-2026-101318,2026-02-05,West,Surat,Leather Wallet,Fashion,2,855,1710,CUST-24530,App
UK-2026-102003,2026-03-18,North,Noida,Power Bank 20000mAh,Electronics,1,1747,1747,CUST-27599,App
UK-2026-103736,2026-05-15,South,Bengaluru,Denim Jacket,Fashion,2,2108,4216,CUST-64883,App
UK-2026-104964,2026-06-15,West,Mumbai,Adjustable Dumbbells 15kg,Sports,1,5178,5178,CUST-93472,App
UK-2026-100161,2026-01-02,West,Mumbai,Smart Watch X2,Electronics,1,4471,4471,CUST-39909,Marketplace
UK-2026-100029,2026-01-04,South,Chennai,Silk Saree,Fashion,1,3477,3477,CUST-65790,App
UK-2026-104515,2026-06-02,Central,Indore,Cotton Kurta Set,Fashion,1,1356,1356,CUST-54773,Website
UK-2026-103559,2026-05-27,East,Kolkata,Smart Watch X2,Electronics,1,4362,4362,CUST-89743,Marketplace
UK-2026-101183,2026-02-23,Central,Raipur,Badminton Racket Set,Sports,1,2434,2434,CUST-47823,Marketplace
UK-2026-102271,2026-04-29,South,Kochi,Badminton Racket Set,Sports,1,2548,2548,CUST-59261,App
UK-2026-103572,2026-05-04,South,Chennai,43-inch Smart TV,Electronics,2,25059,50118,CUST-87708,Marketplace
UK-2026-100993,2026-02-14,North,Gurugram,Noise-Cancelling Headphones,Electronics,1,8705,8705,CUST-19698,Website
UK-2026-101338,2026-02-28,South,Hyderabad,Mixer Grinder 750W,Home & Kitchen,1,3283,3283,CUST-52660,App
UK-2026-103534,2026-05-12,North,Noida,Eau de Parfum 100ml,Beauty,1,2083,2083,CUST-37811,App
UK-2026-101167,2026-02-28,West,Ahmedabad,Denim Jacket,Fashion,1,2298,2298,CUST-22343,App
UK-2026-104728,2026-06-02,West,Surat,Robot Vacuum R7,Home & Kitchen,2,18834,37668,CUST-87428,Marketplace
UK-2026-104154,2026-06-14,East,Bhubaneswar,Denim Jacket,Fashion,2,2136,4272,CUST-22278,Website
UK-2026-101700,2026-03-10,West,Surat,Robot Vacuum R7,Home & Kitchen,2,19848,39696,CUST-95138,Website
UK-2026-100229,2026-01-19,West,Mumbai,Cotton Bedsheet Set,Home & Kitchen,2,1348,2696,CUST-13400,App
UK-2026-104405,2026-06-01,Central,Bhopal,Leather Wallet,Fashion,2,927,1854,CUST-19335,App
UK-2026-101635,2026-03-18,South,Bengaluru,Electric Kettle 1.5L,Home & Kitchen,1,1085,1085,CUST-96341,Website
UK-2026-101290,2026-02-20,North,Gurugram,Running Sneakers,Fashion,2,2883,5766,CUST-38638,App
UK-2026-102703,2026-04-21,West,Mumbai,Silk Saree,Fashion,2,3388,6776,CUST-96141,App
UK-2026-102583,2026-04-05,West,Mumbai,Slim Fit Jeans,Fashion,1,1580,1580,CUST-29144,Website
UK-2026-100444,2026-01-08,West,Mumbai,Robot Vacuum R7,Home & Kitchen,1,18998,18998,CUST-58551,Website
UK-2026-101325,2026-02-17,South,Bengaluru,Cricket Bat English Willow,Sports,4,8908,35632,CUST-35607,App
UK-2026-104502,2026-06-16,West,Surat,Mirrorless Camera Lite,Electronics,1,28885,28885,CUST-70091,Website
UK-2026-104720,2026-06-11,West,Pune,Cotton Kurta Set,Fashion,1,1243,1243,CUST-94621,App
UK-2026-104592,2026-06-25,Central,Indore,Wireless Earbuds Pro,Electronics,1,2928,2928,CUST-45648,App
UK-2026-101731,2026-03-21,North,Noida,43-inch Smart TV,Electronics,1,26465,26465,CUST-37857,Marketplace
UK-2026-101384,2026-02-22,Central,Indore,Electric Kettle 1.5L,Home & Kitchen,1,1087,1087,CUST-51151,Website
UK-2026-103328,2026-05-10,West,Surat,43-inch Smart TV,Electronics,1,26869,26869,CUST-64196,Marketplace
UK-2026-100706,2026-01-09,West,Surat,Leather Wallet,Fashion,1,929,929,CUST-65777,Website
UK-2026-100284,2026-01-03,East,Bhubaneswar,Slim Fit Jeans,Fashion,1,1605,1605,CUST-28994,App
UK-2026-104997,2026-06-15,Central,Raipur,Slim Fit Jeans,Fashion,1,1651,1651,CUST-60209,App
UK-2026-103871,2026-05-30,North,Chandigarh,Smart Watch X2,Electronics,1,4590,4590,CUST-69765,App
UK-2026-103140,2026-05-20,Central,Bhopal,Vitamin C Serum,Beauty,1,729,729,CUST-14282,App
UK-2026-101851,2026-03-13,South,Bengaluru,Slim Fit Jeans,Fashion,1,1602,1602,CUST-26078,App
UK-2026-101808,2026-03-16,South,Chennai,Noise-Cancelling Headphones,Electronics,1,8680,8680,CUST-33094,Marketplace
UK-2026-104029,2026-06-17,West,Surat,Denim Jacket,Fashion,1,2265,2265,CUST-58244,App
UK-2026-104873,2026-06-23,South,Chennai,Non-Stick Cookware Set,Home & Kitchen,2,2916,5832,CUST-86374,Website
UK-2026-103529,2026-05-27,West,Pune,Ultrabook Air 14,Electronics,1,30411,30411,CUST-11015,App
UK-2026-100734,2026-02-16,North,Chandigarh,Mixer Grinder 750W,Home & Kitchen,2,3458,6916,CUST-47580,App
UK-2026-101865,2026-03-10,North,Chandigarh,Sunscreen SPF50,Beauty,1,534,534,CUST-79590,Website
UK-2026-103952,2026-05-25,Central,Nagpur,Ultrabook Air 14,Electronics,1,29531,29531,CUST-72166,Marketplace
UK-2026-100080,2026-01-16,East,Guwahati,Modern Wall Clock,Home & Kitchen,1,771,771,CUST-90630,Website
UK-2026-102107,2026-03-17,West,Mumbai,Face Wash Combo,Beauty,1,465,465,CUST-95654,App
UK-2026-103777,2026-05-09,East,Bhubaneswar,Power Bank 20000mAh,Electronics,2,1836,3672,CUST-57236,App
UK-2026-101554,2026-03-05,North,Delhi,Slim Fit Jeans,Fashion,1,1578,1578,CUST-76413,App
UK-2026-104242,2026-06-03,East,Kolkata,Formal Shirt,Fashion,1,1113,1113,CUST-22278,Website
UK-2026-100134,2026-01-03,West,Surat,Electric Kettle 1.5L,Home & Kitchen,1,1059,1059,CUST-27934,Website
UK-2026-101238,2026-02-04,West,Ahmedabad,Power Bank 20000mAh,Electronics,1,1801,1801,CUST-35711,Marketplace
UK-2026-103417,2026-05-21,North,Noida,Smart Watch X2,Electronics,1,4629,4629,CUST-55420,Website
UK-2026-101976,2026-03-02,North,Gurugram,Denim Jacket,Fashion,1,2304,2304,CUST-86928,App
UK-2026-103223,2026-05-14,North,Delhi,Mirrorless Camera Lite,Electronics,1,27715,27715,CUST-47382,App
UK-2026-102969,2026-04-05,South,Chennai,Eau de Parfum 100ml,Beauty,2,1942,3884,CUST-58120,Website
UK-2026-104158,2026-06-11,South,Hyderabad,Slim Fit Jeans,Fashion,1,1559,1559,CUST-86082,App
UK-2026-100605,2026-01-18,West,Pune,Slim Fit Jeans,Fashion,2,1604,3208,CUST-55421,App
UK-2026-103022,2026-04-12,Central,Raipur,Wireless Earbuds Pro,Electronics,1,3028,3028,CUST-17859,App
UK-2026-103184,2026-05-06,North,Gurugram,Badminton Racket Set,Sports,1,2512,2512,CUST-76821,Marketplace
UK-2026-101276,2026-02-04,South,Bengaluru,Ultrabook Air 14,Electronics,2,30106,60212,CUST-53226,Marketplace
UK-2026-100680,2026-01-08,North,Noida,Mixer Grinder 750W,Home & Kitchen,1,3382,3382,CUST-88350,App
UK-2026-104216,2026-06-22,North,Chandigarh,Ethnic Dupatta,Fashion,1,496,496,CUST-11015,App
UK-2026-103277,2026-05-14,South,Kochi,Dinner Set 24pc,Home & Kitchen,2,2594,5188,CUST-76251,App
UK-2026-103502,2026-05-17,West,Pune,Power Bank 20000mAh,Electronics,1,1735,1735,CUST-94887,Marketplace
UK-2026-103726,2026-05-28,West,Pune,Electric Kettle 1.5L,Home & Kitchen,2,1150,2300,CUST-19079,Marketplace
UK-2026-100147,2026-01-22,East,Patna,Cricket Bat English Willow,Sports,4,8973,35892,CUST-48491,App
UK-2026-103050,2026-04-26,East,Guwahati,Dinner Set 24pc,Home & Kitchen,2,2603,5206,CUST-61140,Website
UK-2026-101678,2026-03-10,Central,Bhopal,Running Sneakers,Fashion,1,2870,2870,CUST-14164,App
UK-2026-104268,2026-06-14,South,Hyderabad,Mirrorless Camera Lite,Electronics,1,30093,30093,CUST-80907,App
UK-2026-100017,2026-01-31,West,Ahmedabad,Yoga Mat Pro,Sports,1,1150,1150,CUST-93267,Website
UK-2026-101824,2026-03-11,South,Bengaluru,Robot Vacuum R7,Home & Kitchen,1,19819,19819,CUST-44209,Website
UK-2026-100970,2026-02-05,West,Ahmedabad,Silk Saree,Fashion,2,3421,6842,CUST-11970,Marketplace
UK-2026-104111,2026-06-20,Central,Indore,Mirrorless Camera Lite,Electronics,1,29905,29905,CUST-49955,Website
UK-2026-101547,2026-03-14,East,Guwahati,Denim Jacket,Fashion,2,2170,4340,CUST-25915,App
UK-2026-102771,2026-04-30,East,Guwahati,Electric Kettle 1.5L,Home & Kitchen,1,1092,1092,CUST-23417,Marketplace
UK-2026-101005,2026-02-03,North,Noida,Denim Jacket,Fashion,1,2089,2089,CUST-76983,App
UK-2026-100787,2026-02-15,North,Chandigarh,Mirrorless Camera Lite,Electronics,1,28675,28675,CUST-41019,Website
UK-2026-103359,2026-05-13,South,Hyderabad,Sunscreen SPF50,Beauty,1,570,570,CUST-37923,App
UK-2026-101940,2026-03-02,West,Surat,Bluetooth Speaker Mini,Electronics,2,1450,2900,CUST-12496,Marketplace
UK-2026-104642,2026-06-19,East,Kolkata,Ultrabook Air 14,Electronics,3,30072,90216,CUST-72542,Website
UK-2026-103097,2026-05-16,North,Noida,Electric Kettle 1.5L,Home & Kitchen,1,1114,1114,CUST-55258,Website
UK-2026-100855,2026-02-26,East,Guwahati,Bluetooth Speaker Mini,Electronics,1,1466,1466,CUST-75529,Website
UK-2026-103599,2026-05-20,North,Chandigarh,Power Bank 20000mAh,Electronics,1,1756,1756,CUST-14379,Website
UK-2026-101057,2026-02-12,South,Hyderabad,Wireless Earbuds Pro,Electronics,1,3076,3076,CUST-25769,App
UK-2026-101574,2026-03-07,East,Kolkata,Running Sneakers,Fashion,1,2927,2927,CUST-95759,Marketplace
UK-2026-104735,2026-06-17,Central,Indore,Football Size 5,Sports,1,924,924,CUST-77711,Website
UK-2026-104686,2026-06-21,West,Mumbai,Football Size 5,Sports,1,885,885,CUST-87016,Marketplace
UK-2026-102085,2026-03-03,East,Guwahati,Electric Kettle 1.5L,Home & Kitchen,1,1076,1076,CUST-43146,App
UK-2026-103114,2026-05-07,South,Kochi,Air Fryer 5L,Home & Kitchen,1,5608,5608,CUST-28622,Marketplace
UK-2026-100061,2026-01-03,Central,Indore,Robot Vacuum R7,Home & Kitchen,1,18922,18922,CUST-33312,Website
UK-2026-101353,2026-02-04,East,Patna,Eau de Parfum 100ml,Beauty,1,2001,2001,CUST-52359,Website
UK-2026-101460,2026-03-24,North,Noida,Power Bank 20000mAh,Electronics,1,1795,1795,CUST-99424,Marketplace
UK-2026-102535,2026-04-13,Central,Nagpur,Wireless Earbuds Pro,Electronics,1,2997,2997,CUST-16305,App
UK-2026-104165,2026-06-01,North,Noida,Running Sneakers,Fashion,1,2937,2937,CUST-34325,App
UK-2026-103001,2026-04-13,East,Kolkata,Badminton Racket Set,Sports,1,2423,2423,CUST-67887,Website
UK-2026-104190,2026-06-22,North,Chandigarh,43-inch Smart TV,Electronics,1,25093,25093,CUST-32000,App
UK-2026-103260,2026-05-28,South,Chennai,Formal Shirt,Fashion,1,1082,1082,CUST-72785,App
UK-2026-101039,2026-02-15,East,Bhubaneswar,Mirrorless Camera Lite,Electronics,2,29261,58522,CUST-34107,Marketplace
UK-2026-104918,2026-06-02,South,Kochi,Adjustable Dumbbells 15kg,Sports,1,4781,4781,CUST-31647,Website
UK-2026-103404,2026-05-08,East,Guwahati,Electric Kettle 1.5L,Home & Kitchen,2,1069,2138,CUST-99210,Website
UK-2026-104661,2026-06-12,South,Chennai,Electric Kettle 1.5L,Home & Kitchen,4,1084,4336,CUST-64201,App
UK-2026-100700,2026-01-09,South,Chennai,Cotton Bedsheet Set,Home & Kitchen,1,1371,1371,CUST-31519,Marketplace
UK-2026-104079,2026-06-14,East,Patna,Foldable Treadmill T2,Sports,1,25133,25133,CUST-27486,Website
UK-2026-102561,2026-04-23,East,Bhubaneswar,Matte Lipstick Set,Beauty,1,942,942,CUST-76111,Marketplace
UK-2026-101444,2026-02-14,North,Chandigarh,Mirrorless Camera Lite,Electronics,1,30005,30005,CUST-28694,App
UK-2026-103039,2026-04-11,South,Kochi,Badminton Racket Set,Sports,1,2473,2473,CUST-29878,Marketplace
UK-2026-104325,2026-06-21,South,Bengaluru,Noise-Cancelling Headphones,Electronics,1,9151,9151,CUST-55302,Website
UK-2026-103080,2026-04-20,South,Hyderabad,Robot Vacuum R7,Home & Kitchen,1,19035,19035,CUST-12425,Marketplace
UK-2026-103510,2026-05-31,South,Bengaluru,Mirrorless Camera Lite,Electronics,3,28879,86637,CUST-77149,Marketplace
UK-2026-103309,2026-05-07,East,Patna,Eau de Parfum 100ml,Beauty,1,1919,1919,CUST-97908,Website
UK-2026-102608,2026-04-28,North,Noida,Smart Watch X2,Electronics,1,4483,4483,CUST-58094,Marketplace
UK-2026-103137,2026-05-08,West,Surat,Bluetooth Speaker Mini,Electronics,1,1506,1506,CUST-96322,Marketplace
UK-2026-103282,2026-05-11,West,Surat,Formal Shirt,Fashion,1,1078,1078,CUST-72905,Website
UK-2026-102329,2026-04-04,East,Patna,Denim Jacket,Fashion,1,2299,2299,CUST-87040,Website
UK-2026-102847,2026-04-17,East,Kolkata,Eau de Parfum 100ml,Beauty,1,2060,2060,CUST-96603,Marketplace
UK-2026-102860,2026-04-10,North,Delhi,Sunscreen SPF50,Beauty,1,553,553,CUST-29296,App
UK-2026-104202,2026-06-06,North,Delhi,Badminton Racket Set,Sports,1,2541,2541,CUST-49096,App
UK-2026-103981,2026-05-28,East,Kolkata,Silk Saree,Fashion,1,3459,3459,CUST-96141,Website
UK-2026-100687,2026-01-18,Central,Raipur,Cricket Bat English Willow,Sports,2,8863,17726,CUST-96603,App
UK-2026-104872,2026-06-08,South,Bengaluru,Cotton Bedsheet Set,Home & Kitchen,2,1405,2810,CUST-65790,Marketplace
UK-2026-103026,2026-04-09,North,Noida,Beard Grooming Kit,Beauty,1,950,950,CUST-92797,App
UK-2026-102598,2026-04-25,Central,Raipur,Electric Kettle 1.5L,Home & Kitchen,2,1118,2236,CUST-98946,Marketplace
UK-2026-100907,2026-02-03,West,Pune,Makeup Brush Set,Beauty,1,1300,1300,CUST-32536,App
UK-2026-104685,2026-06-28,Central,Raipur,Formal Shirt,Fashion,2,1098,2196,CUST-25875,Website
UK-2026-100452,2026-01-23,South,Hyderabad,Face Wash Combo,Beauty,1,465,465,CUST-46587,App
UK-2026-100781,2026-02-08,South,Hyderabad,Mixer Grinder 750W,Home & Kitchen,1,3307,3307,CUST-29874,App
UK-2026-100237,2026-01-25,West,Ahmedabad,Ultrabook Air 14,Electronics,1,29028,29028,CUST-58061,Website
UK-2026-102403,2026-04-10,Central,Nagpur,Formal Shirt,Fashion,1,1145,1145,CUST-21530,Website
UK-2026-101237,2026-02-22,West,Pune,Yoga Mat Pro,Sports,1,1253,1253,CUST-35964,App
UK-2026-101569,2026-03-09,West,Ahmedabad,Formal Shirt,Fashion,1,1143,1143,CUST-71743,App
UK-2026-101878,2026-03-09,North,Chandigarh,Air Fryer 5L,Home & Kitchen,1,5736,5736,CUST-13240,Website
UK-2026-101126,2026-02-10,Central,Nagpur,Face Wash Combo,Beauty,2,451,902,CUST-94887,App
UK-2026-102280,2026-04-15,South,Kochi,Running Sneakers,Fashion,1,2757,2757,CUST-83960,Website
UK-2026-102696,2026-04-01,North,Noida,Leather Wallet,Fashion,1,863,863,CUST-19998,App
UK-2026-103931,2026-05-07,West,Pune,Cotton Bedsheet Set,Home & Kitchen,1,1450,1450,CUST-95605,Website
UK-2026-101034,2026-02-14,West,Surat,Cotton Kurta Set,Fashion,1,1270,1270,CUST-71133,App
UK-2026-100063,2026-01-14,North,Delhi,Mixer Grinder 750W,Home & Kitchen,1,3239,3239,CUST-12675,App
UK-2026-102782,2026-04-19,West,Mumbai,Noise-Cancelling Headphones,Electronics,1,8996,8996,CUST-31702,Website
UK-2026-104705,2026-06-21,East,Kolkata,Yoga Mat Pro,Sports,1,1232,1232,CUST-60878,App
UK-2026-102750,2026-04-29,West,Pune,Robot Vacuum R7,Home & Kitchen,2,19368,38736,CUST-32293,Website
UK-2026-104941,2026-06-22,North,Noida,Badminton Racket Set,Sports,1,2390,2390,CUST-14749,Marketplace
UK-2026-102906,2026-04-20,Central,Indore,Modern Wall Clock,Home & Kitchen,2,787,1574,CUST-99075,Website
UK-2026-102651,2026-04-17,East,Kolkata,Leather Wallet,Fashion,1,888,888,CUST-14894,App
UK-2026-102209,2026-03-30,East,Guwahati,Ethnic Dupatta,Fashion,1,494,494,CUST-27684,App
UK-2026-102187,2026-03-15,South,Kochi,Running Sneakers,Fashion,4,2673,10692,CUST-48841,App
UK-2026-103734,2026-05-18,North,Gurugram,43-inch Smart TV,Electronics,1,26913,26913,CUST-94417,App
UK-2026-101999,2026-03-23,East,Patna,Makeup Brush Set,Beauty,1,1341,1341,CUST-62765,Website
UK-2026-102853,2026-04-01,East,Bhubaneswar,Matte Lipstick Set,Beauty,1,867,867,CUST-56342,Marketplace
UK-2026-102442,2026-04-20,North,Delhi,Non-Stick Cookware Set,Home & Kitchen,1,2821,2821,CUST-88398,Website
UK-2026-102734,2026-04-25,North,Noida,Slim Fit Jeans,Fashion,1,1675,1675,CUST-64779,Marketplace
UK-2026-104856,2026-06-17,South,Chennai,Ultrabook Air 14,Electronics,1,29430,29430,CUST-85700,App
UK-2026-101938,2026-03-27,West,Mumbai,Eau de Parfum 100ml,Beauty,1,2075,2075,CUST-73214,App
UK-2026-100345,2026-01-31,North,Delhi,Ionic Hair Dryer,Beauty,1,1882,1882,CUST-26782,App
UK-2026-101322,2026-02-19,South,Bengaluru,Non-Stick Cookware Set,Home & Kitchen,1,2997,2997,CUST-34442,Website
UK-2026-103395,2026-05-21,North,Chandigarh,Formal Shirt,Fashion,1,1124,1124,CUST-85147,App
UK-2026-101648,2026-03-26,West,Ahmedabad,Denim Jacket,Fashion,1,2167,2167,CUST-15207,Website
UK-2026-101535,2026-03-04,South,Kochi,43-inch Smart TV,Electronics,4,27058,108232,CUST-10530,Marketplace
UK-2026-100046,2026-01-29,North,Delhi,Wireless Earbuds Pro,Electronics,2,2970,5940,CUST-86507,App
UK-2026-100322,2026-01-21,South,Bengaluru,Air Fryer 5L,Home & Kitchen,1,5659,5659,CUST-62544,Website
UK-2026-104510,2026-06-28,South,Chennai,Wireless Earbuds Pro,Electronics,1,2869,2869,CUST-42120,Website
UK-2026-102617,2026-04-12,Central,Raipur,Wireless Earbuds Pro,Electronics,1,2864,2864,CUST-22002,App
UK-2026-103486,2026-05-11,West,Surat,Eau de Parfum 100ml,Beauty,1,1932,1932,CUST-26499,App
UK-2026-101633,2026-03-14,East,Kolkata,Air Fryer 5L,Home & Kitchen,1,5399,5399,CUST-86527,App
UK-2026-104447,2026-06-16,South,Bengaluru,Denim Jacket,Fashion,3,2263,6789,CUST-70772,Website
UK-2026-102312,2026-04-27,North,Delhi,Cotton Kurta Set,Fashion,1,1340,1340,CUST-33070,App
UK-2026-101172,2026-02-05,North,Gurugram,Electric Kettle 1.5L,Home & Kitchen,2,1117,2234,CUST-89473,Website
UK-2026-103537,2026-05-01,West,Mumbai,Beard Grooming Kit,Beauty,1,964,964,CUST-16093,App
UK-2026-103220,2026-05-30,North,Delhi,Leather Wallet,Fashion,1,918,918,CUST-87040,App
UK-2026-104817,2026-06-25,East,Patna,Bluetooth Speaker Mini,Electronics,1,1492,1492,CUST-40047,App
UK-2026-100665,2026-01-09,North,Noida,Mirrorless Camera Lite,Electronics,1,27587,27587,CUST-50453,App
UK-2026-100270,2026-01-23,North,Delhi,Mixer Grinder 750W,Home & Kitchen,4,3278,13112,CUST-27405,App
UK-2026-100446,2026-01-13,East,Guwahati,Cricket Bat English Willow,Sports,2,8708,17416,CUST-55385,App
UK-2026-101016,2026-02-27,West,Surat,Eau de Parfum 100ml,Beauty,1,2025,2025,CUST-14894,App
UK-2026-101601,2026-03-07,West,Pune,Air Fryer 5L,Home & Kitchen,2,5544,11088,CUST-56465,Marketplace
UK-2026-100048,2026-01-05,South,Kochi,Mirrorless Camera Lite,Electronics,3,29382,88146,CUST-51671,App
UK-2026-102622,2026-04-06,North,Delhi,43-inch Smart TV,Electronics,1,24831,24831,CUST-99797,App
UK-2026-101020,2026-02-23,Central,Raipur,Modern Wall Clock,Home & Kitchen,1,822,822,CUST-94393,App
UK-2026-103836,2026-05-16,South,Bengaluru,Dinner Set 24pc,Home & Kitchen,1,2571,2571,CUST-43256,Website
UK-2026-104463,2026-06-13,North,Noida,Yoga Mat Pro,Sports,1,1223,1223,CUST-53931,App
UK-2026-103261,2026-05-02,Central,Raipur,Leather Wallet,Fashion,1,865,865,CUST-30780,Website
UK-2026-102181,2026-03-01,South,Hyderabad,Smart Watch X2,Electronics,1,4342,4342,CUST-91275,App
UK-2026-102658,2026-04-13,North,Chandigarh,Non-Stick Cookware Set,Home & Kitchen,1,2936,2936,CUST-11916,Website
UK-2026-104670,2026-06-30,North,Gurugram,Football Size 5,Sports,1,875,875,CUST-15046,App
UK-2026-101862,2026-03-07,Central,Indore,Noise-Cancelling Headphones,Electronics,1,9089,9089,CUST-39831,App
UK-2026-100364,2026-01-24,Central,Indore,Noise-Cancelling Headphones,Electronics,1,8708,8708,CUST-13596,Website
UK-2026-101173,2026-02-07,North,Gurugram,Sunscreen SPF50,Beauty,4,524,2096,CUST-15807,App
UK-2026-101612,2026-03-20,North,Noida,Non-Stick Cookware Set,Home & Kitchen,1,2823,2823,CUST-28609,App
UK-2026-103652,2026-05-26,South,Kochi,Cycling Helmet,Sports,1,1599,1599,CUST-13468,App
UK-2026-101414,2026-02-11,North,Gurugram,Denim Jacket,Fashion,1,2263,2263,CUST-32536,Website
UK-2026-101225,2026-02-09,South,Hyderabad,Mixer Grinder 750W,Home & Kitchen,1,3323,3323,CUST-53307,App
UK-2026-103136,2026-05-04,South,Kochi,Power Bank 20000mAh,Electronics,1,1822,1822,CUST-80149,Marketplace
UK-2026-102124,2026-03-24,North,Noida,Formal Shirt,Fashion,4,1137,4548,CUST-75742,App
UK-2026-101836,2026-03-02,North,Delhi,Silk Saree,Fashion,1,3437,3437,CUST-20383,Website
UK-2026-104224,2026-06-22,South,Hyderabad,Cotton Bedsheet Set,Home & Kitchen,1,1358,1358,CUST-56497,App
UK-2026-103496,2026-05-11,North,Chandigarh,Sunscreen SPF50,Beauty,1,552,552,CUST-22792,Website
UK-2026-104434,2026-06-13,West,Pune,Ultrabook Air 14,Electronics,1,30650,30650,CUST-78246,Marketplace
UK-2026-103513,2026-05-27,North,Delhi,Eau de Parfum 100ml,Beauty,1,2047,2047,CUST-14514,Website
UK-2026-103025,2026-04-03,Central,Raipur,Ionic Hair Dryer,Beauty,1,1901,1901,CUST-15003,Website
UK-2026-102638,2026-04-17,East,Kolkata,Air Fryer 5L,Home & Kitchen,2,5679,11358,CUST-41560,App
UK-2026-104071,2026-06-01,South,Kochi,Mixer Grinder 750W,Home & Kitchen,1,3364,3364,CUST-15137,App
UK-2026-103468,2026-05-14,West,Surat,Cricket Bat English Willow,Sports,1,8555,8555,CUST-26397,Website
UK-2026-102467,2026-04-22,East,Guwahati,Leather Wallet,Fashion,1,937,937,CUST-89012,App
UK-2026-101411,2026-02-09,South,Hyderabad,Smart Watch X2,Electronics,2,4346,8692,CUST-62661,App
UK-2026-100550,2026-01-11,East,Guwahati,Modern Wall Clock,Home & Kitchen,2,767,1534,CUST-58372,Website
UK-2026-102873,2026-04-10,West,Mumbai,Electric Kettle 1.5L,Home & Kitchen,1,1051,1051,CUST-99210,Marketplace
UK-2026-102450,2026-04-23,South,Bengaluru,Football Size 5,Sports,1,917,917,CUST-60825,App
UK-2026-101066,2026-02-07,North,Chandigarh,Non-Stick Cookware Set,Home & Kitchen,1,2769,2769,CUST-87828,Website
UK-2026-100899,2026-02-17,South,Hyderabad,Yoga Mat Pro,Sports,1,1166,1166,CUST-72157,App
UK-2026-104104,2026-06-21,East,Bhubaneswar,Ionic Hair Dryer,Beauty,1,1983,1983,CUST-21170,App
UK-2026-100030,2026-01-08,North,Chandigarh,Silk Saree,Fashion,1,3375,3375,CUST-86507,Website
UK-2026-102574,2026-04-24,West,Surat,Cotton Kurta Set,Fashion,2,1249,2498,CUST-83340,Marketplace
UK-2026-102493,2026-04-26,Central,Raipur,Formal Shirt,Fashion,1,1109,1109,CUST-23591,App
UK-2026-101283,2026-02-06,North,Gurugram,Yoga Mat Pro,Sports,1,1163,1163,CUST-89795,Website
UK-2026-100512,2026-01-11,West,Pune,Denim Jacket,Fashion,1,2162,2162,CUST-54148,Website
UK-2026-100490,2026-01-07,South,Hyderabad,Ultrabook Air 14,Electronics,1,31251,31251,CUST-70353,App
UK-2026-103008,2026-04-24,North,Delhi,Vitamin C Serum,Beauty,1,717,717,CUST-97824,App
UK-2026-100625,2026-01-16,South,Kochi,Ultrabook Air 14,Electronics,1,28694,28694,CUST-15355,App
UK-2026-100102,2026-01-13,Central,Nagpur,Robot Vacuum R7,Home & Kitchen,2,18135,36270,CUST-22494,Marketplace
UK-2026-104800,2026-06-11,South,Hyderabad,Cycling Helmet,Sports,1,1620,1620,CUST-96760,Marketplace
UK-2026-103042,2026-04-16,West,Ahmedabad,Air Fryer 5L,Home & Kitchen,1,5524,5524,CUST-73839,Website
UK-2026-100875,2026-02-10,South,Chennai,Wireless Earbuds Pro,Electronics,1,3041,3041,CUST-18093,App
UK-2026-103452,2026-05-29,South,Kochi,Foldable Treadmill T2,Sports,1,25972,25972,CUST-42938,Marketplace
UK-2026-104662,2026-06-26,West,Ahmedabad,Dinner Set 24pc,Home & Kitchen,1,2520,2520,CUST-50778,App
UK-2026-101753,2026-03-18,South,Chennai,Power Bank 20000mAh,Electronics,1,1812,1812,CUST-43141,App
UK-2026-100768,2026-02-26,East,Bhubaneswar,Air Fryer 5L,Home & Kitchen,1,5710,5710,CUST-21683,Marketplace
UK-2026-104893,2026-06-05,Central,Nagpur,Power Bank 20000mAh,Electronics,1,1750,1750,CUST-47508,Marketplace
UK-2026-102260,2026-04-22,West,Pune,Matte Lipstick Set,Beauty,1,876,876,CUST-80032,App
UK-2026-104771,2026-06-20,South,Bengaluru,Smart Watch X2,Electronics,2,4409,8818,CUST-74192,Website
UK-2026-100158,2026-01-02,West,Surat,Noise-Cancelling Headphones,Electronics,1,9013,9013,CUST-28069,Website
UK-2026-103281,2026-05-11,Central,Indore,Non-Stick Cookware Set,Home & Kitchen,1,2906,2906,CUST-42938,Website
UK-2026-103085,2026-04-22,South,Bengaluru,Mixer Grinder 750W,Home & Kitchen,1,3353,3353,CUST-55028,App
UK-2026-103990,2026-05-03,North,Delhi,43-inch Smart TV,Electronics,1,27020,27020,CUST-82772,App
UK-2026-100236,2026-01-30,East,Bhubaneswar,Wireless Earbuds Pro,Electronics,1,2901,2901,CUST-63845,App
UK-2026-102848,2026-04-08,East,Guwahati,Denim Jacket,Fashion,1,2243,2243,CUST-53722,App
UK-2026-103732,2026-05-27,East,Bhubaneswar,Dinner Set 24pc,Home & Kitchen,1,2540,2540,CUST-64507,App
UK-2026-104999,2026-06-03,East,Kolkata,Badminton Racket Set,Sports,2,2428,4856,CUST-76671,Marketplace
UK-2026-101443,2026-02-02,South,Chennai,Denim Jacket,Fashion,4,2144,8576,CUST-35964,Website
UK-2026-104267,2026-06-01,Central,Indore,Ionic Hair Dryer,Beauty,2,1915,3830,CUST-24712,App
UK-2026-102354,2026-04-28,South,Bengaluru,Vitamin C Serum,Beauty,1,687,687,CUST-84709,Website
UK-2026-101993,2026-03-14,South,Kochi,Non-Stick Cookware Set,Home & Kitchen,1,2983,2983,CUST-58488,App
UK-2026-100131,2026-01-11,Central,Raipur,Wireless Earbuds Pro,Electronics,2,2900,5800,CUST-99549,Website
UK-2026-103029,2026-04-11,South,Bengaluru,Cotton Bedsheet Set,Home & Kitchen,2,1465,2930,CUST-59383,App
UK-2026-103363,2026-05-21,East,Guwahati,Modern Wall Clock,Home & Kitchen,2,786,1572,CUST-69616,App
UK-2026-103438,2026-05-12,West,Ahmedabad,Leather Wallet,Fashion,1,934,934,CUST-81047,Website
UK-2026-100849,2026-02-09,West,Surat,Robot Vacuum R7,Home & Kitchen,1,19520,19520,CUST-32592,App
UK-2026-100318,2026-01-04,North,Gurugram,Cycling Helmet,Sports,1,1522,1522,CUST-75953,App
UK-2026-101771,2026-03-16,West,Pune,Gym Gloves,Sports,1,482,482,CUST-42398,Website
UK-2026-101089,2026-02-25,East,Patna,Mirrorless Camera Lite,Electronics,1,29654,29654,CUST-76821,App
UK-2026-104897,2026-06-24,South,Kochi,Robot Vacuum R7,Home & Kitchen,1,18904,18904,CUST-98491,Website
UK-2026-104285,2026-06-03,North,Noida,43-inch Smart TV,Electronics,1,25966,25966,CUST-94736,Marketplace
UK-2026-100183,2026-01-26,North,Gurugram,Silk Saree,Fashion,2,3331,6662,CUST-28248,Marketplace
UK-2026-104688,2026-06-05,West,Pune,Makeup Brush Set,Beauty,1,1345,1345,CUST-51151,Website
UK-2026-104114,2026-06-15,South,Bengaluru,Vitamin C Serum,Beauty,1,684,684,CUST-54277,Website
UK-2026-104241,2026-06-16,Central,Indore,Cotton Bedsheet Set,Home & Kitchen,1,1461,1461,CUST-91516,App
UK-2026-103009,2026-04-09,Central,Indore,Smart Watch X2,Electronics,1,4295,4295,CUST-86527,Marketplace
UK-2026-102965,2026-04-07,North,Noida,Sunscreen SPF50,Beauty,1,554,554,CUST-84469,App
UK-2026-101801,2026-03-18,West,Mumbai,Mirrorless Camera Lite,Electronics,1,29376,29376,CUST-87005,App
UK-2026-101666,2026-03-14,East,Bhubaneswar,Robot Vacuum R7,Home & Kitchen,2,19816,39632,CUST-94269,Website
UK-2026-102128,2026-03-15,Central,Nagpur,Sunscreen SPF50,Beauty,1,558,558,CUST-21616,Marketplace
UK-2026-102437,2026-04-24,East,Kolkata,Running Sneakers,Fashion,1,2725,2725,CUST-73389,Website
UK-2026-100379,2026-01-20,East,Bhubaneswar,Mixer Grinder 750W,Home & Kitchen,3,3241,9723,CUST-52917,Website
UK-2026-103727,2026-05-08,West,Pune,Bluetooth Speaker Mini,Electronics,1,1487,1487,CUST-34464,Website
UK-2026-103196,2026-05-09,East,Patna,Mirrorless Camera Lite,Electronics,1,28271,28271,CUST-16694,App
UK-2026-100963,2026-02-28,South,Hyderabad,Air Fryer 5L,Home & Kitchen,1,5699,5699,CUST-53848,App
UK-2026-104316,2026-06-28,South,Bengaluru,Robot Vacuum R7,Home & Kitchen,1,19032,19032,CUST-24530,App
UK-2026-102261,2026-04-25,South,Hyderabad,Silk Saree,Fashion,1,3416,3416,CUST-63522,Website
UK-2026-103019,2026-04-27,West,Pune,Eau de Parfum 100ml,Beauty,3,1935,5805,CUST-88180,App
UK-2026-100114,2026-01-02,South,Kochi,Cotton Kurta Set,Fashion,1,1261,1261,CUST-80149,Marketplace
UK-2026-104101,2026-06-18,East,Guwahati,Cricket Bat English Willow,Sports,1,8790,8790,CUST-74896,Marketplace
UK-2026-104828,2026-06-27,South,Bengaluru,Cotton Bedsheet Set,Home & Kitchen,3,1388,4164,CUST-39680,App
UK-2026-100954,2026-02-12,East,Patna,Face Wash Combo,Beauty,1,465,465,CUST-27192,Website
UK-2026-104215,2026-06-16,North,Chandigarh,Eau de Parfum 100ml,Beauty,4,1996,7984,CUST-19374,Website
UK-2026-104791,2026-06-19,South,Kochi,Beard Grooming Kit,Beauty,1,1016,1016,CUST-16748,Marketplace
UK-2026-100998,2026-02-09,North,Noida,Ethnic Dupatta,Fashion,2,504,1008,CUST-34265,App
UK-2026-102246,2026-04-18,South,Bengaluru,Makeup Brush Set,Beauty,1,1345,1345,CUST-98185,Marketplace
UK-2026-104871,2026-06-08,Central,Indore,Cycling Helmet,Sports,1,1603,1603,CUST-85853,App
UK-2026-101518,2026-03-25,Central,Indore,Ionic Hair Dryer,Beauty,1,1850,1850,CUST-66720,Marketplace
UK-2026-101960,2026-03-08,West,Pune,Beard Grooming Kit,Beauty,2,1023,2046,CUST-45659,Website
UK-2026-103479,2026-05-09,South,Chennai,Silk Saree,Fashion,1,3464,3464,CUST-51901,App
UK-2026-101850,2026-03-11,East,Patna,Football Size 5,Sports,1,862,862,CUST-39976,App
UK-2026-104695,2026-06-14,West,Surat,Wireless Earbuds Pro,Electronics,1,2962,2962,CUST-95395,App
UK-2026-100011,2026-01-25,South,Hyderabad,Ionic Hair Dryer,Beauty,1,1984,1984,CUST-73790,App
UK-2026-101259,2026-02-26,West,Surat,Adjustable Dumbbells 15kg,Sports,2,4944,9888,CUST-42689,Website
UK-2026-100989,2026-02-24,South,Chennai,Running Sneakers,Fashion,1,2707,2707,CUST-10148,App
UK-2026-104831,2026-06-16,North,Gurugram,Smart Watch X2,Electronics,1,4655,4655,CUST-94511,App
UK-2026-103613,2026-05-30,Central,Indore,Slim Fit Jeans,Fashion,2,1640,3280,CUST-77180,App
UK-2026-100860,2026-02-26,Central,Raipur,Vitamin C Serum,Beauty,1,733,733,CUST-45731,Website
UK-2026-100388,2026-01-01,North,Gurugram,Foldable Treadmill T2,Sports,1,25670,25670,CUST-80149,App
UK-2026-102952,2026-04-10,North,Gurugram,Smart Watch X2,Electronics,1,4360,4360,CUST-86892,App
UK-2026-100867,2026-02-27,East,Bhubaneswar,Cotton Bedsheet Set,Home & Kitchen,1,1402,1402,CUST-41313,Website
UK-2026-104583,2026-06-13,North,Noida,Ultrabook Air 14,Electronics,1,31075,31075,CUST-87649,App
UK-2026-104564,2026-06-24,West,Mumbai,Yoga Mat Pro,Sports,2,1195,2390,CUST-96370,App
UK-2026-103656,2026-05-10,East,Patna,Modern Wall Clock,Home & Kitchen,2,834,1668,CUST-55302,App
UK-2026-100839,2026-02-14,North,Delhi,Dinner Set 24pc,Home & Kitchen,1,2515,2515,CUST-48557,App
UK-2026-101203,2026-02-20,South,Chennai,Cotton Kurta Set,Fashion,1,1244,1244,CUST-97824,Website
UK-2026-100154,2026-01-03,East,Patna,Electric Kettle 1.5L,Home & Kitchen,1,1052,1052,CUST-25476,Website
UK-2026-104877,2026-06-25,East,Guwahati,Beard Grooming Kit,Beauty,4,999,3996,CUST-58127,App
UK-2026-101187,2026-02-08,South,Kochi,Face Wash Combo,Beauty,1,433,433,CUST-68000,App
UK-2026-101860,2026-03-03,West,Surat,Bluetooth Speaker Mini,Electronics,1,1494,1494,CUST-50043,App
UK-2026-102393,2026-04-19,Central,Nagpur,Foldable Treadmill T2,Sports,2,25684,51368,CUST-19179,Website
UK-2026-104915,2026-06-19,North,Gurugram,Cotton Kurta Set,Fashion,1,1313,1313,CUST-64137,Website
UK-2026-102125,2026-03-13,South,Chennai,Non-Stick Cookware Set,Home & Kitchen,1,2976,2976,CUST-30081,App
UK-2026-101900,2026-03-17,West,Surat,Foldable Treadmill T2,Sports,1,24777,24777,CUST-74477,Website
UK-2026-104233,2026-06-11,West,Surat,Dinner Set 24pc,Home & Kitchen,1,2423,2423,CUST-32955,App
UK-2026-101757,2026-03-29,South,Kochi,Face Wash Combo,Beauty,2,464,928,CUST-86806,App
UK-2026-103200,2026-05-29,North,Chandigarh,Gym Gloves,Sports,1,514,514,CUST-41090,App
UK-2026-100357,2026-01-16,South,Hyderabad,Cotton Bedsheet Set,Home & Kitchen,1,1333,1333,CUST-58973,Website
UK-2026-100630,2026-01-30,North,Gurugram,Vitamin C Serum,Beauty,2,679,1358,CUST-80683,Marketplace
UK-2026-104039,2026-06-10,East,Guwahati,Adjustable Dumbbells 15kg,Sports,2,5092,10184,CUST-53566,App
UK-2026-100917,2026-02-02,East,Patna,Cycling Helmet,Sports,2,1557,3114,CUST-77571,Website
UK-2026-101760,2026-03-07,South,Hyderabad,Cotton Kurta Set,Fashion,1,1272,1272,CUST-14282,Marketplace
UK-2026-101594,2026-03-17,North,Noida,Noise-Cancelling Headphones,Electronics,1,8751,8751,CUST-23635,App
UK-2026-102039,2026-03-15,West,Mumbai,Ethnic Dupatta,Fashion,2,482,964,CUST-86292,App
UK-2026-104408,2026-06-20,East,Bhubaneswar,Yoga Mat Pro,Sports,1,1173,1173,CUST-15644,Website
UK-2026-102956,2026-04-25,South,Chennai,Silk Saree,Fashion,2,3541,7082,CUST-76111,App
UK-2026-104507,2026-06-05,Central,Raipur,Dinner Set 24pc,Home & Kitchen,1,2450,2450,CUST-38493,App
UK-2026-104206,2026-06-05,East,Kolkata,Air Fryer 5L,Home & Kitchen,2,5357,10714,CUST-56357,App
UK-2026-103265,2026-05-03,South,Bengaluru,Cycling Helmet,Sports,1,1563,1563,CUST-71648,Website
UK-2026-102100,2026-03-03,West,Ahmedabad,Cricket Bat English Willow,Sports,2,8752,17504,CUST-83842,App
UK-2026-103840,2026-05-30,East,Patna,Bluetooth Speaker Mini,Electronics,1,1490,1490,CUST-42689,Marketplace
UK-2026-101723,2026-03-21,Central,Indore,Robot Vacuum R7,Home & Kitchen,1,19546,19546,CUST-88117,Marketplace
UK-2026-100348,2026-01-27,South,Bengaluru,Mirrorless Camera Lite,Electronics,1,30117,30117,CUST-35126,Website
UK-2026-103224,2026-05-04,South,Kochi,Football Size 5,Sports,1,939,939,CUST-86892,App
UK-2026-100242,2026-01-09,South,Bengaluru,Ethnic Dupatta,Fashion,1,496,496,CUST-10767,App
UK-2026-104273,2026-06-23,Central,Bhopal,Cricket Bat English Willow,Sports,1,8714,8714,CUST-33353,App
UK-2026-100912,2026-02-22,North,Chandigarh,Ultrabook Air 14,Electronics,1,30279,30279,CUST-12789,Website
UK-2026-100203,2026-01-08,South,Kochi,Noise-Cancelling Headphones,Electronics,1,9241,9241,CUST-67396,App
UK-2026-101787,2026-03-27,West,Mumbai,Silk Saree,Fashion,4,3474,13896,CUST-75248,Website
UK-2026-101230,2026-02-20,South,Chennai,Wireless Earbuds Pro,Electronics,2,2922,5844,CUST-82605,App
UK-2026-102397,2026-04-04,South,Kochi,Makeup Brush Set,Beauty,1,1282,1282,CUST-34284,Website
UK-2026-104061,2026-06-29,East,Bhubaneswar,Leather Wallet,Fashion,2,874,1748,CUST-22684,Marketplace
UK-2026-103288,2026-05-03,East,Guwahati,Cricket Bat English Willow,Sports,2,9332,18664,CUST-69091,App
UK-2026-103429,2026-05-01,North,Delhi,Ethnic Dupatta,Fashion,1,515,515,CUST-48430,Website
UK-2026-103475,2026-05-10,North,Noida,Running Sneakers,Fashion,1,2937,2937,CUST-33669,Website
UK-2026-100549,2026-01-09,North,Chandigarh,Air Fryer 5L,Home & Kitchen,1,5314,5314,CUST-54148,Website
UK-2026-104086,2026-06-08,North,Gurugram,43-inch Smart TV,Electronics,1,26504,26504,CUST-40047,Marketplace
UK-2026-102758,2026-04-07,South,Kochi,Cricket Bat English Willow,Sports,1,9177,9177,CUST-33929,App
UK-2026-100958,2026-02-19,West,Surat,Air Fryer 5L,Home & Kitchen,1,5746,5746,CUST-49787,Website
UK-2026-101163,2026-02-20,North,Gurugram,Ethnic Dupatta,Fashion,1,510,510,CUST-96315,Website
UK-2026-102672,2026-04-07,West,Ahmedabad,Bluetooth Speaker Mini,Electronics,1,1564,1564,CUST-78168,App
UK-2026-104113,2026-06-24,Central,Bhopal,Noise-Cancelling Headphones,Electronics,1,9233,9233,CUST-88901,Website
UK-2026-100157,2026-01-11,West,Ahmedabad,Wireless Earbuds Pro,Electronics,1,3120,3120,CUST-73263,Marketplace
UK-2026-100494,2026-01-20,East,Bhubaneswar,Power Bank 20000mAh,Electronics,1,1839,1839,CUST-46954,Website
UK-2026-101582,2026-03-14,North,Chandigarh,Cricket Bat English Willow,Sports,1,9083,9083,CUST-76369,Marketplace
UK-2026-102136,2026-03-10,South,Chennai,Cycling Helmet,Sports,1,1610,1610,CUST-95993,App
UK-2026-104554,2026-06-28,West,Ahmedabad,Modern Wall Clock,Home & Kitchen,3,767,2301,CUST-33312,App
UK-2026-103716,2026-05-13,West,Surat,Slim Fit Jeans,Fashion,1,1661,1661,CUST-67862,Website
UK-2026-104410,2026-06-27,South,Kochi,Cotton Kurta Set,Fashion,1,1337,1337,CUST-44042,App
UK-2026-102532,2026-04-28,South,Hyderabad,Bluetooth Speaker Mini,Electronics,1,1506,1506,CUST-22143,App
UK-2026-101239,2026-02-05,West,Mumbai,Non-Stick Cookware Set,Home & Kitchen,1,2825,2825,CUST-16526,App
UK-2026-103921,2026-05-06,East,Kolkata,Electric Kettle 1.5L,Home & Kitchen,1,1103,1103,CUST-65757,Website
UK-2026-100844,2026-02-24,South,Chennai,Mixer Grinder 750W,Home & Kitchen,1,3282,3282,CUST-86292,Marketplace
UK-2026-103820,2026-05-08,South,Kochi,Badminton Racket Set,Sports,1,2591,2591,CUST-17338,Website
UK-2026-104983,2026-06-25,North,Noida,Formal Shirt,Fashion,1,1145,1145,CUST-31350,App
UK-2026-101796,2026-03-15,East,Bhubaneswar,Power Bank 20000mAh,Electronics,2,1883,3766,CUST-73263,Website
UK-2026-101386,2026-02-10,North,Gurugram,Beard Grooming Kit,Beauty,2,987,1974,CUST-22029,App
UK-2026-104260,2026-06-30,Central,Bhopal,Adjustable Dumbbells 15kg,Sports,2,4786,9572,CUST-84480,App
UK-2026-103784,2026-05-03,South,Hyderabad,Dinner Set 24pc,Home & Kitchen,1,2563,2563,CUST-77899,Website
UK-2026-103094,2026-05-18,East,Bhubaneswar,Matte Lipstick Set,Beauty,1,896,896,CUST-93658,Website
UK-2026-101509,2026-03-09,West,Mumbai,43-inch Smart TV,Electronics,1,26018,26018,CUST-76231,Marketplace
UK-2026-104148,2026-06-02,Central,Nagpur,Power Bank 20000mAh,Electronics,1,1853,1853,CUST-14282,Website
UK-2026-103348,2026-05-12,Central,Indore,Modern Wall Clock,Home & Kitchen,1,781,781,CUST-33040,Marketplace
UK-2026-101008,2026-02-07,North,Delhi,Cycling Helmet,Sports,1,1560,1560,CUST-71031,Marketplace
UK-2026-101323,2026-02-11,South,Hyderabad,Ionic Hair Dryer,Beauty,2,1904,3808,CUST-16305,Website
UK-2026-104971,2026-06-18,East,Guwahati,Running Sneakers,Fashion,1,2720,2720,CUST-85382,Marketplace
UK-2026-102540,2026-04-22,North,Delhi,Vitamin C Serum,Beauty,1,727,727,CUST-10530,App
UK-2026-104891,2026-06-11,Central,Bhopal,Mirrorless Camera Lite,Electronics,1,28973,28973,CUST-19179,Marketplace
UK-2026-103360,2026-05-08,West,Ahmedabad,Matte Lipstick Set,Beauty,1,926,926,CUST-28446,Marketplace
UK-2026-100387,2026-01-19,South,Hyderabad,Bluetooth Speaker Mini,Electronics,2,1502,3004,CUST-38185,Website
UK-2026-103671,2026-05-11,East,Guwahati,Smart Watch X2,Electronics,3,4542,13626,CUST-82772,Website
UK-2026-104176,2026-06-03,South,Hyderabad,Non-Stick Cookware Set,Home & Kitchen,1,2908,2908,CUST-43853,App
UK-2026-103968,2026-05-15,North,Delhi,Noise-Cancelling Headphones,Electronics,1,8821,8821,CUST-77117,App
UK-2026-101854,2026-03-01,South,Hyderabad,Electric Kettle 1.5L,Home & Kitchen,1,1101,1101,CUST-57863,Marketplace
UK-2026-102192,2026-03-10,South,Chennai,Football Size 5,Sports,1,911,911,CUST-66131,Marketplace
UK-2026-103816,2026-05-17,West,Mumbai,Face Wash Combo,Beauty,1,465,465,CUST-12128,App
UK-2026-100205,2026-01-01,Central,Raipur,Gym Gloves,Sports,3,518,1554,CUST-68243,App
UK-2026-104902,2026-06-11,West,Pune,Air Fryer 5L,Home & Kitchen,1,5289,5289,CUST-47220,Marketplace
UK-2026-104914,2026-06-26,South,Kochi,Gym Gloves,Sports,1,476,476,CUST-53838,Marketplace
UK-2026-100434,2026-01-26,Central,Indore,Cotton Bedsheet Set,Home & Kitchen,2,1383,2766,CUST-97832,Website
UK-2026-102682,2026-04-07,South,Bengaluru,Noise-Cancelling Headphones,Electronics,1,8605,8605,CUST-13051,App
UK-2026-101704,2026-03-29,South,Bengaluru,Modern Wall Clock,Home & Kitchen,1,769,769,CUST-62661,Marketplace
UK-2026-100705,2026-01-10,West,Pune,Mixer Grinder 750W,Home & Kitchen,2,3446,6892,CUST-29296,Website
UK-2026-100380,2026-01-16,East,Kolkata,Beard Grooming Kit,Beauty,3,1047,3141,CUST-25194,App
UK-2026-102056,2026-03-10,North,Gurugram,Smart Watch X2,Electronics,1,4710,4710,CUST-66513,App
UK-2026-103519,2026-05-25,South,Hyderabad,Football Size 5,Sports,3,931,2793,CUST-72586,App
UK-2026-102541,2026-04-24,South,Kochi,Ethnic Dupatta,Fashion,1,517,517,CUST-87923,Website
UK-2026-103707,2026-05-22,South,Bengaluru,Mirrorless Camera Lite,Electronics,2,28260,56520,CUST-16636,Marketplace
UK-2026-102294,2026-04-20,South,Bengaluru,Beard Grooming Kit,Beauty,2,997,1994,CUST-66513,Website
UK-2026-101930,2026-03-19,South,Chennai,Smart Watch X2,Electronics,1,4275,4275,CUST-46749,Website
UK-2026-104575,2026-06-17,South,Bengaluru,Sunscreen SPF50,Beauty,1,526,526,CUST-83758,App
UK-2026-100922,2026-02-08,South,Kochi,Power Bank 20000mAh,Electronics,2,1742,3484,CUST-98040,Website
UK-2026-103962,2026-05-19,North,Delhi,Mirrorless Camera Lite,Electronics,2,29879,59758,CUST-54878,App
UK-2026-103393,2026-05-21,South,Kochi,Matte Lipstick Set,Beauty,1,930,930,CUST-88981,App
UK-2026-104468,2026-06-04,West,Surat,Wireless Earbuds Pro,Electronics,1,3147,3147,CUST-66202,App
UK-2026-100280,2026-01-01,South,Bengaluru,Cotton Bedsheet Set,Home & Kitchen,2,1364,2728,CUST-14346,Website
UK-2026-101565,2026-03-27,South,Hyderabad,Noise-Cancelling Headphones,Electronics,2,9446,18892,CUST-24036,Website
UK-2026-101558,2026-03-29,South,Kochi,43-inch Smart TV,Electronics,1,26845,26845,CUST-83803,Website
UK-2026-103853,2026-05-02,North,Gurugram,Denim Jacket,Fashion,1,2149,2149,CUST-74771,App
UK-2026-102698,2026-04-09,Central,Raipur,Foldable Treadmill T2,Sports,1,24934,24934,CUST-83758,Website
UK-2026-100985,2026-02-01,South,Chennai,Modern Wall Clock,Home & Kitchen,2,770,1540,CUST-99075,App
UK-2026-100371,2026-01-05,North,Delhi,Noise-Cancelling Headphones,Electronics,4,8716,34864,CUST-25728,Website
UK-2026-102804,2026-04-06,East,Patna,Ethnic Dupatta,Fashion,1,515,515,CUST-31702,Website
UK-2026-100328,2026-01-05,East,Patna,Matte Lipstick Set,Beauty,1,920,920,CUST-68773,App
UK-2026-104132,2026-06-15,North,Noida,Power Bank 20000mAh,Electronics,1,1787,1787,CUST-86726,App
UK-2026-101150,2026-02-07,North,Delhi,Running Sneakers,Fashion,2,2877,5754,CUST-70940,Website
UK-2026-101028,2026-02-25,West,Pune,Cotton Kurta Set,Fashion,1,1294,1294,CUST-48339,App
UK-2026-103344,2026-05-13,West,Mumbai,Electric Kettle 1.5L,Home & Kitchen,1,1065,1065,CUST-15619,App
UK-2026-103810,2026-05-18,West,Surat,Adjustable Dumbbells 15kg,Sports,1,5099,5099,CUST-41787,Marketplace
UK-2026-102784,2026-04-20,South,Bengaluru,Noise-Cancelling Headphones,Electronics,1,9315,9315,CUST-22359,Marketplace
UK-2026-104589,2026-06-24,East,Patna,Mixer Grinder 750W,Home & Kitchen,2,3307,6614,CUST-86928,App
UK-2026-102939,2026-04-07,West,Pune,Cotton Kurta Set,Fashion,1,1283,1283,CUST-12050,App
UK-2026-100857,2026-02-27,West,Mumbai,Smart Watch X2,Electronics,1,4474,4474,CUST-71101,Marketplace
UK-2026-100754,2026-02-26,North,Chandigarh,Air Fryer 5L,Home & Kitchen,1,5322,5322,CUST-69141,Website
UK-2026-100793,2026-02-14,East,Bhubaneswar,Robot Vacuum R7,Home & Kitchen,1,19843,19843,CUST-66986,Website
UK-2026-102716,2026-04-12,South,Kochi,43-inch Smart TV,Electronics,2,26171,52342,CUST-32065,Website
UK-2026-102140,2026-03-08,South,Bengaluru,Ultrabook Air 14,Electronics,1,28702,28702,CUST-18590,Website
UK-2026-100210,2026-01-06,Central,Indore,Cycling Helmet,Sports,1,1585,1585,CUST-72862,App
UK-2026-100283,2026-01-26,West,Surat,Noise-Cancelling Headphones,Electronics,1,8844,8844,CUST-83842,Website
UK-2026-100827,2026-02-12,North,Noida,Gym Gloves,Sports,1,512,512,CUST-12424,Website
UK-2026-100884,2026-02-04,West,Surat,Air Fryer 5L,Home & Kitchen,2,5425,10850,CUST-68248,Marketplace
UK-2026-101270,2026-02-13,East,Kolkata,Running Sneakers,Fashion,1,2728,2728,CUST-31702,App
UK-2026-102858,2026-04-20,Central,Indore,Wireless Earbuds Pro,Electronics,2,2886,5772,CUST-37139,Marketplace
UK-2026-104027,2026-06-19,East,Bhubaneswar,Denim Jacket,Fashion,1,2251,2251,CUST-98491,Marketplace
UK-2026-100440,2026-01-18,North,Gurugram,Electric Kettle 1.5L,Home & Kitchen,1,1085,1085,CUST-99146,Marketplace
UK-2026-101868,2026-03-26,South,Chennai,Formal Shirt,Fashion,1,1079,1079,CUST-79559,App
UK-2026-101966,2026-03-05,East,Patna,Vitamin C Serum,Beauty,2,682,1364,CUST-13793,App
UK-2026-100111,2026-01-25,West,Mumbai,Modern Wall Clock,Home & Kitchen,1,817,817,CUST-40265,App
UK-2026-101947,2026-03-16,North,Noida,Adjustable Dumbbells 15kg,Sports,2,4951,9902,CUST-71743,Website
UK-2026-103014,2026-04-17,West,Pune,Leather Wallet,Fashion,2,861,1722,CUST-70162,App
UK-2026-101722,2026-03-05,North,Chandigarh,Smart Watch X2,Electronics,1,4369,4369,CUST-29070,App
UK-2026-103951,2026-05-19,South,Kochi,Mixer Grinder 750W,Home & Kitchen,1,3272,3272,CUST-46607,App
UK-2026-104282,2026-06-10,South,Bengaluru,Mirrorless Camera Lite,Electronics,2,28616,57232,CUST-76707,App
UK-2026-103944,2026-05-10,Central,Raipur,Smart Watch X2,Electronics,1,4505,4505,CUST-29924,App
UK-2026-102872,2026-04-24,Central,Raipur,Electric Kettle 1.5L,Home & Kitchen,1,1070,1070,CUST-40327,App
UK-2026-101477,2026-03-30,South,Kochi,Ultrabook Air 14,Electronics,2,30892,61784,CUST-25875,Marketplace
UK-2026-104360,2026-06-24,East,Kolkata,Cricket Bat English Willow,Sports,1,8611,8611,CUST-82333,App
UK-2026-100087,2026-01-04,North,Gurugram,Cricket Bat English Willow,Sports,4,9078,36312,CUST-67830,App
UK-2026-102526,2026-04-13,North,Noida,Silk Saree,Fashion,1,3601,3601,CUST-45590,App
UK-2026-100847,2026-02-17,East,Kolkata,Robot Vacuum R7,Home & Kitchen,2,18404,36808,CUST-56908,App
UK-2026-103499,2026-05-05,South,Chennai,Denim Jacket,Fashion,1,2286,2286,CUST-27257,App
UK-2026-100288,2026-01-06,West,Mumbai,Wireless Earbuds Pro,Electronics,4,3124,12496,CUST-27599,App
UK-2026-101344,2026-02-18,East,Patna,Vitamin C Serum,Beauty,3,687,2061,CUST-64998,Website
UK-2026-101236,2026-02-19,South,Hyderabad,Running Sneakers,Fashion,1,2715,2715,CUST-63283,App
UK-2026-103560,2026-05-02,South,Hyderabad,Noise-Cancelling Headphones,Electronics,1,8787,8787,CUST-54441,Marketplace
UK-2026-101421,2026-02-16,South,Chennai,Badminton Racket Set,Sports,2,2601,5202,CUST-93896,App
UK-2026-101673,2026-03-09,East,Bhubaneswar,Electric Kettle 1.5L,Home & Kitchen,1,1116,1116,CUST-62860,App
UK-2026-104152,2026-06-02,South,Bengaluru,Running Sneakers,Fashion,1,2800,2800,CUST-55422,App
UK-2026-104492,2026-06-06,Central,Bhopal,Noise-Cancelling Headphones,Electronics,1,8915,8915,CUST-75346,Marketplace
UK-2026-101087,2026-02-11,North,Noida,Air Fryer 5L,Home & Kitchen,1,5750,5750,CUST-58127,Website
UK-2026-100502,2026-01-20,South,Bengaluru,Dinner Set 24pc,Home & Kitchen,1,2418,2418,CUST-43251,App
UK-2026-100006,2026-01-01,West,Surat,Non-Stick Cookware Set,Home & Kitchen,1,3017,3017,CUST-55925,App
UK-2026-101745,2026-03-08,South,Hyderabad,Ionic Hair Dryer,Beauty,1,1858,1858,CUST-86581,Website
UK-2026-100382,2026-01-20,South,Chennai,Denim Jacket,Fashion,1,2215,2215,CUST-86581,Website
UK-2026-103908,2026-05-10,West,Mumbai,Wireless Earbuds Pro,Electronics,2,2908,5816,CUST-15696,Website
UK-2026-103644,2026-05-12,Central,Indore,Formal Shirt,Fashion,1,1138,1138,CUST-99683,App
UK-2026-100009,2026-01-27,North,Chandigarh,Air Fryer 5L,Home & Kitchen,1,5540,5540,CUST-51151,App
UK-2026-100986,2026-02-18,East,Guwahati,Robot Vacuum R7,Home & Kitchen,1,19033,19033,CUST-44646,Website
UK-2026-100407,2026-01-08,North,Chandigarh,Eau de Parfum 100ml,Beauty,1,2003,2003,CUST-27252,App
UK-2026-100083,2026-01-28,North,Delhi,Ultrabook Air 14,Electronics,1,31379,31379,CUST-36592,App
UK-2026-103544,2026-05-23,North,Chandigarh,43-inch Smart TV,Electronics,2,25212,50424,CUST-50914,Marketplace
UK-2026-101546,2026-03-31,South,Bengaluru,Matte Lipstick Set,Beauty,1,903,903,CUST-77180,Website
UK-2026-100453,2026-01-29,South,Kochi,Badminton Racket Set,Sports,2,2561,5122,CUST-37642,Website
UK-2026-103582,2026-05-28,North,Delhi,Gym Gloves,Sports,1,498,498,CUST-69505,Marketplace
UK-2026-100636,2026-01-08,North,Noida,Ultrabook Air 14,Electronics,2,29624,59248,CUST-40047,App
UK-2026-104718,2026-06-04,Central,Nagpur,Formal Shirt,Fashion,1,1087,1087,CUST-88180,App
UK-2026-102055,2026-03-01,North,Chandigarh,Formal Shirt,Fashion,1,1089,1089,CUST-77266,App
UK-2026-102049,2026-03-11,South,Hyderabad,Ultrabook Air 14,Electronics,1,30636,30636,CUST-89900,App
UK-2026-103718,2026-05-14,South,Bengaluru,Robot Vacuum R7,Home & Kitchen,1,19436,19436,CUST-76389,Website
UK-2026-104814,2026-06-25,North,Delhi,Smart Watch X2,Electronics,1,4374,4374,CUST-22824,Website
UK-2026-101877,2026-03-21,South,Kochi,Leather Wallet,Fashion,1,919,919,CUST-66986,Website
UK-2026-101374,2026-02-03,Central,Nagpur,Robot Vacuum R7,Home & Kitchen,1,19903,19903,CUST-88523,Website
UK-2026-100315,2026-01-25,South,Bengaluru,Smart Watch X2,Electronics,1,4575,4575,CUST-89493,App
UK-2026-103653,2026-05-28,South,Chennai,Robot Vacuum R7,Home & Kitchen,1,19569,19569,CUST-54827,App
UK-2026-104934,2026-06-12,North,Chandigarh,Denim Jacket,Fashion,1,2150,2150,CUST-63845,App
UK-2026-104979,2026-06-10,North,Delhi,Bluetooth Speaker Mini,Electronics,1,1468,1468,CUST-26314,Marketplace
UK-2026-103615,2026-05-22,East,Guwahati,Cycling Helmet,Sports,1,1564,1564,CUST-29992,Website
UK-2026-102060,2026-03-27,South,Bengaluru,Wireless Earbuds Pro,Electronics,3,2936,8808,CUST-56209,App
UK-2026-100188,2026-01-26,East,Bhubaneswar,Formal Shirt,Fashion,1,1076,1076,CUST-83929,App
UK-2026-103602,2026-05-01,West,Pune,Ethnic Dupatta,Fashion,1,484,484,CUST-18590,Marketplace
UK-2026-101268,2026-02-18,East,Patna,Yoga Mat Pro,Sports,2,1166,2332,CUST-99879,Website
UK-2026-101823,2026-03-20,North,Chandigarh,Wireless Earbuds Pro,Electronics,1,3114,3114,CUST-92918,App
UK-2026-102054,2026-03-01,South,Chennai,Ethnic Dupatta,Fashion,2,514,1028,CUST-15021,App
UK-2026-103419,2026-05-13,North,Delhi,Power Bank 20000mAh,Electronics,1,1778,1778,CUST-25027,Website
UK-2026-100906,2026-02-24,Central,Bhopal,Non-Stick Cookware Set,Home & Kitchen,1,2809,2809,CUST-29752,Website
UK-2026-102155,2026-03-01,North,Gurugram,Wireless Earbuds Pro,Electronics,1,3044,3044,CUST-62232,Website
UK-2026-104484,2026-06-02,North,Noida,Wireless Earbuds Pro,Electronics,1,3018,3018,CUST-51587,Website
UK-2026-102819,2026-04-16,North,Noida,Robot Vacuum R7,Home & Kitchen,1,19344,19344,CUST-45569,Marketplace
UK-2026-103501,2026-05-10,North,Noida,Smart Watch X2,Electronics,1,4608,4608,CUST-62784,Website
UK-2026-101147,2026-02-24,North,Chandigarh,Noise-Cancelling Headphones,Electronics,1,8962,8962,CUST-67701,Website
UK-2026-100743,2026-02-02,North,Noida,Cotton Kurta Set,Fashion,1,1304,1304,CUST-99879,App
UK-2026-104884,2026-06-26,South,Hyderabad,Running Sneakers,Fashion,1,2777,2777,CUST-66055,Website
UK-2026-100619,2026-01-17,South,Bengaluru,Sunscreen SPF50,Beauty,2,548,1096,CUST-64058,Website
UK-2026-100389,2026-01-30,West,Mumbai,Adjustable Dumbbells 15kg,Sports,1,4772,4772,CUST-66513,Marketplace
UK-2026-101595,2026-03-27,North,Delhi,Running Sneakers,Fashion,2,2933,5866,CUST-86127,App
UK-2026-101790,2026-03-03,South,Kochi,Cotton Bedsheet Set,Home & Kitchen,1,1426,1426,CUST-87396,Marketplace
UK-2026-103598,2026-05-15,West,Ahmedabad,Noise-Cancelling Headphones,Electronics,2,8952,17904,CUST-50483,Website
UK-2026-100795,2026-02-22,North,Chandigarh,Denim Jacket,Fashion,1,2265,2265,CUST-35964,App
UK-2026-101714,2026-03-30,South,Chennai,Denim Jacket,Fashion,2,2144,4288,CUST-88170,App
UK-2026-104925,2026-06-25,South,Kochi,Face Wash Combo,Beauty,1,430,430,CUST-32065,Website
UK-2026-102941,2026-04-26,East,Bhubaneswar,Face Wash Combo,Beauty,1,445,445,CUST-60825,Website
UK-2026-103695,2026-05-20,North,Chandigarh,Air Fryer 5L,Home & Kitchen,1,5301,5301,CUST-16758,App
UK-2026-103473,2026-05-03,West,Pune,Matte Lipstick Set,Beauty,1,943,943,CUST-80945,Website
UK-2026-102536,2026-04-02,South,Kochi,Power Bank 20000mAh,Electronics,2,1783,3566,CUST-35964,Marketplace
UK-2026-102483,2026-04-01,West,Surat,Leather Wallet,Fashion,1,924,924,CUST-87302,App
UK-2026-103565,2026-05-15,South,Chennai,Adjustable Dumbbells 15kg,Sports,1,4967,4967,CUST-13035,Website
UK-2026-100473,2026-01-24,South,Bengaluru,Football Size 5,Sports,1,926,926,CUST-62765,App
UK-2026-100536,2026-01-27,Central,Raipur,Non-Stick Cookware Set,Home & Kitchen,1,2950,2950,CUST-87721,Website
UK-2026-102032,2026-03-18,North,Gurugram,Wireless Earbuds Pro,Electronics,1,2897,2897,CUST-83214,App
UK-2026-101202,2026-02-20,West,Mumbai,Air Fryer 5L,Home & Kitchen,1,5717,5717,CUST-55964,App
UK-2026-100476,2026-01-27,North,Delhi,Robot Vacuum R7,Home & Kitchen,2,18790,37580,CUST-59871,App
UK-2026-104682,2026-06-15,West,Ahmedabad,Slim Fit Jeans,Fashion,4,1650,6600,CUST-52660,App
UK-2026-101730,2026-03-10,Central,Nagpur,Slim Fit Jeans,Fashion,4,1623,6492,CUST-39935,App
UK-2026-104380,2026-06-06,West,Pune,Denim Jacket,Fashion,1,2235,2235,CUST-13468,Marketplace
UK-2026-103088,2026-04-04,South,Kochi,43-inch Smart TV,Electronics,1,27287,27287,CUST-55251,App
UK-2026-101221,2026-02-01,West,Surat,Wireless Earbuds Pro,Electronics,1,2922,2922,CUST-11509,Marketplace
UK-2026-100167,2026-01-16,North,Delhi,Ultrabook Air 14,Electronics,1,28538,28538,CUST-13587,Website
UK-2026-101151,2026-02-26,Central,Indore,Ultrabook Air 14,Electronics,1,30651,30651,CUST-12258,App
UK-2026-102481,2026-04-10,North,Gurugram,Bluetooth Speaker Mini,Electronics,1,1513,1513,CUST-33884,App
UK-2026-104234,2026-06-20,South,Chennai,Cycling Helmet,Sports,1,1544,1544,CUST-89130,App
UK-2026-101762,2026-03-09,West,Mumbai,Mirrorless Camera Lite,Electronics,1,28207,28207,CUST-30872,Marketplace
UK-2026-102389,2026-04-15,North,Gurugram,Robot Vacuum R7,Home & Kitchen,2,18913,37826,CUST-91431,App
UK-2026-104180,2026-06-03,North,Gurugram,Non-Stick Cookware Set,Home & Kitchen,1,2955,2955,CUST-74896,App
UK-2026-101437,2026-02-18,North,Noida,Dinner Set 24pc,Home & Kitchen,1,2551,2551,CUST-49787,Marketplace
UK-2026-101026,2026-02-28,East,Kolkata,Foldable Treadmill T2,Sports,1,26060,26060,CUST-68248,App
UK-2026-101242,2026-02-16,South,Bengaluru,Adjustable Dumbbells 15kg,Sports,1,5199,5199,CUST-22280,Website
UK-2026-102632,2026-04-21,North,Noida,Power Bank 20000mAh,Electronics,2,1756,3512,CUST-90898,App
UK-2026-100493,2026-01-05,North,Gurugram,43-inch Smart TV,Electronics,1,26591,26591,CUST-50539,Website
UK-2026-100678,2026-01-15,North,Chandigarh,Cotton Bedsheet Set,Home & Kitchen,1,1345,1345,CUST-78831,App
UK-2026-103092,2026-05-06,East,Kolkata,Football Size 5,Sports,2,944,1888,CUST-33508,Marketplace
UK-2026-102134,2026-03-04,South,Chennai,Smart Watch X2,Electronics,1,4491,4491,CUST-12975,Marketplace
UK-2026-104250,2026-06-16,Central,Raipur,43-inch Smart TV,Electronics,1,25397,25397,CUST-76603,Marketplace
UK-2026-101515,2026-03-26,Central,Raipur,Gym Gloves,Sports,2,521,1042,CUST-84995,App
UK-2026-102093,2026-03-14,South,Hyderabad,Ultrabook Air 14,Electronics,2,30141,60282,CUST-42087,Marketplace
UK-2026-104122,2026-06-13,South,Hyderabad,Ionic Hair Dryer,Beauty,2,1832,3664,CUST-43812,Website
UK-2026-103441,2026-05-23,West,Pune,43-inch Smart TV,Electronics,1,26545,26545,CUST-14346,Marketplace
UK-2026-104175,2026-06-17,East,Patna,Wireless Earbuds Pro,Electronics,1,2922,2922,CUST-17479,Website
UK-2026-102545,2026-04-18,West,Pune,Slim Fit Jeans,Fashion,3,1671,5013,CUST-64196,Website
UK-2026-104238,2026-06-15,South,Chennai,Mirrorless Camera Lite,Electronics,1,28024,28024,CUST-19208,Website
UK-2026-104787,2026-06-24,North,Delhi,Matte Lipstick Set,Beauty,1,902,902,CUST-16498,App
UK-2026-102063,2026-03-28,West,Pune,Air Fryer 5L,Home & Kitchen,1,5724,5724,CUST-77266,App
UK-2026-101658,2026-03-25,East,Bhubaneswar,Noise-Cancelling Headphones,Electronics,1,8794,8794,CUST-80425,App
UK-2026-101604,2026-03-16,South,Kochi,43-inch Smart TV,Electronics,1,24717,24717,CUST-52582,Website
UK-2026-102504,2026-04-01,North,Delhi,Ethnic Dupatta,Fashion,2,511,1022,CUST-44163,App
UK-2026-102596,2026-04-30,South,Hyderabad,Formal Shirt,Fashion,1,1091,1091,CUST-16694,Website
UK-2026-101800,2026-03-29,South,Bengaluru,Bluetooth Speaker Mini,Electronics,1,1523,1523,CUST-69662,App
UK-2026-100457,2026-01-24,South,Chennai,Robot Vacuum R7,Home & Kitchen,1,19548,19548,CUST-48198,Website
UK-2026-102918,2026-04-21,North,Delhi,Power Bank 20000mAh,Electronics,1,1775,1775,CUST-40559,Website
UK-2026-103669,2026-05-19,West,Surat,Vitamin C Serum,Beauty,1,674,674,CUST-88523,App
UK-2026-104739,2026-06-24,South,Kochi,Vitamin C Serum,Beauty,1,671,671,CUST-12195,App
UK-2026-103862,2026-05-11,West,Ahmedabad,Beard Grooming Kit,Beauty,1,1021,1021,CUST-92349,App
UK-2026-104854,2026-06-05,West,Pune,Dinner Set 24pc,Home & Kitchen,2,2400,4800,CUST-20470,Website
UK-2026-103246,2026-05-27,North,Noida,Cotton Kurta Set,Fashion,3,1283,3849,CUST-57529,App
UK-2026-103623,2026-05-20,South,Hyderabad,Matte Lipstick Set,Beauty,1,913,913,CUST-35237,Website
UK-2026-104503,2026-06-03,West,Pune,Badminton Racket Set,Sports,1,2491,2491,CUST-53931,App
UK-2026-102419,2026-04-21,West,Pune,Eau de Parfum 100ml,Beauty,1,1966,1966,CUST-65942,App
UK-2026-102878,2026-04-19,South,Bengaluru,Bluetooth Speaker Mini,Electronics,1,1427,1427,CUST-35524,App
UK-2026-104829,2026-06-27,Central,Indore,Ultrabook Air 14,Electronics,1,29893,29893,CUST-35015,App
UK-2026-104056,2026-06-04,East,Bhubaneswar,Running Sneakers,Fashion,1,2841,2841,CUST-66737,App
UK-2026-102316,2026-04-03,East,Kolkata,Smart Watch X2,Electronics,1,4336,4336,CUST-51854,Marketplace
UK-2026-101015,2026-02-27,North,Chandigarh,Gym Gloves,Sports,1,483,483,CUST-88992,App
UK-2026-100798,2026-02-18,East,Bhubaneswar,Cricket Bat English Willow,Sports,1,8752,8752,CUST-95035,App
UK-2026-102660,2026-04-24,North,Gurugram,Leather Wallet,Fashion,1,877,877,CUST-56586,Marketplace
UK-2026-102741,2026-04-28,West,Mumbai,Cotton Kurta Set,Fashion,1,1300,1300,CUST-96036,Website
UK-2026-104528,2026-06-05,North,Delhi,Noise-Cancelling Headphones,Electronics,1,8847,8847,CUST-55051,App
UK-2026-101591,2026-03-25,North,Noida,Adjustable Dumbbells 15kg,Sports,1,4763,4763,CUST-22941,App
UK-2026-102078,2026-03-03,West,Mumbai,Bluetooth Speaker Mini,Electronics,1,1559,1559,CUST-90908,App
UK-2026-100150,2026-01-30,South,Kochi,Ionic Hair Dryer,Beauty,1,1838,1838,CUST-77276,Marketplace
UK-2026-103659,2026-05-24,Central,Raipur,Power Bank 20000mAh,Electronics,1,1793,1793,CUST-98702,Website
UK-2026-100168,2026-01-13,West,Mumbai,Face Wash Combo,Beauty,3,431,1293,CUST-42306,App
UK-2026-102543,2026-04-30,South,Kochi,Modern Wall Clock,Home & Kitchen,2,809,1618,CUST-80323,Website
UK-2026-102704,2026-04-20,West,Mumbai,Vitamin C Serum,Beauty,1,670,670,CUST-53163,Website
UK-2026-102655,2026-04-08,West,Mumbai,Mixer Grinder 750W,Home & Kitchen,3,3361,10083,CUST-51965,App
UK-2026-104536,2026-06-30,West,Pune,Football Size 5,Sports,1,942,942,CUST-14514,App
UK-2026-104808,2026-06-08,South,Chennai,Sunscreen SPF50,Beauty,2,535,1070,CUST-26078,Website
UK-2026-103492,2026-05-28,South,Bengaluru,Non-Stick Cookware Set,Home & Kitchen,2,2937,5874,CUST-28923,App
UK-2026-103638,2026-05-22,South,Kochi,Slim Fit Jeans,Fashion,1,1564,1564,CUST-12424,Website
UK-2026-100498,2026-01-05,North,Gurugram,Ultrabook Air 14,Electronics,1,29204,29204,CUST-46074,Website
UK-2026-104466,2026-06-29,South,Kochi,Leather Wallet,Fashion,1,883,883,CUST-70115,Website
UK-2026-104116,2026-06-14,East,Kolkata,Smart Watch X2,Electronics,1,4378,4378,CUST-45569,Website
UK-2026-102567,2026-04-22,South,Chennai,Eau de Parfum 100ml,Beauty,1,1962,1962,CUST-34374,App
UK-2026-104543,2026-06-24,West,Surat,Eau de Parfum 100ml,Beauty,1,1969,1969,CUST-95654,App
UK-2026-101915,2026-03-09,East,Patna,Noise-Cancelling Headphones,Electronics,2,9443,18886,CUST-28694,Website
UK-2026-102927,2026-04-13,South,Chennai,Matte Lipstick Set,Beauty,1,936,936,CUST-52889,Website
UK-2026-101708,2026-03-19,West,Ahmedabad,Silk Saree,Fashion,1,3518,3518,CUST-60209,Website
UK-2026-104733,2026-06-29,North,Noida,Ethnic Dupatta,Fashion,2,509,1018,CUST-38301,Marketplace
UK-2026-100738,2026-02-08,West,Ahmedabad,Cotton Kurta Set,Fashion,1,1336,1336,CUST-93936,Website
UK-2026-104085,2026-06-25,South,Hyderabad,Mixer Grinder 750W,Home & Kitchen,1,3214,3214,CUST-95138,Marketplace
UK-2026-101774,2026-03-27,Central,Nagpur,Air Fryer 5L,Home & Kitchen,1,5722,5722,CUST-43252,App
UK-2026-101963,2026-03-21,West,Ahmedabad,Matte Lipstick Set,Beauty,3,893,2679,CUST-21338,App
UK-2026-104450,2026-06-16,North,Delhi,Ultrabook Air 14,Electronics,3,30689,92067,CUST-22935,App
UK-2026-104825,2026-06-08,South,Hyderabad,Adjustable Dumbbells 15kg,Sports,1,5193,5193,CUST-76187,Marketplace
UK-2026-104973,2026-06-18,East,Guwahati,Yoga Mat Pro,Sports,3,1157,3471,CUST-28609,Website
UK-2026-104628,2026-06-02,South,Hyderabad,Adjustable Dumbbells 15kg,Sports,2,4773,9546,CUST-48231,Marketplace
UK-2026-103357,2026-05-27,South,Kochi,Dinner Set 24pc,Home & Kitchen,1,2618,2618,CUST-49101,App
UK-2026-103766,2026-05-12,Central,Indore,Wireless Earbuds Pro,Electronics,4,3038,12152,CUST-87297,Marketplace
UK-2026-104498,2026-06-19,West,Ahmedabad,Modern Wall Clock,Home & Kitchen,1,773,773,CUST-10431,Website
UK-2026-100577,2026-01-28,South,Kochi,Ultrabook Air 14,Electronics,1,29638,29638,CUST-47382,Website
UK-2026-100509,2026-01-11,South,Bengaluru,Mixer Grinder 750W,Home & Kitchen,2,3159,6318,CUST-70115,App
UK-2026-103696,2026-05-05,North,Chandigarh,Matte Lipstick Set,Beauty,1,941,941,CUST-55258,Website
UK-2026-101324,2026-02-24,North,Gurugram,Non-Stick Cookware Set,Home & Kitchen,1,3018,3018,CUST-93869,App
UK-2026-101275,2026-02-20,North,Delhi,Wireless Earbuds Pro,Electronics,4,3010,12040,CUST-77736,Website
UK-2026-104968,2026-06-12,South,Chennai,Noise-Cancelling Headphones,Electronics,1,8986,8986,CUST-93869,Marketplace
UK-2026-100602,2026-01-28,East,Kolkata,Bluetooth Speaker Mini,Electronics,1,1466,1466,CUST-26782,Website
UK-2026-101795,2026-03-11,North,Gurugram,Smart Watch X2,Electronics,1,4441,4441,CUST-95993,App
UK-2026-102950,2026-04-18,North,Delhi,Formal Shirt,Fashion,1,1107,1107,CUST-46579,App
UK-2026-102874,2026-04-23,East,Kolkata,Makeup Brush Set,Beauty,1,1348,1348,CUST-29878,App
UK-2026-102497,2026-04-28,Central,Bhopal,Cricket Bat English Willow,Sports,2,9038,18076,CUST-16758,Marketplace
UK-2026-104995,2026-06-02,East,Bhubaneswar,Mixer Grinder 750W,Home & Kitchen,1,3380,3380,CUST-86507,Website
UK-2026-103872,2026-05-19,East,Patna,Face Wash Combo,Beauty,2,454,908,CUST-28595,App
UK-2026-104472,2026-06-03,South,Bengaluru,Yoga Mat Pro,Sports,1,1174,1174,CUST-96333,Website
UK-2026-101505,2026-03-18,East,Patna,Adjustable Dumbbells 15kg,Sports,1,5153,5153,CUST-16751,App
UK-2026-102907,2026-04-05,East,Guwahati,Smart Watch X2,Electronics,1,4296,4296,CUST-73389,App
UK-2026-104889,2026-06-29,South,Kochi,Robot Vacuum R7,Home & Kitchen,1,18913,18913,CUST-26782,App
UK-2026-103747,2026-05-12,South,Bengaluru,Non-Stick Cookware Set,Home & Kitchen,1,2853,2853,CUST-78729,Website
UK-2026-103953,2026-05-24,North,Delhi,Vitamin C Serum,Beauty,1,691,691,CUST-39575,Website
UK-2026-103611,2026-05-09,East,Guwahati,Running Sneakers,Fashion,1,2802,2802,CUST-67908,Website
UK-2026-102470,2026-04-12,East,Guwahati,Noise-Cancelling Headphones,Electronics,1,8816,8816,CUST-68721,Marketplace
UK-2026-101154,2026-02-25,West,Ahmedabad,Football Size 5,Sports,1,903,903,CUST-70162,App
UK-2026-100621,2026-01-28,East,Patna,Smart Watch X2,Electronics,4,4463,17852,CUST-52899,Marketplace
UK-2026-101304,2026-02-27,East,Bhubaneswar,Noise-Cancelling Headphones,Electronics,2,8597,17194,CUST-49997,App
UK-2026-100644,2026-01-21,South,Bengaluru,Electric Kettle 1.5L,Home & Kitchen,1,1130,1130,CUST-69505,App
UK-2026-103768,2026-05-18,North,Noida,43-inch Smart TV,Electronics,1,26642,26642,CUST-28990,App
UK-2026-104338,2026-06-12,West,Surat,Noise-Cancelling Headphones,Electronics,1,8760,8760,CUST-42938,App
UK-2026-102142,2026-03-05,Central,Nagpur,Cotton Bedsheet Set,Home & Kitchen,1,1375,1375,CUST-84995,Website
UK-2026-104975,2026-06-27,Central,Indore,Face Wash Combo,Beauty,1,465,465,CUST-69878,Website
UK-2026-103235,2026-05-21,North,Chandigarh,Electric Kettle 1.5L,Home & Kitchen,1,1123,1123,CUST-22641,App
UK-2026-104811,2026-06-18,East,Bhubaneswar,Smart Watch X2,Electronics,2,4318,8636,CUST-55008,App
UK-2026-102396,2026-04-30,Central,Raipur,Bluetooth Speaker Mini,Electronics,1,1448,1448,CUST-32571,Marketplace
UK-2026-104980,2026-06-10,South,Hyderabad,Football Size 5,Sports,1,897,897,CUST-82707,App
UK-2026-104038,2026-06-07,South,Bengaluru,Badminton Racket Set,Sports,1,2439,2439,CUST-69662,Website
UK-2026-100084,2026-01-22,North,Chandigarh,Silk Saree,Fashion,3,3469,10407,CUST-86726,App
UK-2026-100112,2026-01-14,East,Patna,Silk Saree,Fashion,1,3328,3328,CUST-22427,Website
UK-2026-102372,2026-04-07,South,Kochi,Ethnic Dupatta,Fashion,1,513,513,CUST-71729,App
UK-2026-100955,2026-02-10,Central,Raipur,Vitamin C Serum,Beauty,1,717,717,CUST-14164,Website
UK-2026-104409,2026-06-21,South,Chennai,Football Size 5,Sports,2,890,1780,CUST-13347,Website
UK-2026-104456,2026-06-10,North,Delhi,Football Size 5,Sports,3,891,2673,CUST-15495,App
UK-2026-103195,2026-05-07,East,Bhubaneswar,Leather Wallet,Fashion,1,896,896,CUST-17086,Marketplace
UK-2026-102375,2026-04-21,North,Noida,Ionic Hair Dryer,Beauty,1,1987,1987,CUST-81759,App
UK-2026-104448,2026-06-30,West,Ahmedabad,Beard Grooming Kit,Beauty,1,1041,1041,CUST-99589,App
UK-2026-104433,2026-06-17,Central,Indore,Leather Wallet,Fashion,1,940,940,CUST-95050,App
UK-2026-103276,2026-05-06,North,Chandigarh,Ethnic Dupatta,Fashion,2,484,968,CUST-98118,App
UK-2026-100303,2026-01-28,North,Gurugram,Yoga Mat Pro,Sports,1,1193,1193,CUST-76907,App
UK-2026-101102,2026-02-26,Central,Bhopal,Face Wash Combo,Beauty,2,443,886,CUST-80260,App
UK-2026-100934,2026-02-10,Central,Bhopal,Denim Jacket,Fashion,1,2128,2128,CUST-75248,App
UK-2026-101476,2026-03-22,West,Ahmedabad,Ultrabook Air 14,Electronics,1,31289,31289,CUST-65757,Website
UK-2026-102332,2026-04-24,South,Hyderabad,Electric Kettle 1.5L,Home & Kitchen,1,1146,1146,CUST-62860,App
UK-2026-104672,2026-06-23,South,Bengaluru,Running Sneakers,Fashion,2,2757,5514,CUST-84861,App
UK-2026-104560,2026-06-21,Central,Nagpur,Air Fryer 5L,Home & Kitchen,1,5688,5688,CUST-66131,App
UK-2026-102510,2026-04-09,West,Ahmedabad,Air Fryer 5L,Home & Kitchen,2,5752,11504,CUST-79353,App
UK-2026-100900,2026-02-28,South,Hyderabad,Mixer Grinder 750W,Home & Kitchen,1,3246,3246,CUST-84469,Marketplace
UK-2026-103249,2026-05-28,Central,Raipur,Leather Wallet,Fashion,1,886,886,CUST-64594,Website
UK-2026-103128,2026-05-03,Central,Indore,Noise-Cancelling Headphones,Electronics,1,9127,9127,CUST-91970,App
UK-2026-104520,2026-06-25,North,Noida,Power Bank 20000mAh,Electronics,1,1827,1827,CUST-84469,App
UK-2026-103942,2026-05-13,South,Hyderabad,Smart Watch X2,Electronics,2,4300,8600,CUST-54778,App
UK-2026-103481,2026-05-11,North,Delhi,Smart Watch X2,Electronics,1,4369,4369,CUST-73081,Website
UK-2026-101989,2026-03-04,West,Pune,Ethnic Dupatta,Fashion,1,479,479,CUST-20188,Website
UK-2026-102333,2026-04-20,South,Bengaluru,Dinner Set 24pc,Home & Kitchen,1,2479,2479,CUST-43321,Website
UK-2026-104848,2026-06-29,South,Hyderabad,Eau de Parfum 100ml,Beauty,1,1979,1979,CUST-55964,Website
UK-2026-104835,2026-06-29,North,Chandigarh,Cotton Bedsheet Set,Home & Kitchen,2,1355,2710,CUST-22941,App
UK-2026-103122,2026-05-17,East,Bhubaneswar,Gym Gloves,Sports,1,491,491,CUST-95000,Website
UK-2026-103621,2026-05-01,North,Noida,Leather Wallet,Fashion,4,913,3652,CUST-43070,Marketplace
UK-2026-102844,2026-04-21,East,Kolkata,Running Sneakers,Fashion,1,2925,2925,CUST-97857,Website
UK-2026-100756,2026-02-05,South,Chennai,Air Fryer 5L,Home & Kitchen,1,5651,5651,CUST-71522,Website
UK-2026-100128,2026-01-20,East,Kolkata,43-inch Smart TV,Electronics,1,25816,25816,CUST-98229,Marketplace
UK-2026-104256,2026-06-12,North,Noida,Smart Watch X2,Electronics,1,4336,4336,CUST-83340,Website
UK-2026-102258,2026-04-28,South,Chennai,Slim Fit Jeans,Fashion,1,1526,1526,CUST-27030,App
UK-2026-100301,2026-01-09,Central,Raipur,Cotton Kurta Set,Fashion,1,1306,1306,CUST-18318,App
UK-2026-102707,2026-04-10,South,Bengaluru,Beard Grooming Kit,Beauty,1,1011,1011,CUST-50043,App
UK-2026-104430,2026-06-03,North,Gurugram,Modern Wall Clock,Home & Kitchen,1,785,785,CUST-74574,Marketplace
UK-2026-104169,2026-06-15,West,Pune,Bluetooth Speaker Mini,Electronics,1,1568,1568,CUST-29684,App
UK-2026-103949,2026-05-23,East,Kolkata,Adjustable Dumbbells 15kg,Sports,1,5086,5086,CUST-98778,Website
UK-2026-104858,2026-06-12,South,Chennai,Running Sneakers,Fashion,3,2758,8274,CUST-20174,Website
UK-2026-104194,2026-06-19,North,Noida,Wireless Earbuds Pro,Electronics,1,2965,2965,CUST-94918,Marketplace
UK-2026-101552,2026-03-27,South,Hyderabad,Cotton Kurta Set,Fashion,2,1277,2554,CUST-79353,App
UK-2026-100690,2026-01-11,North,Noida,Matte Lipstick Set,Beauty,1,870,870,CUST-10275,Marketplace
UK-2026-101043,2026-02-11,North,Noida,Air Fryer 5L,Home & Kitchen,1,5570,5570,CUST-63595,Website
UK-2026-103299,2026-05-26,South,Chennai,Ionic Hair Dryer,Beauty,1,1921,1921,CUST-55788,App
UK-2026-103269,2026-05-07,North,Gurugram,Cotton Bedsheet Set,Home & Kitchen,1,1404,1404,CUST-95704,App
UK-2026-103040,2026-04-15,Central,Indore,Vitamin C Serum,Beauty,1,670,670,CUST-69220,Website
UK-2026-100370,2026-01-19,North,Delhi,Bluetooth Speaker Mini,Electronics,1,1471,1471,CUST-43780,Website
UK-2026-100635,2026-01-20,East,Patna,Formal Shirt,Fashion,1,1108,1108,CUST-89296,Website
UK-2026-100870,2026-02-07,South,Bengaluru,Vitamin C Serum,Beauty,2,703,1406,CUST-13591,App
UK-2026-102515,2026-04-16,East,Bhubaneswar,Dinner Set 24pc,Home & Kitchen,1,2438,2438,CUST-66033,Website
UK-2026-103186,2026-05-30,East,Kolkata,Dinner Set 24pc,Home & Kitchen,1,2410,2410,CUST-99679,App
UK-2026-104796,2026-06-01,South,Kochi,Yoga Mat Pro,Sports,1,1258,1258,CUST-53163,Marketplace
UK-2026-102159,2026-03-20,North,Delhi,Gym Gloves,Sports,1,483,483,CUST-56576,Website
UK-2026-100238,2026-01-31,West,Surat,Leather Wallet,Fashion,1,892,892,CUST-28248,Website
UK-2026-100983,2026-02-23,West,Mumbai,Formal Shirt,Fashion,1,1103,1103,CUST-29874,App
UK-2026-102769,2026-04-11,North,Chandigarh,Beard Grooming Kit,Beauty,1,963,963,CUST-37725,Website
UK-2026-101164,2026-02-26,Central,Nagpur,Mirrorless Camera Lite,Electronics,1,28638,28638,CUST-46394,App
UK-2026-102415,2026-04-16,North,Chandigarh,Smart Watch X2,Electronics,2,4643,9286,CUST-45731,Website
UK-2026-103280,2026-05-21,East,Kolkata,Non-Stick Cookware Set,Home & Kitchen,1,2841,2841,CUST-13270,App
UK-2026-100888,2026-02-07,South,Kochi,Yoga Mat Pro,Sports,1,1206,1206,CUST-27192,App
UK-2026-101335,2026-02-11,North,Noida,Dinner Set 24pc,Home & Kitchen,1,2527,2527,CUST-32065,Website
UK-2026-104862,2026-06-03,West,Pune,Foldable Treadmill T2,Sports,1,24488,24488,CUST-18435,App
UK-2026-100670,2026-01-10,West,Pune,Ethnic Dupatta,Fashion,1,512,512,CUST-26499,Website
UK-2026-100720,2026-01-22,West,Ahmedabad,Wireless Earbuds Pro,Electronics,1,3093,3093,CUST-34950,Website
UK-2026-101262,2026-02-16,North,Gurugram,Slim Fit Jeans,Fashion,2,1575,3150,CUST-89012,App
UK-2026-102710,2026-04-15,North,Noida,Cycling Helmet,Sports,1,1619,1619,CUST-98946,App
UK-2026-103786,2026-05-26,East,Bhubaneswar,Yoga Mat Pro,Sports,1,1194,1194,CUST-28446,App
UK-2026-101424,2026-02-17,Central,Raipur,Ionic Hair Dryer,Beauty,1,1953,1953,CUST-36372,Website
UK-2026-104754,2026-06-28,West,Surat,Electric Kettle 1.5L,Home & Kitchen,2,1147,2294,CUST-41313,App
UK-2026-104531,2026-06-10,West,Pune,Cycling Helmet,Sports,1,1591,1591,CUST-74739,App
UK-2026-100110,2026-01-30,South,Hyderabad,Noise-Cancelling Headphones,Electronics,1,8933,8933,CUST-69091,Marketplace
UK-2026-104389,2026-06-27,South,Kochi,Air Fryer 5L,Home & Kitchen,2,5731,11462,CUST-13051,App
UK-2026-102767,2026-04-17,North,Chandigarh,Modern Wall Clock,Home & Kitchen,2,793,1586,CUST-18058,Marketplace
UK-2026-102284,2026-04-23,Central,Bhopal,Makeup Brush Set,Beauty,1,1242,1242,CUST-17086,Marketplace
UK-2026-101802,2026-03-30,South,Chennai,Beard Grooming Kit,Beauty,2,1044,2088,CUST-42120,App
UK-2026-102674,2026-04-30,South,Hyderabad,Cotton Bedsheet Set,Home & Kitchen,1,1335,1335,CUST-56576,App
UK-2026-100579,2026-01-13,West,Pune,Slim Fit Jeans,Fashion,1,1663,1663,CUST-10561,App
UK-2026-104606,2026-06-28,East,Guwahati,Noise-Cancelling Headphones,Electronics,1,9429,9429,CUST-28921,Website
UK-2026-103557,2026-05-26,South,Kochi,43-inch Smart TV,Electronics,2,24942,49884,CUST-83758,Website
UK-2026-102045,2026-03-19,South,Chennai,Robot Vacuum R7,Home & Kitchen,1,18852,18852,CUST-99073,Marketplace
UK-2026-102108,2026-03-02,West,Ahmedabad,Slim Fit Jeans,Fashion,1,1548,1548,CUST-61761,Website
UK-2026-102000,2026-03-24,North,Gurugram,Smart Watch X2,Electronics,1,4418,4418,CUST-61636,Marketplace
UK-2026-102320,2026-04-06,West,Ahmedabad,Wireless Earbuds Pro,Electronics,1,2856,2856,CUST-95759,Marketplace
UK-2026-103992,2026-05-04,North,Chandigarh,Electric Kettle 1.5L,Home & Kitchen,1,1140,1140,CUST-12128,Marketplace
UK-2026-103285,2026-05-12,North,Noida,Beard Grooming Kit,Beauty,1,992,992,CUST-31729,Website
UK-2026-101784,2026-03-25,North,Chandigarh,Sunscreen SPF50,Beauty,2,552,1104,CUST-78211,App
UK-2026-100245,2026-01-03,West,Ahmedabad,Silk Saree,Fashion,1,3395,3395,CUST-21295,Website
UK-2026-102881,2026-04-10,East,Kolkata,Football Size 5,Sports,1,896,896,CUST-20511,Marketplace
UK-2026-104031,2026-06-15,South,Kochi,Sunscreen SPF50,Beauty,1,534,534,CUST-43771,App
UK-2026-101969,2026-03-09,North,Delhi,Badminton Racket Set,Sports,1,2606,2606,CUST-34080,Website
UK-2026-104123,2026-06-19,West,Pune,43-inch Smart TV,Electronics,1,27238,27238,CUST-70115,Marketplace
UK-2026-104330,2026-06-17,West,Ahmedabad,Robot Vacuum R7,Home & Kitchen,1,18879,18879,CUST-72785,Website
UK-2026-100990,2026-02-21,South,Kochi,Dinner Set 24pc,Home & Kitchen,1,2544,2544,CUST-24099,App
UK-2026-103286,2026-05-24,South,Kochi,43-inch Smart TV,Electronics,1,27068,27068,CUST-67578,App
UK-2026-103600,2026-05-03,North,Gurugram,Mixer Grinder 750W,Home & Kitchen,1,3359,3359,CUST-37808,App
UK-2026-102880,2026-04-27,South,Hyderabad,Non-Stick Cookware Set,Home & Kitchen,1,2962,2962,CUST-24772,Website
UK-2026-100757,2026-02-01,South,Chennai,Dinner Set 24pc,Home & Kitchen,1,2390,2390,CUST-81871,App
UK-2026-102589,2026-04-19,West,Pune,Cricket Bat English Willow,Sports,1,8832,8832,CUST-83270,App
UK-2026-102781,2026-04-16,South,Chennai,Matte Lipstick Set,Beauty,1,891,891,CUST-48579,Marketplace
UK-2026-103306,2026-05-03,South,Chennai,Power Bank 20000mAh,Electronics,1,1844,1844,CUST-34458,Marketplace
UK-2026-102827,2026-04-13,North,Delhi,Yoga Mat Pro,Sports,1,1145,1145,CUST-95988,Website
UK-2026-102865,2026-04-13,East,Patna,Noise-Cancelling Headphones,Electronics,1,8731,8731,CUST-65315,Marketplace
UK-2026-102259,2026-04-10,South,Kochi,Dinner Set 24pc,Home & Kitchen,1,2536,2536,CUST-13400,App
UK-2026-100829,2026-02-19,North,Chandigarh,Wireless Earbuds Pro,Electronics,1,3023,3023,CUST-40405,Website
UK-2026-103244,2026-05-10,East,Guwahati,Cricket Bat English Willow,Sports,2,9371,18742,CUST-92315,Website
UK-2026-102353,2026-04-23,East,Guwahati,Ionic Hair Dryer,Beauty,4,1817,7268,CUST-79271,Website
UK-2026-102004,2026-03-31,East,Patna,Face Wash Combo,Beauty,1,463,463,CUST-20511,Website
UK-2026-102912,2026-04-17,West,Mumbai,Ethnic Dupatta,Fashion,1,486,486,CUST-81010,Website
UK-2026-101285,2026-02-25,Central,Raipur,Ultrabook Air 14,Electronics,1,31211,31211,CUST-42120,Website
UK-2026-104003,2026-05-27,South,Kochi,Smart Watch X2,Electronics,1,4403,4403,CUST-73540,Marketplace
UK-2026-101747,2026-03-24,South,Kochi,Ultrabook Air 14,Electronics,1,31396,31396,CUST-98118,Marketplace
UK-2026-103062,2026-04-13,North,Gurugram,43-inch Smart TV,Electronics,1,26673,26673,CUST-74998,Website
UK-2026-100170,2026-01-26,West,Pune,Running Sneakers,Fashion,2,2763,5526,CUST-71029,App
UK-2026-103123,2026-05-02,Central,Nagpur,Dinner Set 24pc,Home & Kitchen,2,2616,5232,CUST-28408,App
UK-2026-101632,2026-03-07,South,Kochi,Noise-Cancelling Headphones,Electronics,1,9231,9231,CUST-68553,Marketplace
UK-2026-104164,2026-06-05,South,Hyderabad,Yoga Mat Pro,Sports,2,1170,2340,CUST-48996,App
UK-2026-102069,2026-03-28,South,Hyderabad,Smart Watch X2,Electronics,1,4447,4447,CUST-99858,Marketplace
UK-2026-104815,2026-06-10,North,Noida,Cycling Helmet,Sports,1,1544,1544,CUST-53797,Website
UK-2026-102059,2026-03-29,South,Bengaluru,Cotton Kurta Set,Fashion,1,1335,1335,CUST-91256,Website
UK-2026-104639,2026-06-17,South,Kochi,Smart Watch X2,Electronics,3,4527,13581,CUST-30780,Website
UK-2026-103954,2026-05-23,Central,Raipur,Cricket Bat English Willow,Sports,2,8985,17970,CUST-74998,Marketplace
UK-2026-103795,2026-05-11,South,Bengaluru,Beard Grooming Kit,Beauty,3,1020,3060,CUST-18790,Marketplace
UK-2026-102951,2026-04-03,South,Bengaluru,Leather Wallet,Fashion,1,937,937,CUST-48339,Marketplace
UK-2026-104483,2026-06-14,East,Patna,Mixer Grinder 750W,Home & Kitchen,1,3144,3144,CUST-92797,Website
UK-2026-102979,2026-04-15,North,Chandigarh,Foldable Treadmill T2,Sports,1,25124,25124,CUST-33247,App
UK-2026-100207,2026-01-14,South,Chennai,Sunscreen SPF50,Beauty,2,573,1146,CUST-92058,Website
UK-2026-101522,2026-03-12,East,Patna,Sunscreen SPF50,Beauty,1,526,526,CUST-86527,App
UK-2026-103712,2026-05-05,South,Hyderabad,Bluetooth Speaker Mini,Electronics,1,1491,1491,CUST-96140,Marketplace
UK-2026-103031,2026-04-13,West,Ahmedabad,Cycling Helmet,Sports,3,1568,4704,CUST-85382,App
UK-2026-103854,2026-05-05,North,Noida,Football Size 5,Sports,1,857,857,CUST-70940,App
UK-2026-103876,2026-05-18,South,Kochi,Yoga Mat Pro,Sports,1,1193,1193,CUST-18289,App
UK-2026-103083,2026-04-17,South,Hyderabad,Beard Grooming Kit,Beauty,2,1033,2066,CUST-96603,Website
UK-2026-100099,2026-01-08,West,Pune,Mirrorless Camera Lite,Electronics,1,28657,28657,CUST-46394,Marketplace
UK-2026-100340,2026-01-12,North,Noida,Non-Stick Cookware Set,Home & Kitchen,1,2826,2826,CUST-24099,App
UK-2026-104292,2026-06-18,Central,Raipur,Mixer Grinder 750W,Home & Kitchen,2,3458,6916,CUST-94406,Website
UK-2026-100469,2026-01-14,South,Hyderabad,Mirrorless Camera Lite,Electronics,1,28513,28513,CUST-70076,App
UK-2026-104445,2026-06-28,Central,Indore,Ultrabook Air 14,Electronics,2,30170,60340,CUST-57927,Marketplace
UK-2026-101078,2026-02-23,West,Surat,Cricket Bat English Willow,Sports,1,9175,9175,CUST-47666,Website
UK-2026-100606,2026-01-30,South,Kochi,Modern Wall Clock,Home & Kitchen,1,834,834,CUST-33126,Website
UK-2026-100607,2026-01-21,South,Hyderabad,Cotton Bedsheet Set,Home & Kitchen,1,1411,1411,CUST-50285,Website
UK-2026-102098,2026-03-30,West,Pune,Eau de Parfum 100ml,Beauty,1,2087,2087,CUST-34080,App
UK-2026-101175,2026-02-06,South,Hyderabad,Bluetooth Speaker Mini,Electronics,1,1573,1573,CUST-80925,App
UK-2026-101902,2026-03-06,North,Gurugram,Modern Wall Clock,Home & Kitchen,1,804,804,CUST-35964,Website
UK-2026-101307,2026-02-09,South,Kochi,Air Fryer 5L,Home & Kitchen,4,5547,22188,CUST-54148,App
UK-2026-103353,2026-05-03,North,Chandigarh,Dinner Set 24pc,Home & Kitchen,1,2499,2499,CUST-74477,App
UK-2026-100869,2026-02-21,East,Kolkata,Leather Wallet,Fashion,4,903,3612,CUST-11537,Marketplace
UK-2026-103702,2026-05-24,West,Mumbai,Ionic Hair Dryer,Beauty,1,1967,1967,CUST-37901,App
UK-2026-101727,2026-03-04,North,Chandigarh,Face Wash Combo,Beauty,2,443,886,CUST-69053,Website
UK-2026-100309,2026-01-23,Central,Nagpur,Robot Vacuum R7,Home & Kitchen,1,18940,18940,CUST-53473,App
UK-2026-104577,2026-06-08,North,Noida,Electric Kettle 1.5L,Home & Kitchen,2,1109,2218,CUST-95759,App
UK-2026-104743,2026-06-26,South,Chennai,Leather Wallet,Fashion,2,941,1882,CUST-80260,App
UK-2026-102405,2026-04-03,West,Ahmedabad,Sunscreen SPF50,Beauty,1,545,545,CUST-47508,Website
UK-2026-101178,2026-02-13,Central,Bhopal,Mixer Grinder 750W,Home & Kitchen,2,3405,6810,CUST-24099,App
UK-2026-100686,2026-01-20,South,Bengaluru,Cotton Bedsheet Set,Home & Kitchen,1,1341,1341,CUST-49022,App
UK-2026-100399,2026-01-22,East,Guwahati,Slim Fit Jeans,Fashion,1,1663,1663,CUST-82912,Website
UK-2026-103735,2026-05-16,South,Kochi,Wireless Earbuds Pro,Electronics,1,3025,3025,CUST-53836,Website
UK-2026-101439,2026-02-06,North,Delhi,Power Bank 20000mAh,Electronics,1,1722,1722,CUST-49787,Marketplace
UK-2026-101286,2026-02-15,Central,Nagpur,Mixer Grinder 750W,Home & Kitchen,1,3383,3383,CUST-66517,App
UK-2026-104903,2026-06-10,West,Ahmedabad,Ultrabook Air 14,Electronics,1,30955,30955,CUST-84469,Marketplace
UK-2026-103776,2026-05-08,North,Chandigarh,Power Bank 20000mAh,Electronics,1,1813,1813,CUST-52359,Marketplace
UK-2026-103322,2026-05-09,North,Chandigarh,Matte Lipstick Set,Beauty,3,936,2808,CUST-64969,Website
UK-2026-104329,2026-06-25,North,Chandigarh,Noise-Cancelling Headphones,Electronics,1,8758,8758,CUST-48339,Marketplace
UK-2026-102586,2026-04-22,West,Mumbai,Yoga Mat Pro,Sports,1,1257,1257,CUST-99589,Website
UK-2026-100988,2026-02-20,North,Delhi,Silk Saree,Fashion,1,3368,3368,CUST-41876,App
UK-2026-101848,2026-03-10,West,Surat,Adjustable Dumbbells 15kg,Sports,2,5249,10498,CUST-40559,Marketplace
UK-2026-101713,2026-03-21,West,Pune,Non-Stick Cookware Set,Home & Kitchen,2,2773,5546,CUST-17479,App
UK-2026-103250,2026-05-01,North,Noida,Cotton Bedsheet Set,Home & Kitchen,3,1385,4155,CUST-90932,App
UK-2026-101562,2026-03-02,North,Noida,Dinner Set 24pc,Home & Kitchen,1,2435,2435,CUST-97331,Website
UK-2026-103977,2026-05-05,West,Mumbai,Noise-Cancelling Headphones,Electronics,2,8805,17610,CUST-79385,App
UK-2026-104551,2026-06-29,South,Chennai,Leather Wallet,Fashion,2,917,1834,CUST-65558,App
UK-2026-102336,2026-04-17,East,Kolkata,Power Bank 20000mAh,Electronics,2,1798,3596,CUST-63705,App
UK-2026-100448,2026-01-12,South,Chennai,Wireless Earbuds Pro,Electronics,1,2963,2963,CUST-72785,Website
UK-2026-102102,2026-03-07,East,Guwahati,Foldable Treadmill T2,Sports,3,25834,77502,CUST-22388,Marketplace
UK-2026-101917,2026-03-29,West,Mumbai,Gym Gloves,Sports,3,477,1431,CUST-72653,App
UK-2026-101500,2026-03-16,East,Bhubaneswar,Silk Saree,Fashion,1,3330,3330,CUST-61557,App
UK-2026-102339,2026-04-29,North,Chandigarh,Non-Stick Cookware Set,Home & Kitchen,1,2889,2889,CUST-33491,Marketplace
UK-2026-101273,2026-02-28,West,Ahmedabad,Air Fryer 5L,Home & Kitchen,3,5755,17265,CUST-54189,Marketplace
UK-2026-103555,2026-05-24,South,Hyderabad,Wireless Earbuds Pro,Electronics,1,2895,2895,CUST-96315,Website
UK-2026-102112,2026-03-22,North,Noida,Foldable Treadmill T2,Sports,2,25389,50778,CUST-19282,Marketplace
UK-2026-100026,2026-01-06,North,Delhi,Formal Shirt,Fashion,4,1110,4440,CUST-62784,App
UK-2026-103897,2026-05-10,West,Ahmedabad,Power Bank 20000mAh,Electronics,1,1711,1711,CUST-26733,App
UK-2026-104634,2026-06-20,North,Noida,Ultrabook Air 14,Electronics,1,30867,30867,CUST-56108,Website
UK-2026-104177,2026-06-22,South,Hyderabad,Running Sneakers,Fashion,1,2782,2782,CUST-51587,App
UK-2026-102076,2026-03-06,East,Kolkata,Smart Watch X2,Electronics,1,4297,4297,CUST-27386,Website
UK-2026-104876,2026-06-19,East,Kolkata,Smart Watch X2,Electronics,2,4413,8826,CUST-19570,Marketplace
UK-2026-102732,2026-04-20,East,Kolkata,Cycling Helmet,Sports,1,1527,1527,CUST-53837,Website
UK-2026-100610,2026-01-04,South,Hyderabad,Running Sneakers,Fashion,1,2702,2702,CUST-16019,App
UK-2026-100187,2026-01-06,North,Gurugram,Face Wash Combo,Beauty,3,469,1407,CUST-86621,Website
UK-2026-103750,2026-05-17,West,Surat,Adjustable Dumbbells 15kg,Sports,1,4871,4871,CUST-90898,App
UK-2026-100316,2026-01-29,South,Kochi,Running Sneakers,Fashion,4,2664,10656,CUST-86280,Website
UK-2026-102314,2026-04-18,Central,Nagpur,Football Size 5,Sports,1,898,898,CUST-30971,Website
UK-2026-103120,2026-05-28,South,Hyderabad,Eau de Parfum 100ml,Beauty,1,2061,2061,CUST-90783,Website
UK-2026-103782,2026-05-18,North,Delhi,Smart Watch X2,Electronics,1,4311,4311,CUST-76303,Marketplace
UK-2026-100622,2026-01-26,South,Chennai,Football Size 5,Sports,1,900,900,CUST-25989,App
UK-2026-101706,2026-03-31,North,Chandigarh,Matte Lipstick Set,Beauty,2,912,1824,CUST-94452,Website
UK-2026-103729,2026-05-09,East,Patna,Bluetooth Speaker Mini,Electronics,1,1478,1478,CUST-51536,Marketplace
UK-2026-103273,2026-05-19,North,Chandigarh,Ultrabook Air 14,Electronics,1,29949,29949,CUST-98775,Marketplace
UK-2026-100575,2026-01-11,North,Noida,Cricket Bat English Willow,Sports,1,9364,9364,CUST-68243,App
UK-2026-101062,2026-02-03,East,Patna,Electric Kettle 1.5L,Home & Kitchen,1,1101,1101,CUST-23322,App
UK-2026-102895,2026-04-26,North,Chandigarh,43-inch Smart TV,Electronics,4,25381,101524,CUST-77698,Website
UK-2026-102841,2026-04-22,East,Bhubaneswar,Bluetooth Speaker Mini,Electronics,1,1480,1480,CUST-95395,Website
UK-2026-103349,2026-05-29,North,Chandigarh,Power Bank 20000mAh,Electronics,1,1855,1855,CUST-86006,Marketplace
UK-2026-100519,2026-01-11,South,Bengaluru,Electric Kettle 1.5L,Home & Kitchen,3,1135,3405,CUST-12937,Website
UK-2026-102550,2026-04-08,South,Bengaluru,Mixer Grinder 750W,Home & Kitchen,1,3153,3153,CUST-43256,App
UK-2026-100863,2026-02-06,East,Kolkata,Dinner Set 24pc,Home & Kitchen,1,2496,2496,CUST-16189,Website
UK-2026-104153,2026-06-21,West,Surat,Mixer Grinder 750W,Home & Kitchen,1,3390,3390,CUST-65009,Marketplace
UK-2026-100060,2026-01-30,West,Ahmedabad,Bluetooth Speaker Mini,Electronics,1,1437,1437,CUST-85619,Website
UK-2026-103104,2026-05-29,Central,Indore,Matte Lipstick Set,Beauty,1,869,869,CUST-46827,App
UK-2026-104229,2026-06-12,South,Bengaluru,Gym Gloves,Sports,2,522,1044,CUST-24797,App
UK-2026-101306,2026-02-06,West,Ahmedabad,Eau de Parfum 100ml,Beauty,1,1921,1921,CUST-10587,App
UK-2026-104517,2026-06-22,East,Guwahati,Power Bank 20000mAh,Electronics,2,1730,3460,CUST-49101,App
UK-2026-104838,2026-06-05,North,Delhi,Dinner Set 24pc,Home & Kitchen,1,2379,2379,CUST-76604,App
UK-2026-103266,2026-05-07,West,Pune,Non-Stick Cookware Set,Home & Kitchen,4,3037,12148,CUST-96315,App
UK-2026-103023,2026-04-13,South,Bengaluru,Matte Lipstick Set,Beauty,1,910,910,CUST-37491,App
UK-2026-103910,2026-05-15,North,Chandigarh,Leather Wallet,Fashion,1,907,907,CUST-20383,App
UK-2026-103124,2026-05-03,North,Chandigarh,Mixer Grinder 750W,Home & Kitchen,2,3299,6598,CUST-29992,App
UK-2026-100902,2026-02-15,South,Chennai,Power Bank 20000mAh,Electronics,1,1798,1798,CUST-82744,Website
UK-2026-102991,2026-04-19,South,Chennai,Robot Vacuum R7,Home & Kitchen,1,18670,18670,CUST-95082,Website
UK-2026-103905,2026-05-25,North,Chandigarh,Wireless Earbuds Pro,Electronics,4,2931,11724,CUST-15577,App
UK-2026-100153,2026-01-20,West,Pune,Smart Watch X2,Electronics,1,4604,4604,CUST-93212,Website
UK-2026-100616,2026-01-19,East,Guwahati,Ultrabook Air 14,Electronics,2,29897,59794,CUST-60563,App
UK-2026-104272,2026-06-29,East,Guwahati,Cotton Bedsheet Set,Home & Kitchen,1,1457,1457,CUST-16748,App
UK-2026-104337,2026-06-20,Central,Nagpur,Ethnic Dupatta,Fashion,1,477,477,CUST-89012,Marketplace
UK-2026-102795,2026-04-03,East,Kolkata,Modern Wall Clock,Home & Kitchen,1,830,830,CUST-12975,App
UK-2026-103780,2026-05-23,Central,Raipur,Noise-Cancelling Headphones,Electronics,1,9253,9253,CUST-52582,Marketplace
UK-2026-102995,2026-04-23,South,Bengaluru,Adjustable Dumbbells 15kg,Sports,1,5171,5171,CUST-64302,Website
UK-2026-101431,2026-02-25,South,Kochi,Football Size 5,Sports,2,919,1838,CUST-35613,Website
UK-2026-100008,2026-01-20,West,Surat,Running Sneakers,Fashion,1,2917,2917,CUST-58061,App
UK-2026-103893,2026-05-17,West,Pune,Smart Watch X2,Electronics,4,4508,18032,CUST-75346,App
UK-2026-101839,2026-03-29,South,Bengaluru,Makeup Brush Set,Beauty,4,1249,4996,CUST-88350,Website
UK-2026-100326,2026-01-26,West,Mumbai,Denim Jacket,Fashion,2,2185,4370,CUST-24772,App
UK-2026-104335,2026-06-05,South,Chennai,Matte Lipstick Set,Beauty,1,918,918,CUST-70076,App
UK-2026-101804,2026-03-10,North,Chandigarh,Noise-Cancelling Headphones,Electronics,1,8924,8924,CUST-86082,Marketplace
UK-2026-102009,2026-03-07,North,Gurugram,Face Wash Combo,Beauty,1,470,470,CUST-81565,Website
UK-2026-104385,2026-06-21,East,Patna,Dinner Set 24pc,Home & Kitchen,1,2579,2579,CUST-45837,Marketplace
UK-2026-102053,2026-03-24,Central,Nagpur,43-inch Smart TV,Electronics,1,26565,26565,CUST-58061,Website
UK-2026-101250,2026-02-21,East,Patna,Robot Vacuum R7,Home & Kitchen,2,18853,37706,CUST-99831,App
UK-2026-103477,2026-05-16,Central,Nagpur,Robot Vacuum R7,Home & Kitchen,2,18839,37678,CUST-86392,Website
UK-2026-101825,2026-03-19,South,Bengaluru,Slim Fit Jeans,Fashion,1,1598,1598,CUST-89795,App
UK-2026-102038,2026-03-15,South,Hyderabad,Makeup Brush Set,Beauty,1,1248,1248,CUST-23094,App
UK-2026-101647,2026-03-12,North,Delhi,Power Bank 20000mAh,Electronics,1,1765,1765,CUST-49613,Website
UK-2026-102810,2026-04-28,East,Patna,Cotton Kurta Set,Fashion,2,1328,2656,CUST-31729,Website
UK-2026-100429,2026-01-17,North,Chandigarh,Face Wash Combo,Beauty,3,434,1302,CUST-25769,Marketplace
UK-2026-100310,2026-01-25,West,Mumbai,Ethnic Dupatta,Fashion,1,513,513,CUST-76303,App
UK-2026-102934,2026-04-03,South,Kochi,Wireless Earbuds Pro,Electronics,1,2922,2922,CUST-35126,App
UK-2026-104952,2026-06-09,West,Pune,Adjustable Dumbbells 15kg,Sports,1,5068,5068,CUST-95996,App
UK-2026-100797,2026-02-14,East,Bhubaneswar,Smart Watch X2,Electronics,1,4569,4569,CUST-26633,Website
UK-2026-103531,2026-05-11,East,Kolkata,Denim Jacket,Fashion,1,2102,2102,CUST-48579,Website
UK-2026-104594,2026-06-17,North,Chandigarh,Non-Stick Cookware Set,Home & Kitchen,1,2941,2941,CUST-87721,App
UK-2026-101074,2026-02-02,North,Noida,Beard Grooming Kit,Beauty,1,1032,1032,CUST-88398,App
UK-2026-100554,2026-01-17,North,Chandigarh,Face Wash Combo,Beauty,4,458,1832,CUST-78928,Website
UK-2026-102480,2026-04-28,South,Kochi,Ethnic Dupatta,Fashion,1,501,501,CUST-96140,App
UK-2026-103801,2026-05-15,Central,Raipur,Silk Saree,Fashion,1,3393,3393,CUST-50914,Marketplace
UK-2026-102834,2026-04-25,North,Noida,Beard Grooming Kit,Beauty,1,1000,1000,CUST-88904,Marketplace
UK-2026-104781,2026-06-17,North,Gurugram,Denim Jacket,Fashion,2,2133,4266,CUST-24772,App
UK-2026-102636,2026-04-22,East,Kolkata,Mirrorless Camera Lite,Electronics,1,29377,29377,CUST-77599,Marketplace
UK-2026-102409,2026-04-11,West,Surat,Cotton Kurta Set,Fashion,1,1338,1338,CUST-49087,App
UK-2026-102224,2026-03-31,North,Noida,Silk Saree,Fashion,2,3588,7176,CUST-30297,Website
UK-2026-102451,2026-04-10,West,Mumbai,Leather Wallet,Fashion,3,884,2652,CUST-33623,Website
UK-2026-100717,2026-01-29,South,Kochi,Face Wash Combo,Beauty,2,446,892,CUST-71031,Marketplace
UK-2026-103814,2026-05-21,Central,Indore,Power Bank 20000mAh,Electronics,1,1811,1811,CUST-90804,Marketplace
UK-2026-103384,2026-05-19,North,Delhi,Smart Watch X2,Electronics,3,4596,13788,CUST-63705,App
UK-2026-103255,2026-05-30,North,Noida,Mixer Grinder 750W,Home & Kitchen,1,3374,3374,CUST-71031,Website
UK-2026-100672,2026-01-14,South,Hyderabad,43-inch Smart TV,Electronics,1,26970,26970,CUST-55258,App
UK-2026-101585,2026-03-19,East,Bhubaneswar,Silk Saree,Fashion,1,3664,3664,CUST-17136,App
UK-2026-104512,2026-06-17,West,Surat,Bluetooth Speaker Mini,Electronics,2,1463,2926,CUST-86581,App
UK-2026-103024,2026-04-29,East,Kolkata,Running Sneakers,Fashion,1,2759,2759,CUST-74771,App
UK-2026-103592,2026-05-19,West,Pune,Football Size 5,Sports,1,905,905,CUST-26185,Website
UK-2026-102942,2026-04-03,Central,Raipur,Bluetooth Speaker Mini,Electronics,1,1446,1446,CUST-92447,App
UK-2026-104987,2026-06-08,West,Pune,Ethnic Dupatta,Fashion,1,484,484,CUST-77200,Website
UK-2026-103433,2026-05-13,South,Chennai,Air Fryer 5L,Home & Kitchen,1,5233,5233,CUST-49997,Marketplace
UK-2026-101308,2026-02-08,Central,Nagpur,Dinner Set 24pc,Home & Kitchen,1,2442,2442,CUST-76251,App
UK-2026-104603,2026-06-09,South,Hyderabad,Foldable Treadmill T2,Sports,1,25318,25318,CUST-23873,App
UK-2026-104080,2026-06-27,West,Surat,Ethnic Dupatta,Fashion,2,504,1008,CUST-14719,Marketplace
UK-2026-103603,2026-05-01,North,Chandigarh,Gym Gloves,Sports,1,480,480,CUST-77599,App
UK-2026-103567,2026-05-14,East,Kolkata,Wireless Earbuds Pro,Electronics,2,3025,6050,CUST-56342,Website
UK-2026-102724,2026-04-20,West,Surat,Bluetooth Speaker Mini,Electronics,1,1491,1491,CUST-42120,Marketplace
UK-2026-104109,2026-06-19,West,Surat,Bluetooth Speaker Mini,Electronics,2,1565,3130,CUST-80925,Website
UK-2026-101883,2026-03-28,West,Surat,Foldable Treadmill T2,Sports,1,24491,24491,CUST-86374,Website
UK-2026-100349,2026-01-10,South,Kochi,Power Bank 20000mAh,Electronics,1,1848,1848,CUST-91347,App
UK-2026-102548,2026-04-11,West,Mumbai,Leather Wallet,Fashion,1,923,923,CUST-85700,Website
UK-2026-101343,2026-02-14,South,Kochi,Ionic Hair Dryer,Beauty,1,1854,1854,CUST-61652,App
UK-2026-101342,2026-02-08,West,Surat,Ionic Hair Dryer,Beauty,1,1969,1969,CUST-86127,Website
UK-2026-103018,2026-04-22,South,Hyderabad,Yoga Mat Pro,Sports,1,1171,1171,CUST-49290,App
UK-2026-104193,2026-06-16,South,Hyderabad,Air Fryer 5L,Home & Kitchen,1,5344,5344,CUST-67862,Website
UK-2026-103229,2026-05-17,South,Chennai,Eau de Parfum 100ml,Beauty,1,1952,1952,CUST-83078,Website
UK-2026-102469,2026-04-05,Central,Raipur,Smart Watch X2,Electronics,1,4718,4718,CUST-56108,Marketplace
UK-2026-103946,2026-05-02,West,Pune,Leather Wallet,Fashion,1,930,930,CUST-42306,App
UK-2026-102114,2026-03-08,South,Chennai,Sunscreen SPF50,Beauty,2,568,1136,CUST-39669,App
UK-2026-104853,2026-06-08,West,Ahmedabad,43-inch Smart TV,Electronics,1,26749,26749,CUST-76903,Marketplace
UK-2026-100321,2026-01-18,North,Gurugram,Eau de Parfum 100ml,Beauty,1,1958,1958,CUST-31702,Website
UK-2026-103741,2026-05-16,South,Hyderabad,Electric Kettle 1.5L,Home & Kitchen,2,1065,2130,CUST-19493,Marketplace
UK-2026-101742,2026-03-06,North,Chandigarh,Formal Shirt,Fashion,1,1104,1104,CUST-12825,Website
UK-2026-103225,2026-05-05,Central,Indore,Cotton Kurta Set,Fashion,1,1263,1263,CUST-62217,App
UK-2026-102468,2026-04-24,Central,Bhopal,Bluetooth Speaker Mini,Electronics,1,1548,1548,CUST-41485,App
UK-2026-101339,2026-02-15,North,Delhi,Ionic Hair Dryer,Beauty,1,1890,1890,CUST-67032,App
UK-2026-104665,2026-06-29,East,Patna,Denim Jacket,Fashion,1,2232,2232,CUST-13211,App
UK-2026-101791,2026-03-12,West,Mumbai,Mixer Grinder 750W,Home & Kitchen,1,3228,3228,CUST-53188,App
UK-2026-101208,2026-02-25,South,Bengaluru,43-inch Smart TV,Electronics,1,26508,26508,CUST-34325,Marketplace
UK-2026-103131,2026-05-01,Central,Raipur,Bluetooth Speaker Mini,Electronics,1,1512,1512,CUST-65009,Website
UK-2026-102064,2026-03-17,Central,Indore,Robot Vacuum R7,Home & Kitchen,1,18278,18278,CUST-90630,Marketplace
UK-2026-103027,2026-04-05,South,Kochi,Cotton Bedsheet Set,Home & Kitchen,1,1379,1379,CUST-22218,Website
UK-2026-100460,2026-01-11,North,Delhi,Ultrabook Air 14,Electronics,1,30186,30186,CUST-95257,App
UK-2026-104421,2026-06-20,West,Mumbai,Vitamin C Serum,Beauty,1,704,704,CUST-99774,Website
UK-2026-101385,2026-02-09,Central,Indore,Running Sneakers,Fashion,1,2682,2682,CUST-54878,Marketplace
UK-2026-101729,2026-03-29,North,Delhi,Silk Saree,Fashion,1,3381,3381,CUST-10431,Website
UK-2026-102019,2026-03-10,East,Kolkata,Cotton Bedsheet Set,Home & Kitchen,1,1336,1336,CUST-38669,Marketplace
UK-2026-104928,2026-06-22,Central,Indore,Bluetooth Speaker Mini,Electronics,2,1502,3004,CUST-98778,App
UK-2026-100470,2026-01-25,North,Chandigarh,Non-Stick Cookware Set,Home & Kitchen,2,3004,6008,CUST-76305,Marketplace
UK-2026-101816,2026-03-13,South,Bengaluru,Non-Stick Cookware Set,Home & Kitchen,1,3003,3003,CUST-80176,Website
UK-2026-100972,2026-02-08,Central,Nagpur,Noise-Cancelling Headphones,Electronics,1,9357,9357,CUST-45853,Marketplace
UK-2026-104171,2026-06-09,East,Bhubaneswar,Cotton Kurta Set,Fashion,1,1287,1287,CUST-88338,Website
UK-2026-104806,2026-06-16,North,Chandigarh,Leather Wallet,Fashion,1,895,895,CUST-54636,Marketplace
UK-2026-102238,2026-03-26,West,Surat,Power Bank 20000mAh,Electronics,1,1742,1742,CUST-17422,App
UK-2026-104548,2026-06-09,North,Chandigarh,Dinner Set 24pc,Home & Kitchen,1,2595,2595,CUST-31710,App
UK-2026-101213,2026-02-06,West,Pune,Vitamin C Serum,Beauty,1,700,700,CUST-80030,Website
UK-2026-100126,2026-01-17,East,Guwahati,Sunscreen SPF50,Beauty,3,576,1728,CUST-43196,Website
UK-2026-101232,2026-02-05,South,Hyderabad,Gym Gloves,Sports,2,476,952,CUST-58621,Website
UK-2026-100600,2026-01-12,North,Gurugram,Ionic Hair Dryer,Beauty,1,1850,1850,CUST-85060,App
UK-2026-101543,2026-03-20,South,Kochi,Gym Gloves,Sports,1,498,498,CUST-77224,Marketplace
UK-2026-104988,2026-06-06,West,Ahmedabad,Sunscreen SPF50,Beauty,1,537,537,CUST-56704,App
UK-2026-103422,2026-05-02,South,Chennai,Ionic Hair Dryer,Beauty,2,1883,3766,CUST-14079,App
UK-2026-100568,2026-01-17,East,Patna,Air Fryer 5L,Home & Kitchen,2,5711,11422,CUST-45731,App
UK-2026-101433,2026-02-04,Central,Raipur,Formal Shirt,Fashion,1,1113,1113,CUST-36592,App
UK-2026-103145,2026-05-18,South,Kochi,Robot Vacuum R7,Home & Kitchen,1,19793,19793,CUST-34012,Marketplace
UK-2026-100962,2026-02-21,Central,Indore,Ethnic Dupatta,Fashion,1,512,512,CUST-34395,Website
UK-2026-102527,2026-04-17,North,Noida,Cricket Bat English Willow,Sports,1,8585,8585,CUST-51901,App
UK-2026-102288,2026-04-14,West,Surat,Noise-Cancelling Headphones,Electronics,1,8909,8909,CUST-10431,Website
UK-2026-101053,2026-02-04,East,Bhubaneswar,Face Wash Combo,Beauty,1,441,441,CUST-66545,Marketplace
UK-2026-103362,2026-05-11,South,Kochi,Silk Saree,Fashion,1,3617,3617,CUST-55600,Website
UK-2026-102249,2026-04-23,North,Chandigarh,Matte Lipstick Set,Beauty,2,906,1812,CUST-77571,App
UK-2026-103451,2026-05-13,South,Kochi,Silk Saree,Fashion,1,3367,3367,CUST-53805,Website
UK-2026-101258,2026-02-25,West,Ahmedabad,Mixer Grinder 750W,Home & Kitchen,1,3333,3333,CUST-15807,Website
UK-2026-103900,2026-05-17,West,Ahmedabad,43-inch Smart TV,Electronics,1,26582,26582,CUST-93472,Website
UK-2026-103609,2026-05-15,North,Chandigarh,Running Sneakers,Fashion,1,2755,2755,CUST-59300,App
UK-2026-102916,2026-04-27,East,Patna,Slim Fit Jeans,Fashion,1,1567,1567,CUST-11970,Website
UK-2026-103708,2026-05-02,North,Gurugram,Mixer Grinder 750W,Home & Kitchen,1,3363,3363,CUST-96799,App
UK-2026-103819,2026-05-01,South,Bengaluru,Power Bank 20000mAh,Electronics,1,1731,1731,CUST-43807,Marketplace
UK-2026-100905,2026-02-19,East,Kolkata,Yoga Mat Pro,Sports,1,1253,1253,CUST-80925,Website
UK-2026-103681,2026-05-14,South,Bengaluru,Power Bank 20000mAh,Electronics,2,1735,3470,CUST-95704,App
UK-2026-102606,2026-04-24,East,Guwahati,Non-Stick Cookware Set,Home & Kitchen,1,2912,2912,CUST-31573,Marketplace
UK-2026-101994,2026-03-25,North,Gurugram,Gym Gloves,Sports,1,479,479,CUST-47809,Website
UK-2026-103790,2026-05-11,South,Hyderabad,Modern Wall Clock,Home & Kitchen,1,832,832,CUST-22494,Website
UK-2026-103677,2026-05-24,South,Kochi,Ethnic Dupatta,Fashion,1,506,506,CUST-84880,App
UK-2026-102330,2026-04-01,South,Chennai,Mixer Grinder 750W,Home & Kitchen,1,3325,3325,CUST-53836,Marketplace
UK-2026-102344,2026-04-06,South,Chennai,Formal Shirt,Fashion,1,1086,1086,CUST-94417,Website
UK-2026-103172,2026-05-14,North,Gurugram,Wireless Earbuds Pro,Electronics,1,2917,2917,CUST-28069,Website
UK-2026-101351,2026-02-02,West,Pune,Dinner Set 24pc,Home & Kitchen,1,2581,2581,CUST-17468,Website
UK-2026-102477,2026-04-06,West,Mumbai,Mixer Grinder 750W,Home & Kitchen,1,3403,3403,CUST-28606,Marketplace
UK-2026-104875,2026-06-07,South,Kochi,Denim Jacket,Fashion,1,2270,2270,CUST-94918,App
UK-2026-101810,2026-03-23,East,Guwahati,Power Bank 20000mAh,Electronics,1,1774,1774,CUST-94918,Marketplace
UK-2026-104348,2026-06-11,West,Surat,Bluetooth Speaker Mini,Electronics,1,1483,1483,CUST-22011,Marketplace
UK-2026-103698,2026-05-27,West,Ahmedabad,Football Size 5,Sports,1,863,863,CUST-55489,Marketplace
UK-2026-100426,2026-01-17,North,Noida,Air Fryer 5L,Home & Kitchen,1,5337,5337,CUST-23807,Marketplace
UK-2026-100816,2026-02-28,West,Surat,Cycling Helmet,Sports,2,1590,3180,CUST-40336,Website
UK-2026-101625,2026-03-16,Central,Indore,Cotton Kurta Set,Fashion,1,1328,1328,CUST-51362,Website
UK-2026-104774,2026-06-28,West,Surat,43-inch Smart TV,Electronics,1,26734,26734,CUST-71743,App
UK-2026-100019,2026-01-22,North,Delhi,Silk Saree,Fashion,1,3547,3547,CUST-35080,App
UK-2026-101624,2026-03-25,Central,Indore,Wireless Earbuds Pro,Electronics,2,3076,6152,CUST-75451,App
UK-2026-101281,2026-02-28,West,Mumbai,Dinner Set 24pc,Home & Kitchen,1,2609,2609,CUST-90804,App
UK-2026-101844,2026-03-19,Central,Raipur,Non-Stick Cookware Set,Home & Kitchen,1,2973,2973,CUST-51163,Website
UK-2026-104098,2026-06-20,Central,Indore,Non-Stick Cookware Set,Home & Kitchen,1,2955,2955,CUST-83072,App
UK-2026-104247,2026-06-22,West,Pune,Ethnic Dupatta,Fashion,1,486,486,CUST-19238,App
UK-2026-102657,2026-04-23,West,Ahmedabad,Matte Lipstick Set,Beauty,1,910,910,CUST-88117,Marketplace
UK-2026-101982,2026-03-12,North,Delhi,Cotton Bedsheet Set,Home & Kitchen,1,1331,1331,CUST-62860,Website
UK-2026-100726,2026-02-06,West,Pune,Ultrabook Air 14,Electronics,1,28672,28672,CUST-37725,Marketplace
UK-2026-100302,2026-01-07,West,Ahmedabad,Noise-Cancelling Headphones,Electronics,2,8695,17390,CUST-84669,Marketplace
UK-2026-103435,2026-05-12,South,Chennai,Bluetooth Speaker Mini,Electronics,1,1450,1450,CUST-25027,Marketplace
UK-2026-101748,2026-03-09,North,Noida,Robot Vacuum R7,Home & Kitchen,1,19928,19928,CUST-35573,Marketplace
UK-2026-103298,2026-05-26,North,Gurugram,Formal Shirt,Fashion,1,1102,1102,CUST-84672,App
UK-2026-101646,2026-03-03,West,Surat,Bluetooth Speaker Mini,Electronics,1,1520,1520,CUST-59331,Website
UK-2026-104279,2026-06-16,South,Chennai,Smart Watch X2,Electronics,1,4558,4558,CUST-97869,App
UK-2026-101168,2026-02-24,West,Mumbai,Smart Watch X2,Electronics,1,4689,4689,CUST-79180,Website
UK-2026-100676,2026-01-17,West,Ahmedabad,Smart Watch X2,Electronics,1,4299,4299,CUST-57182,Marketplace
UK-2026-103670,2026-05-01,North,Noida,Ethnic Dupatta,Fashion,1,496,496,CUST-98040,Marketplace
UK-2026-100535,2026-01-20,South,Kochi,Makeup Brush Set,Beauty,1,1294,1294,CUST-35721,Website
UK-2026-102418,2026-04-07,West,Pune,Noise-Cancelling Headphones,Electronics,2,8572,17144,CUST-20383,App
UK-2026-102079,2026-03-25,Central,Raipur,Modern Wall Clock,Home & Kitchen,1,769,769,CUST-43280,Website
UK-2026-101847,2026-03-12,North,Noida,Sunscreen SPF50,Beauty,1,573,573,CUST-37617,Website
UK-2026-102013,2026-03-23,West,Mumbai,Mixer Grinder 750W,Home & Kitchen,2,3151,6302,CUST-31481,App
UK-2026-100244,2026-01-14,South,Bengaluru,Smart Watch X2,Electronics,1,4631,4631,CUST-66517,App
UK-2026-100915,2026-02-14,West,Surat,Power Bank 20000mAh,Electronics,1,1797,1797,CUST-11509,App
UK-2026-104174,2026-06-10,North,Delhi,Air Fryer 5L,Home & Kitchen,2,5510,11020,CUST-80715,App
UK-2026-100765,2026-02-03,Central,Raipur,Badminton Racket Set,Sports,1,2502,2502,CUST-43280,App
UK-2026-103259,2026-05-31,East,Bhubaneswar,Ethnic Dupatta,Fashion,1,475,475,CUST-48339,App
UK-2026-100381,2026-01-29,West,Ahmedabad,Bluetooth Speaker Mini,Electronics,1,1440,1440,CUST-50679,App
UK-2026-101638,2026-03-05,Central,Indore,Matte Lipstick Set,Beauty,1,896,896,CUST-31968,App
UK-2026-102600,2026-04-04,South,Bengaluru,Noise-Cancelling Headphones,Electronics,1,8620,8620,CUST-21338,App
UK-2026-104514,2026-06-29,South,Kochi,Mirrorless Camera Lite,Electronics,2,28965,57930,CUST-87828,App
UK-2026-102749,2026-04-29,South,Bengaluru,Noise-Cancelling Headphones,Electronics,1,8802,8802,CUST-14858,App
UK-2026-100496,2026-01-26,North,Gurugram,Eau de Parfum 100ml,Beauty,4,2007,8028,CUST-89778,App
UK-2026-101789,2026-03-24,North,Noida,Power Bank 20000mAh,Electronics,1,1888,1888,CUST-93267,Website
UK-2026-104054,2026-06-02,East,Guwahati,Beard Grooming Kit,Beauty,2,988,1976,CUST-13050,App
UK-2026-101038,2026-02-28,East,Patna,Sunscreen SPF50,Beauty,1,555,555,CUST-26633,App
UK-2026-103106,2026-05-17,West,Mumbai,Mirrorless Camera Lite,Electronics,1,29853,29853,CUST-75953,Website
UK-2026-103649,2026-05-29,Central,Indore,Cotton Bedsheet Set,Home & Kitchen,2,1403,2806,CUST-15807,Marketplace
UK-2026-102681,2026-04-04,East,Bhubaneswar,Denim Jacket,Fashion,2,2112,4224,CUST-73593,App
UK-2026-103728,2026-05-02,South,Kochi,Face Wash Combo,Beauty,1,445,445,CUST-29924,Website
UK-2026-103432,2026-05-09,North,Gurugram,Modern Wall Clock,Home & Kitchen,1,812,812,CUST-65023,Website
UK-2026-102057,2026-03-31,South,Hyderabad,Electric Kettle 1.5L,Home & Kitchen,1,1099,1099,CUST-15977,App
UK-2026-102230,2026-03-24,North,Delhi,Denim Jacket,Fashion,2,2164,4328,CUST-59261,App
UK-2026-102765,2026-04-10,Central,Nagpur,Mirrorless Camera Lite,Electronics,1,28959,28959,CUST-35524,Marketplace
UK-2026-104050,2026-06-08,North,Gurugram,Power Bank 20000mAh,Electronics,1,1860,1860,CUST-15478,Website
UK-2026-104789,2026-06-04,North,Gurugram,Power Bank 20000mAh,Electronics,1,1827,1827,CUST-14672,Marketplace
UK-2026-100062,2026-01-26,West,Ahmedabad,Football Size 5,Sports,1,884,884,CUST-35431,Website
UK-2026-102190,2026-03-23,North,Gurugram,Wireless Earbuds Pro,Electronics,1,2883,2883,CUST-50453,Website
UK-2026-103885,2026-05-20,East,Bhubaneswar,Silk Saree,Fashion,3,3489,10467,CUST-84609,Marketplace
UK-2026-100784,2026-02-25,East,Patna,Wireless Earbuds Pro,Electronics,4,2985,11940,CUST-41011,App
UK-2026-104473,2026-06-03,North,Gurugram,Robot Vacuum R7,Home & Kitchen,1,18148,18148,CUST-42923,App
UK-2026-100788,2026-02-18,North,Gurugram,Wireless Earbuds Pro,Electronics,1,3124,3124,CUST-27192,Marketplace
UK-2026-104139,2026-06-29,North,Chandigarh,Non-Stick Cookware Set,Home & Kitchen,1,2772,2772,CUST-41300,Website
UK-2026-102666,2026-04-24,South,Hyderabad,43-inch Smart TV,Electronics,1,26025,26025,CUST-26265,App
UK-2026-102501,2026-04-22,East,Kolkata,Slim Fit Jeans,Fashion,2,1648,3296,CUST-47113,App
UK-2026-101412,2026-02-14,Central,Indore,Face Wash Combo,Beauty,3,455,1365,CUST-13400,App
UK-2026-100373,2026-01-21,North,Gurugram,Noise-Cancelling Headphones,Electronics,2,8745,17490,CUST-27684,App
UK-2026-102350,2026-04-18,Central,Raipur,Silk Saree,Fashion,2,3374,6748,CUST-58773,App
UK-2026-104643,2026-06-19,North,Gurugram,Mirrorless Camera Lite,Electronics,1,27702,27702,CUST-19107,Website
UK-2026-101873,2026-03-24,South,Bengaluru,Sunscreen SPF50,Beauty,1,538,538,CUST-19014,App
UK-2026-101223,2026-02-19,West,Ahmedabad,Mixer Grinder 750W,Home & Kitchen,1,3398,3398,CUST-34909,App
UK-2026-104841,2026-06-11,North,Noida,Formal Shirt,Fashion,2,1053,2106,CUST-77937,Marketplace
UK-2026-100204,2026-01-02,South,Bengaluru,Mirrorless Camera Lite,Electronics,3,27814,83442,CUST-27167,Marketplace
UK-2026-104533,2026-06-29,West,Mumbai,Cycling Helmet,Sports,1,1675,1675,CUST-46074,App
UK-2026-100980,2026-02-12,West,Pune,Electric Kettle 1.5L,Home & Kitchen,1,1121,1121,CUST-69220,Website
UK-2026-102774,2026-04-22,North,Gurugram,Running Sneakers,Fashion,1,2927,2927,CUST-76173,App
UK-2026-103793,2026-05-19,North,Chandigarh,Face Wash Combo,Beauty,2,449,898,CUST-27562,App
UK-2026-100354,2026-01-28,West,Pune,Badminton Racket Set,Sports,2,2382,4764,CUST-47844,Website
UK-2026-104449,2026-06-15,Central,Nagpur,Robot Vacuum R7,Home & Kitchen,1,19654,19654,CUST-80032,Marketplace
UK-2026-103109,2026-05-30,North,Noida,Power Bank 20000mAh,Electronics,1,1774,1774,CUST-37901,Marketplace
UK-2026-103787,2026-05-19,East,Guwahati,Cotton Kurta Set,Fashion,4,1248,4992,CUST-49896,Website
UK-2026-100514,2026-01-22,Central,Nagpur,Eau de Parfum 100ml,Beauty,2,2032,4064,CUST-53931,App
UK-2026-102697,2026-04-04,North,Delhi,43-inch Smart TV,Electronics,1,25773,25773,CUST-53359,Marketplace
UK-2026-100324,2026-01-10,East,Kolkata,Face Wash Combo,Beauty,1,445,445,CUST-28959,App
UK-2026-104621,2026-06-11,Central,Indore,Slim Fit Jeans,Fashion,2,1572,3144,CUST-89296,Website
UK-2026-100051,2026-01-22,South,Hyderabad,Adjustable Dumbbells 15kg,Sports,1,4805,4805,CUST-85382,Website
UK-2026-101269,2026-02-21,South,Chennai,Silk Saree,Fashion,1,3360,3360,CUST-98491,Marketplace
UK-2026-102385,2026-04-16,South,Hyderabad,Adjustable Dumbbells 15kg,Sports,1,5248,5248,CUST-32611,Website
UK-2026-101029,2026-02-13,South,Hyderabad,Eau de Parfum 100ml,Beauty,1,1931,1931,CUST-12368,Website
UK-2026-102029,2026-03-26,North,Noida,Formal Shirt,Fashion,1,1110,1110,CUST-99495,Website
UK-2026-104749,2026-06-30,West,Mumbai,Ethnic Dupatta,Fashion,1,504,504,CUST-34464,Website
UK-2026-103185,2026-05-22,Central,Indore,Running Sneakers,Fashion,1,2663,2663,CUST-64201,Website
UK-2026-103576,2026-05-27,South,Chennai,Mirrorless Camera Lite,Electronics,2,30270,60540,CUST-88523,App
UK-2026-103165,2026-05-03,Central,Raipur,Robot Vacuum R7,Home & Kitchen,1,18640,18640,CUST-97773,App
UK-2026-102692,2026-04-04,South,Kochi,Noise-Cancelling Headphones,Electronics,1,8918,8918,CUST-33669,App
UK-2026-104567,2026-06-13,North,Chandigarh,Badminton Racket Set,Sports,1,2499,2499,CUST-10958,App
UK-2026-102686,2026-04-13,East,Kolkata,Football Size 5,Sports,2,913,1826,CUST-36077,Marketplace
UK-2026-104124,2026-06-16,West,Mumbai,Noise-Cancelling Headphones,Electronics,1,8792,8792,CUST-73746,Marketplace
UK-2026-100227,2026-01-11,North,Delhi,Smart Watch X2,Electronics,2,4350,8700,CUST-86408,Website
UK-2026-100136,2026-01-16,West,Ahmedabad,Smart Watch X2,Electronics,2,4339,8678,CUST-75768,Website
UK-2026-100363,2026-01-26,South,Bengaluru,Smart Watch X2,Electronics,1,4658,4658,CUST-47130,Website
UK-2026-103242,2026-05-24,West,Mumbai,Electric Kettle 1.5L,Home & Kitchen,1,1117,1117,CUST-12306,App
UK-2026-103409,2026-05-04,South,Chennai,Mixer Grinder 750W,Home & Kitchen,1,3322,3322,CUST-69881,App
UK-2026-103257,2026-05-06,North,Delhi,Power Bank 20000mAh,Electronics,1,1720,1720,CUST-90625,Website
UK-2026-103426,2026-05-07,North,Noida,Denim Jacket,Fashion,1,2250,2250,CUST-41451,Website
UK-2026-102400,2026-04-16,South,Bengaluru,Noise-Cancelling Headphones,Electronics,1,8622,8622,CUST-73162,Website
UK-2026-101545,2026-03-19,South,Bengaluru,Running Sneakers,Fashion,2,2817,5634,CUST-94196,Marketplace
UK-2026-101721,2026-03-01,North,Noida,Cotton Bedsheet Set,Home & Kitchen,1,1453,1453,CUST-47130,Website
UK-2026-101866,2026-03-10,West,Pune,Sunscreen SPF50,Beauty,1,536,536,CUST-67996,Website
UK-2026-104863,2026-06-01,East,Bhubaneswar,Gym Gloves,Sports,1,501,501,CUST-94299,App
UK-2026-103969,2026-05-01,West,Mumbai,Vitamin C Serum,Beauty,1,723,723,CUST-36820,Website
UK-2026-102110,2026-03-19,South,Chennai,Wireless Earbuds Pro,Electronics,1,3017,3017,CUST-86392,Marketplace
UK-2026-103132,2026-05-03,South,Hyderabad,43-inch Smart TV,Electronics,1,27115,27115,CUST-42481,Website
UK-2026-102806,2026-04-09,North,Noida,Gym Gloves,Sports,3,508,1524,CUST-76707,Marketplace
UK-2026-101908,2026-03-22,South,Bengaluru,Running Sneakers,Fashion,2,2794,5588,CUST-91275,Website
UK-2026-100858,2026-02-13,Central,Raipur,Wireless Earbuds Pro,Electronics,1,3017,3017,CUST-43853,Website
UK-2026-104315,2026-06-25,North,Gurugram,Air Fryer 5L,Home & Kitchen,1,5482,5482,CUST-59871,Website
UK-2026-102932,2026-04-14,North,Noida,Mirrorless Camera Lite,Electronics,1,28484,28484,CUST-25442,Website
UK-2026-102713,2026-04-23,South,Kochi,Smart Watch X2,Electronics,1,4536,4536,CUST-75485,App
UK-2026-100892,2026-02-03,South,Bengaluru,Leather Wallet,Fashion,1,941,941,CUST-15577,App
UK-2026-101781,2026-03-25,North,Noida,Ethnic Dupatta,Fashion,1,478,478,CUST-24975,Marketplace
UK-2026-102295,2026-04-28,East,Guwahati,Robot Vacuum R7,Home & Kitchen,1,18893,18893,CUST-81225,Marketplace
UK-2026-101765,2026-03-04,South,Kochi,43-inch Smart TV,Electronics,1,25793,25793,CUST-65951,Website
UK-2026-102922,2026-04-03,North,Delhi,Cricket Bat English Willow,Sports,2,9126,18252,CUST-17206,Website
UK-2026-102422,2026-04-09,South,Bengaluru,Mirrorless Camera Lite,Electronics,3,29556,88668,CUST-53797,Website
UK-2026-101251,2026-02-08,West,Ahmedabad,Leather Wallet,Fashion,2,935,1870,CUST-97908,Website
UK-2026-101525,2026-03-26,South,Bengaluru,Power Bank 20000mAh,Electronics,2,1726,3452,CUST-42844,Website
UK-2026-103199,2026-05-03,North,Noida,43-inch Smart TV,Electronics,2,27193,54386,CUST-44233,App
UK-2026-101984,2026-03-01,South,Hyderabad,Beard Grooming Kit,Beauty,1,954,954,CUST-48996,App
UK-2026-101645,2026-03-05,North,Delhi,Wireless Earbuds Pro,Electronics,1,3107,3107,CUST-76353,Marketplace
UK-2026-100152,2026-01-21,North,Chandigarh,Silk Saree,Fashion,1,3461,3461,CUST-24748,Website
UK-2026-104527,2026-06-29,North,Chandigarh,Non-Stick Cookware Set,Home & Kitchen,4,2824,11296,CUST-80822,Marketplace
UK-2026-102940,2026-04-03,South,Hyderabad,Silk Saree,Fashion,2,3658,7316,CUST-79800,Marketplace
UK-2026-104673,2026-06-26,South,Kochi,Non-Stick Cookware Set,Home & Kitchen,1,2875,2875,CUST-91847,App
UK-2026-101699,2026-03-07,South,Bengaluru,Slim Fit Jeans,Fashion,1,1608,1608,CUST-79353,Website
UK-2026-103000,2026-04-07,Central,Nagpur,Face Wash Combo,Beauty,1,431,431,CUST-92447,App
UK-2026-100442,2026-01-16,North,Delhi,Badminton Racket Set,Sports,2,2582,5164,CUST-73593,App
UK-2026-102899,2026-04-11,Central,Bhopal,Yoga Mat Pro,Sports,2,1224,2448,CUST-29257,Website
UK-2026-102182,2026-03-21,South,Bengaluru,Wireless Earbuds Pro,Electronics,1,2851,2851,CUST-99607,App
UK-2026-100042,2026-01-21,North,Noida,Noise-Cancelling Headphones,Electronics,1,9264,9264,CUST-25459,App
UK-2026-100094,2026-01-12,Central,Bhopal,Dinner Set 24pc,Home & Kitchen,1,2504,2504,CUST-14178,Website
UK-2026-103142,2026-05-01,East,Kolkata,Slim Fit Jeans,Fashion,2,1679,3358,CUST-36970,App
UK-2026-103843,2026-05-29,West,Mumbai,Bluetooth Speaker Mini,Electronics,1,1554,1554,CUST-43018,Marketplace
UK-2026-100911,2026-02-03,East,Kolkata,43-inch Smart TV,Electronics,2,25153,50306,CUST-97844,Website
UK-2026-101137,2026-02-06,North,Chandigarh,Cotton Kurta Set,Fashion,1,1306,1306,CUST-53307,App
UK-2026-103822,2026-05-31,South,Chennai,Robot Vacuum R7,Home & Kitchen,1,19296,19296,CUST-87649,Website
UK-2026-103051,2026-04-29,East,Guwahati,Leather Wallet,Fashion,1,864,864,CUST-13596,App
UK-2026-103401,2026-05-14,Central,Indore,Makeup Brush Set,Beauty,1,1261,1261,CUST-34284,Website
UK-2026-104923,2026-06-28,South,Bengaluru,Adjustable Dumbbells 15kg,Sports,1,4755,4755,CUST-29730,Website
UK-2026-103887,2026-05-26,Central,Bhopal,Gym Gloves,Sports,1,492,492,CUST-74192,Marketplace
UK-2026-102203,2026-03-01,East,Patna,Gym Gloves,Sports,1,493,493,CUST-43251,App
UK-2026-101464,2026-03-03,West,Surat,Ethnic Dupatta,Fashion,3,483,1449,CUST-39669,App
UK-2026-104404,2026-06-03,West,Surat,Ethnic Dupatta,Fashion,1,481,481,CUST-68847,App
UK-2026-102095,2026-03-13,West,Ahmedabad,Ethnic Dupatta,Fashion,3,479,1437,CUST-27397,Website
UK-2026-101736,2026-03-05,South,Hyderabad,Yoga Mat Pro,Sports,1,1209,1209,CUST-31350,Marketplace
UK-2026-103940,2026-05-27,South,Chennai,Bluetooth Speaker Mini,Electronics,3,1496,4488,CUST-63705,Marketplace
UK-2026-102349,2026-04-07,South,Hyderabad,Non-Stick Cookware Set,Home & Kitchen,1,2868,2868,CUST-33796,Website
UK-2026-103976,2026-05-27,East,Patna,Beard Grooming Kit,Beauty,1,1000,1000,CUST-80013,App
UK-2026-104328,2026-06-15,North,Delhi,Dinner Set 24pc,Home & Kitchen,1,2433,2433,CUST-31647,App
UK-2026-100596,2026-01-04,East,Guwahati,Electric Kettle 1.5L,Home & Kitchen,1,1150,1150,CUST-47987,App
UK-2026-100522,2026-01-24,Central,Bhopal,Cotton Kurta Set,Fashion,1,1259,1259,CUST-10431,Marketplace
UK-2026-103295,2026-05-13,East,Bhubaneswar,Modern Wall Clock,Home & Kitchen,1,825,825,CUST-76389,App
UK-2026-104476,2026-06-17,West,Surat,Robot Vacuum R7,Home & Kitchen,1,18955,18955,CUST-69091,Marketplace
UK-2026-102996,2026-04-22,South,Hyderabad,43-inch Smart TV,Electronics,2,24847,49694,CUST-40704,App
UK-2026-104199,2026-06-22,South,Kochi,Ethnic Dupatta,Fashion,1,497,497,CUST-45659,App
UK-2026-100830,2026-02-05,West,Mumbai,Mirrorless Camera Lite,Electronics,1,28660,28660,CUST-88949,Website
UK-2026-101367,2026-02-08,West,Mumbai,Ultrabook Air 14,Electronics,2,28889,57778,CUST-19079,Website
UK-2026-100195,2026-01-07,East,Bhubaneswar,Air Fryer 5L,Home & Kitchen,1,5749,5749,CUST-60008,Website
UK-2026-103511,2026-05-22,North,Delhi,Denim Jacket,Fashion,2,2153,4306,CUST-91113,Website
UK-2026-104962,2026-06-10,North,Gurugram,Gym Gloves,Sports,1,490,490,CUST-97165,Website
UK-2026-102557,2026-04-07,North,Gurugram,Dinner Set 24pc,Home & Kitchen,1,2531,2531,CUST-87828,App
UK-2026-104803,2026-06-16,North,Delhi,43-inch Smart TV,Electronics,1,26666,26666,CUST-58120,Marketplace
UK-2026-103859,2026-05-17,East,Guwahati,Noise-Cancelling Headphones,Electronics,1,9114,9114,CUST-60878,Marketplace
UK-2026-104566,2026-06-20,South,Chennai,Leather Wallet,Fashion,1,869,869,CUST-39669,App
UK-2026-104344,2026-06-13,North,Noida,Running Sneakers,Fashion,1,2846,2846,CUST-81225,App
UK-2026-102611,2026-04-03,North,Delhi,Robot Vacuum R7,Home & Kitchen,2,19740,39480,CUST-69220,Website
UK-2026-104818,2026-06-03,West,Pune,Ionic Hair Dryer,Beauty,1,1862,1862,CUST-34464,App
UK-2026-100698,2026-01-19,North,Chandigarh,Modern Wall Clock,Home & Kitchen,1,765,765,CUST-18289,Website
UK-2026-101758,2026-03-14,South,Kochi,Leather Wallet,Fashion,2,876,1752,CUST-54964,App
UK-2026-100224,2026-01-29,South,Chennai,Leather Wallet,Fashion,1,856,856,CUST-85218,App
UK-2026-101527,2026-03-29,North,Chandigarh,Ultrabook Air 14,Electronics,2,30962,61924,CUST-14178,App
UK-2026-101229,2026-02-28,North,Noida,Adjustable Dumbbells 15kg,Sports,1,4767,4767,CUST-23322,App
UK-2026-100744,2026-02-18,West,Pune,Dinner Set 24pc,Home & Kitchen,1,2470,2470,CUST-92918,Website
UK-2026-101470,2026-03-03,North,Gurugram,Running Sneakers,Fashion,1,2776,2776,CUST-61510,Website
UK-2026-101492,2026-03-31,North,Noida,Leather Wallet,Fashion,1,898,898,CUST-24799,Website
UK-2026-100092,2026-01-05,Central,Indore,Electric Kettle 1.5L,Home & Kitchen,1,1133,1133,CUST-15046,Website
UK-2026-101627,2026-03-29,North,Gurugram,Mixer Grinder 750W,Home & Kitchen,1,3254,3254,CUST-32075,Website
UK-2026-102988,2026-04-18,South,Bengaluru,Mirrorless Camera Lite,Electronics,1,28807,28807,CUST-97844,App
UK-2026-102894,2026-04-18,North,Delhi,Football Size 5,Sports,2,937,1874,CUST-28921,Marketplace
UK-2026-100532,2026-01-19,East,Bhubaneswar,Denim Jacket,Fashion,1,2094,2094,CUST-51831,Website
UK-2026-104552,2026-06-25,South,Bengaluru,Sunscreen SPF50,Beauty,1,555,555,CUST-56899,Website
UK-2026-101113,2026-02-21,North,Noida,Ultrabook Air 14,Electronics,1,30967,30967,CUST-78928,App
UK-2026-103323,2026-05-22,South,Kochi,Cycling Helmet,Sports,1,1535,1535,CUST-76903,Website
UK-2026-103737,2026-05-10,West,Surat,Dinner Set 24pc,Home & Kitchen,1,2580,2580,CUST-45569,Website
UK-2026-102256,2026-04-07,Central,Nagpur,Denim Jacket,Fashion,1,2103,2103,CUST-38071,App
UK-2026-102460,2026-04-03,South,Kochi,Robot Vacuum R7,Home & Kitchen,1,18279,18279,CUST-15207,Website
UK-2026-104652,2026-06-03,South,Kochi,Wireless Earbuds Pro,Electronics,1,2972,2972,CUST-22825,Marketplace
UK-2026-101486,2026-03-17,South,Hyderabad,Matte Lipstick Set,Beauty,1,918,918,CUST-48491,Marketplace
UK-2026-102676,2026-04-15,North,Chandigarh,Robot Vacuum R7,Home & Kitchen,1,19719,19719,CUST-48339,App
UK-2026-100081,2026-01-21,North,Gurugram,Noise-Cancelling Headphones,Electronics,1,9233,9233,CUST-89766,App
UK-2026-103230,2026-05-09,West,Pune,Wireless Earbuds Pro,Electronics,2,3079,6158,CUST-27259,Website
UK-2026-100272,2026-01-15,West,Pune,Robot Vacuum R7,Home & Kitchen,1,18630,18630,CUST-14164,Marketplace
UK-2026-100182,2026-01-01,North,Noida,Ultrabook Air 14,Electronics,1,28941,28941,CUST-20511,Website
UK-2026-101691,2026-03-12,North,Chandigarh,Mirrorless Camera Lite,Electronics,2,29057,58114,CUST-45837,Website
UK-2026-100654,2026-01-21,North,Chandigarh,Sunscreen SPF50,Beauty,1,536,536,CUST-86392,App
UK-2026-101300,2026-02-15,East,Patna,Formal Shirt,Fashion,1,1078,1078,CUST-80925,Website
UK-2026-104142,2026-06-22,South,Chennai,Matte Lipstick Set,Beauty,2,871,1742,CUST-78468,Website
UK-2026-103624,2026-05-22,Central,Bhopal,Modern Wall Clock,Home & Kitchen,1,780,780,CUST-83327,App
UK-2026-101296,2026-02-19,North,Gurugram,Beard Grooming Kit,Beauty,1,1001,1001,CUST-69220,App
UK-2026-102857,2026-04-16,North,Chandigarh,Dinner Set 24pc,Home & Kitchen,1,2477,2477,CUST-92447,Website
UK-2026-102974,2026-04-04,South,Kochi,Mirrorless Camera Lite,Electronics,2,29632,59264,CUST-46607,App
UK-2026-104087,2026-06-28,West,Pune,Bluetooth Speaker Mini,Electronics,1,1455,1455,CUST-37340,Marketplace
UK-2026-101620,2026-03-30,Central,Bhopal,Leather Wallet,Fashion,1,860,860,CUST-67701,Website
UK-2026-103761,2026-05-15,West,Ahmedabad,Air Fryer 5L,Home & Kitchen,2,5667,11334,CUST-88981,Website
UK-2026-100228,2026-01-07,South,Bengaluru,Makeup Brush Set,Beauty,4,1278,5112,CUST-37401,App
UK-2026-104251,2026-06-14,North,Noida,Football Size 5,Sports,1,895,895,CUST-48294,Website
UK-2026-100513,2026-01-04,North,Delhi,Mixer Grinder 750W,Home & Kitchen,1,3147,3147,CUST-42325,App
UK-2026-100223,2026-01-01,Central,Bhopal,Ultrabook Air 14,Electronics,1,30036,30036,CUST-27167,Marketplace
UK-2026-103586,2026-05-07,East,Guwahati,Ultrabook Air 14,Electronics,1,30963,30963,CUST-82894,Marketplace
UK-2026-104166,2026-06-30,South,Bengaluru,43-inch Smart TV,Electronics,1,25094,25094,CUST-76187,Marketplace
UK-2026-104602,2026-06-08,South,Kochi,Non-Stick Cookware Set,Home & Kitchen,1,3029,3029,CUST-41787,Website
UK-2026-100016,2026-01-05,East,Guwahati,Electric Kettle 1.5L,Home & Kitchen,2,1124,2248,CUST-38833,Website
UK-2026-103327,2026-05-31,South,Hyderabad,Power Bank 20000mAh,Electronics,3,1753,5259,CUST-79800,App
UK-2026-104843,2026-06-21,South,Chennai,Ultrabook Air 14,Electronics,1,28983,28983,CUST-47130,Website
UK-2026-102900,2026-04-19,North,Chandigarh,Matte Lipstick Set,Beauty,1,917,917,CUST-96140,App
UK-2026-100952,2026-02-18,South,Hyderabad,Silk Saree,Fashion,1,3638,3638,CUST-77117,Marketplace
UK-2026-101116,2026-02-08,West,Surat,43-inch Smart TV,Electronics,1,25532,25532,CUST-65942,App
UK-2026-104065,2026-06-26,East,Kolkata,Cotton Bedsheet Set,Home & Kitchen,1,1457,1457,CUST-77071,Website
UK-2026-100656,2026-01-04,East,Bhubaneswar,43-inch Smart TV,Electronics,1,25585,25585,CUST-34265,Marketplace
UK-2026-100729,2026-02-21,West,Pune,Ionic Hair Dryer,Beauty,1,1809,1809,CUST-48803,App
UK-2026-100994,2026-02-10,North,Chandigarh,Bluetooth Speaker Mini,Electronics,2,1526,3052,CUST-95993,Marketplace
UK-2026-101603,2026-03-19,North,Delhi,Cotton Kurta Set,Fashion,1,1295,1295,CUST-77180,App
UK-2026-103888,2026-05-02,North,Delhi,Ultrabook Air 14,Electronics,1,31168,31168,CUST-16498,Marketplace
UK-2026-103402,2026-05-18,South,Bengaluru,Matte Lipstick Set,Beauty,2,863,1726,CUST-80032,Website
UK-2026-100311,2026-01-18,North,Noida,Makeup Brush Set,Beauty,1,1256,1256,CUST-41192,Marketplace
UK-2026-100095,2026-01-08,South,Bengaluru,Cotton Kurta Set,Fashion,1,1349,1349,CUST-99210,App
UK-2026-100385,2026-01-21,North,Gurugram,Football Size 5,Sports,2,878,1756,CUST-10247,Website
UK-2026-103937,2026-05-30,West,Surat,Formal Shirt,Fashion,2,1045,2090,CUST-32685,App
UK-2026-102411,2026-04-08,North,Noida,Non-Stick Cookware Set,Home & Kitchen,1,2795,2795,CUST-94084,App
UK-2026-101247,2026-02-18,East,Bhubaneswar,Ionic Hair Dryer,Beauty,2,1961,3922,CUST-73709,Website
UK-2026-103020,2026-04-04,South,Kochi,Electric Kettle 1.5L,Home & Kitchen,1,1067,1067,CUST-97165,App
UK-2026-104340,2026-06-16,North,Noida,Cycling Helmet,Sports,2,1526,3052,CUST-24670,App
UK-2026-102690,2026-04-21,West,Mumbai,Cotton Bedsheet Set,Home & Kitchen,1,1410,1410,CUST-54515,Website
UK-2026-100531,2026-01-05,South,Bengaluru,Matte Lipstick Set,Beauty,1,857,857,CUST-96444,App
UK-2026-104625,2026-06-11,South,Kochi,Vitamin C Serum,Beauty,3,716,2148,CUST-91347,Website
UK-2026-100587,2026-01-24,South,Kochi,Mirrorless Camera Lite,Electronics,1,28751,28751,CUST-98491,App
UK-2026-104557,2026-06-09,West,Ahmedabad,Ultrabook Air 14,Electronics,1,31189,31189,CUST-68847,Website
UK-2026-104255,2026-06-02,South,Bengaluru,Yoga Mat Pro,Sports,1,1258,1258,CUST-59424,App
UK-2026-104823,2026-06-13,East,Bhubaneswar,Smart Watch X2,Electronics,1,4451,4451,CUST-12258,Marketplace
UK-2026-103188,2026-05-19,West,Ahmedabad,Foldable Treadmill T2,Sports,1,24515,24515,CUST-35572,App
UK-2026-104024,2026-06-08,North,Gurugram,Modern Wall Clock,Home & Kitchen,1,785,785,CUST-99858,Marketplace
UK-2026-102455,2026-04-13,South,Kochi,Robot Vacuum R7,Home & Kitchen,1,18163,18163,CUST-62087,Website
UK-2026-104591,2026-06-26,East,Guwahati,43-inch Smart TV,Electronics,1,25362,25362,CUST-99683,Marketplace
UK-2026-104620,2026-06-30,North,Delhi,Robot Vacuum R7,Home & Kitchen,4,18779,75116,CUST-34464,Website
UK-2026-101959,2026-03-26,North,Chandigarh,Mirrorless Camera Lite,Electronics,1,28270,28270,CUST-24530,Website
UK-2026-100627,2026-01-07,South,Bengaluru,Modern Wall Clock,Home & Kitchen,2,806,1612,CUST-59534,App
UK-2026-100246,2026-01-09,North,Delhi,Dinner Set 24pc,Home & Kitchen,2,2410,4820,CUST-76603,Marketplace
UK-2026-103911,2026-05-19,North,Delhi,Cycling Helmet,Sports,1,1542,1542,CUST-81932,Marketplace
UK-2026-100511,2026-01-22,East,Bhubaneswar,Mirrorless Camera Lite,Electronics,1,29951,29951,CUST-97832,App
UK-2026-103988,2026-05-03,West,Surat,Mirrorless Camera Lite,Electronics,2,29193,58386,CUST-30803,Marketplace
UK-2026-100662,2026-01-19,South,Bengaluru,Cycling Helmet,Sports,1,1584,1584,CUST-33623,Website
UK-2026-102605,2026-04-24,South,Kochi,43-inch Smart TV,Electronics,1,26406,26406,CUST-93896,Website
UK-2026-104836,2026-06-02,Central,Bhopal,Modern Wall Clock,Home & Kitchen,2,801,1602,CUST-51362,Website
UK-2026-102505,2026-04-24,South,Chennai,Formal Shirt,Fashion,1,1148,1148,CUST-77736,App
UK-2026-100825,2026-02-28,North,Noida,Bluetooth Speaker Mini,Electronics,3,1446,4338,CUST-68598,Marketplace
UK-2026-103588,2026-05-24,West,Pune,Wireless Earbuds Pro,Electronics,2,2976,5952,CUST-35964,App
UK-2026-103252,2026-05-12,North,Chandigarh,Makeup Brush Set,Beauty,2,1250,2500,CUST-73219,App
UK-2026-102959,2026-04-29,East,Bhubaneswar,Makeup Brush Set,Beauty,1,1334,1334,CUST-79771,Website
UK-2026-102500,2026-04-12,North,Gurugram,Noise-Cancelling Headphones,Electronics,2,9071,18142,CUST-95944,Marketplace
UK-2026-101769,2026-03-05,North,Delhi,Ethnic Dupatta,Fashion,1,483,483,CUST-16189,Website
UK-2026-101674,2026-03-16,North,Gurugram,Smart Watch X2,Electronics,1,4665,4665,CUST-46030,Website
UK-2026-102180,2026-03-10,South,Bengaluru,Robot Vacuum R7,Home & Kitchen,1,19317,19317,CUST-94320,Marketplace
UK-2026-103929,2026-05-07,North,Gurugram,Air Fryer 5L,Home & Kitchen,1,5699,5699,CUST-85053,App
UK-2026-101193,2026-02-09,East,Bhubaneswar,Leather Wallet,Fashion,1,892,892,CUST-31087,Website
UK-2026-101013,2026-02-08,North,Noida,Power Bank 20000mAh,Electronics,1,1775,1775,CUST-79828,Marketplace
UK-2026-103824,2026-05-20,Central,Indore,Ultrabook Air 14,Electronics,1,31449,31449,CUST-94511,Website
UK-2026-101684,2026-03-25,Central,Raipur,Slim Fit Jeans,Fashion,1,1554,1554,CUST-62544,App
UK-2026-104993,2026-06-09,Central,Bhopal,Mixer Grinder 750W,Home & Kitchen,1,3328,3328,CUST-54711,Marketplace
UK-2026-101814,2026-03-10,North,Noida,Yoga Mat Pro,Sports,2,1248,2496,CUST-80078,Website
UK-2026-104640,2026-06-07,South,Hyderabad,Bluetooth Speaker Mini,Electronics,1,1475,1475,CUST-33796,App
UK-2026-101485,2026-03-31,Central,Indore,Ethnic Dupatta,Fashion,1,511,511,CUST-49791,App
UK-2026-101272,2026-02-08,North,Noida,Beard Grooming Kit,Beauty,1,1022,1022,CUST-42991,App
UK-2026-101449,2026-02-02,South,Hyderabad,Mirrorless Camera Lite,Electronics,1,28120,28120,CUST-71707,App
UK-2026-104496,2026-06-25,South,Hyderabad,Electric Kettle 1.5L,Home & Kitchen,1,1115,1115,CUST-70076,Marketplace
UK-2026-100541,2026-01-01,South,Hyderabad,Slim Fit Jeans,Fashion,1,1576,1576,CUST-51853,App
UK-2026-102575,2026-04-19,East,Patna,Noise-Cancelling Headphones,Electronics,1,8852,8852,CUST-43321,App
UK-2026-100116,2026-01-11,South,Chennai,Mirrorless Camera Lite,Electronics,2,29441,58882,CUST-42938,App
UK-2026-100936,2026-02-06,Central,Bhopal,Mirrorless Camera Lite,Electronics,3,29645,88935,CUST-28921,Website
UK-2026-104664,2026-06-06,East,Patna,Face Wash Combo,Beauty,1,452,452,CUST-21338,App
UK-2026-100885,2026-02-05,East,Kolkata,Dinner Set 24pc,Home & Kitchen,2,2482,4964,CUST-28336,Website
UK-2026-101899,2026-03-02,West,Surat,Power Bank 20000mAh,Electronics,2,1728,3456,CUST-52573,Website
UK-2026-102211,2026-03-12,West,Surat,Mixer Grinder 750W,Home & Kitchen,1,3407,3407,CUST-70353,Marketplace
UK-2026-102244,2026-04-05,South,Chennai,Dinner Set 24pc,Home & Kitchen,1,2579,2579,CUST-81010,App
UK-2026-104417,2026-06-13,Central,Raipur,Gym Gloves,Sports,1,508,508,CUST-35997,Marketplace
UK-2026-104212,2026-06-27,East,Patna,Noise-Cancelling Headphones,Electronics,2,8970,17940,CUST-95257,App
UK-2026-104882,2026-06-01,North,Chandigarh,Matte Lipstick Set,Beauty,1,895,895,CUST-84469,App
UK-2026-100534,2026-01-27,South,Chennai,Bluetooth Speaker Mini,Electronics,2,1487,2974,CUST-35964,Marketplace
UK-2026-103090,2026-04-25,East,Bhubaneswar,Cricket Bat English Willow,Sports,2,9180,18360,CUST-71743,App
UK-2026-104398,2026-06-02,West,Ahmedabad,43-inch Smart TV,Electronics,1,25421,25421,CUST-17206,App
UK-2026-102184,2026-03-02,North,Delhi,43-inch Smart TV,Electronics,2,26097,52194,CUST-72862,App
UK-2026-101788,2026-03-14,North,Noida,Denim Jacket,Fashion,2,2161,4322,CUST-21098,App
UK-2026-103258,2026-05-09,South,Kochi,Matte Lipstick Set,Beauty,1,940,940,CUST-23096,Website
UK-2026-100308,2026-01-03,South,Bengaluru,Adjustable Dumbbells 15kg,Sports,2,5038,10076,CUST-52582,Marketplace
UK-2026-100423,2026-01-18,North,Chandigarh,Noise-Cancelling Headphones,Electronics,2,9033,18066,CUST-89130,Marketplace
UK-2026-102035,2026-03-14,West,Ahmedabad,Mirrorless Camera Lite,Electronics,2,30029,60058,CUST-52193,Marketplace
UK-2026-104668,2026-06-14,South,Hyderabad,Mirrorless Camera Lite,Electronics,1,28370,28370,CUST-21098,App
UK-2026-102253,2026-04-18,South,Kochi,Denim Jacket,Fashion,2,2156,4312,CUST-15910,Website
UK-2026-104555,2026-06-26,West,Mumbai,Air Fryer 5L,Home & Kitchen,2,5288,10576,CUST-48544,App
UK-2026-100124,2026-01-30,North,Delhi,Noise-Cancelling Headphones,Electronics,1,8635,8635,CUST-27397,Marketplace
UK-2026-102302,2026-04-12,North,Noida,Cotton Bedsheet Set,Home & Kitchen,1,1457,1457,CUST-54592,Marketplace
UK-2026-102855,2026-04-04,South,Chennai,Football Size 5,Sports,2,902,1804,CUST-36635,App
UK-2026-103542,2026-05-19,Central,Nagpur,Ultrabook Air 14,Electronics,1,28771,28771,CUST-91411,App
UK-2026-102240,2026-03-29,West,Ahmedabad,Cotton Kurta Set,Fashion,3,1342,4026,CUST-37617,Website
UK-2026-102014,2026-03-15,North,Gurugram,Robot Vacuum R7,Home & Kitchen,1,18906,18906,CUST-87581,App
UK-2026-100463,2026-01-05,North,Noida,Foldable Treadmill T2,Sports,1,24419,24419,CUST-10767,App
UK-2026-100064,2026-01-13,South,Kochi,Robot Vacuum R7,Home & Kitchen,2,18445,36890,CUST-79385,App
UK-2026-101071,2026-02-19,West,Pune,Formal Shirt,Fashion,2,1072,2144,CUST-90847,Website
UK-2026-104455,2026-06-12,West,Ahmedabad,Ultrabook Air 14,Electronics,1,29455,29455,CUST-45853,Website
UK-2026-101705,2026-03-24,North,Gurugram,Air Fryer 5L,Home & Kitchen,1,5444,5444,CUST-86006,Website
UK-2026-102748,2026-04-03,West,Ahmedabad,Mirrorless Camera Lite,Electronics,1,27607,27607,CUST-15495,App
UK-2026-100547,2026-01-15,North,Noida,Mixer Grinder 750W,Home & Kitchen,2,3157,6314,CUST-66370,Website
UK-2026-101654,2026-03-31,North,Delhi,Vitamin C Serum,Beauty,1,724,724,CUST-27397,App
UK-2026-101894,2026-03-31,West,Pune,Modern Wall Clock,Home & Kitchen,1,835,835,CUST-28133,App
UK-2026-100611,2026-01-09,West,Mumbai,Mirrorless Camera Lite,Electronics,1,29833,29833,CUST-48231,App
UK-2026-101732,2026-03-08,North,Chandigarh,Vitamin C Serum,Beauty,2,711,1422,CUST-94084,Website
UK-2026-102425,2026-04-20,East,Kolkata,Denim Jacket,Fashion,2,2269,4538,CUST-46394,App
UK-2026-101711,2026-03-04,West,Pune,Slim Fit Jeans,Fashion,1,1521,1521,CUST-16019,App
UK-2026-100071,2026-01-22,South,Hyderabad,Bluetooth Speaker Mini,Electronics,2,1491,2982,CUST-24039,Marketplace
UK-2026-103746,2026-05-17,North,Noida,Face Wash Combo,Beauty,1,428,428,CUST-81225,App
UK-2026-101885,2026-03-23,Central,Bhopal,Yoga Mat Pro,Sports,1,1151,1151,CUST-54460,Website
UK-2026-102237,2026-03-28,North,Gurugram,Gym Gloves,Sports,1,477,477,CUST-70134,App
UK-2026-100465,2026-01-05,South,Bengaluru,Badminton Racket Set,Sports,1,2378,2378,CUST-56465,Website
UK-2026-100505,2026-01-23,North,Noida,Makeup Brush Set,Beauty,2,1338,2676,CUST-63595,App
UK-2026-101637,2026-03-11,West,Mumbai,Ionic Hair Dryer,Beauty,1,1979,1979,CUST-94511,Marketplace
UK-2026-102791,2026-04-08,East,Guwahati,Cycling Helmet,Sports,4,1666,6664,CUST-89375,Website
UK-2026-103459,2026-05-14,North,Noida,Modern Wall Clock,Home & Kitchen,1,769,769,CUST-51965,App
UK-2026-101507,2026-03-23,North,Noida,Running Sneakers,Fashion,1,2722,2722,CUST-62516,Website
UK-2026-103174,2026-05-01,North,Noida,Ethnic Dupatta,Fashion,2,485,970,CUST-55385,Website
UK-2026-100969,2026-02-11,South,Kochi,Silk Saree,Fashion,1,3392,3392,CUST-99797,App
UK-2026-104025,2026-06-28,North,Delhi,Vitamin C Serum,Beauty,2,726,1452,CUST-32571,Website
UK-2026-102033,2026-03-15,North,Gurugram,Makeup Brush Set,Beauty,2,1343,2686,CUST-25319,App
UK-2026-102509,2026-04-03,Central,Indore,Slim Fit Jeans,Fashion,1,1644,1644,CUST-87649,Website
UK-2026-102031,2026-03-22,Central,Indore,Sunscreen SPF50,Beauty,1,533,533,CUST-22343,Website
UK-2026-102867,2026-04-10,North,Delhi,Makeup Brush Set,Beauty,1,1315,1315,CUST-15027,Website
UK-2026-102503,2026-04-02,Central,Raipur,Dinner Set 24pc,Home & Kitchen,1,2598,2598,CUST-88170,App
UK-2026-104263,2026-06-19,West,Mumbai,43-inch Smart TV,Electronics,1,26566,26566,CUST-91113,App
UK-2026-102579,2026-04-06,North,Noida,Beard Grooming Kit,Beauty,2,994,1988,CUST-60825,Website
UK-2026-102386,2026-04-27,East,Kolkata,Running Sneakers,Fashion,1,2717,2717,CUST-64507,App
UK-2026-102528,2026-04-01,North,Chandigarh,Dinner Set 24pc,Home & Kitchen,1,2483,2483,CUST-54827,App
UK-2026-102568,2026-04-14,East,Bhubaneswar,Eau de Parfum 100ml,Beauty,1,2056,2056,CUST-99774,App
UK-2026-102337,2026-04-08,West,Pune,Adjustable Dumbbells 15kg,Sports,1,4973,4973,CUST-76671,App
UK-2026-102897,2026-04-23,South,Bengaluru,Slim Fit Jeans,Fashion,1,1586,1586,CUST-97234,App
UK-2026-104248,2026-06-10,South,Chennai,Badminton Racket Set,Sports,1,2457,2457,CUST-87649,Marketplace
UK-2026-103682,2026-05-02,West,Ahmedabad,Formal Shirt,Fashion,1,1063,1063,CUST-31787,App
UK-2026-103800,2026-05-19,East,Bhubaneswar,Wireless Earbuds Pro,Electronics,1,3022,3022,CUST-12915,Website
UK-2026-100538,2026-01-16,Central,Bhopal,Vitamin C Serum,Beauty,3,698,2094,CUST-77320,Website
UK-2026-102809,2026-04-03,South,Kochi,Denim Jacket,Fashion,2,2253,4506,CUST-47160,Website
UK-2026-102792,2026-04-19,Central,Bhopal,Football Size 5,Sports,4,934,3736,CUST-76369,App
UK-2026-100392,2026-01-28,West,Ahmedabad,Mixer Grinder 750W,Home & Kitchen,1,3389,3389,CUST-38764,App
UK-2026-104368,2026-06-30,South,Bengaluru,Wireless Earbuds Pro,Electronics,4,3034,12136,CUST-96736,Marketplace
UK-2026-102725,2026-04-06,Central,Indore,Noise-Cancelling Headphones,Electronics,1,9406,9406,CUST-34539,Marketplace
UK-2026-100259,2026-01-24,East,Kolkata,Beard Grooming Kit,Beauty,1,960,960,CUST-10378,Website
UK-2026-102793,2026-04-29,West,Ahmedabad,Cotton Bedsheet Set,Home & Kitchen,2,1424,2848,CUST-87302,App
UK-2026-101047,2026-02-12,South,Chennai,Ethnic Dupatta,Fashion,1,507,507,CUST-86073,App
UK-2026-100526,2026-01-21,North,Noida,Eau de Parfum 100ml,Beauty,2,1932,3864,CUST-49022,Website
UK-2026-100119,2026-01-16,East,Bhubaneswar,Face Wash Combo,Beauty,4,455,1820,CUST-95497,App
UK-2026-103792,2026-05-09,West,Mumbai,Silk Saree,Fashion,1,3485,3485,CUST-20174,Website
UK-2026-101593,2026-03-15,East,Guwahati,Ethnic Dupatta,Fashion,2,486,972,CUST-98118,App
UK-2026-100427,2026-01-05,East,Bhubaneswar,Cotton Kurta Set,Fashion,1,1359,1359,CUST-66131,App
UK-2026-103198,2026-05-13,South,Kochi,Running Sneakers,Fashion,2,2938,5876,CUST-56576,Marketplace
UK-2026-104786,2026-06-09,East,Patna,Modern Wall Clock,Home & Kitchen,1,836,836,CUST-94511,Website
UK-2026-100883,2026-02-25,West,Mumbai,Power Bank 20000mAh,Electronics,1,1738,1738,CUST-31573,App
UK-2026-100497,2026-01-12,West,Ahmedabad,Football Size 5,Sports,1,939,939,CUST-54148,App
UK-2026-103548,2026-05-06,North,Gurugram,Silk Saree,Fashion,1,3473,3473,CUST-28248,Website
UK-2026-102976,2026-04-14,West,Mumbai,Beard Grooming Kit,Beauty,1,1036,1036,CUST-84301,App
UK-2026-101328,2026-02-18,West,Pune,Cricket Bat English Willow,Sports,1,9343,9343,CUST-46579,Website
UK-2026-103211,2026-05-27,South,Kochi,Robot Vacuum R7,Home & Kitchen,2,18261,36522,CUST-28153,App
UK-2026-104032,2026-06-19,West,Mumbai,Wireless Earbuds Pro,Electronics,1,2892,2892,CUST-19570,Marketplace
UK-2026-102466,2026-04-18,South,Chennai,Cotton Bedsheet Set,Home & Kitchen,3,1432,4296,CUST-80441,App
UK-2026-104185,2026-06-22,North,Chandigarh,Leather Wallet,Fashion,1,905,905,CUST-83635,Website
UK-2026-104946,2026-06-13,North,Delhi,Running Sneakers,Fashion,1,2704,2704,CUST-95050,Website
UK-2026-100584,2026-01-20,North,Noida,Slim Fit Jeans,Fashion,2,1676,3352,CUST-29212,Website
UK-2026-102524,2026-04-20,Central,Nagpur,Leather Wallet,Fashion,1,926,926,CUST-45837,Marketplace
UK-2026-103620,2026-05-10,East,Patna,Football Size 5,Sports,2,913,1826,CUST-56057,Website
UK-2026-100022,2026-01-04,North,Noida,Slim Fit Jeans,Fashion,1,1561,1561,CUST-36635,App
UK-2026-100691,2026-01-07,South,Bengaluru,Matte Lipstick Set,Beauty,1,914,914,CUST-87297,App
UK-2026-100837,2026-02-28,South,Kochi,Power Bank 20000mAh,Electronics,1,1867,1867,CUST-85695,App
UK-2026-104017,2026-05-25,North,Gurugram,Robot Vacuum R7,Home & Kitchen,3,18117,54351,CUST-11222,Website
UK-2026-104857,2026-06-14,East,Kolkata,Ethnic Dupatta,Fashion,1,488,488,CUST-22641,Website
UK-2026-102757,2026-04-25,South,Hyderabad,Cotton Kurta Set,Fashion,2,1341,2682,CUST-14346,App
UK-2026-100257,2026-01-25,West,Surat,43-inch Smart TV,Electronics,2,26328,52656,CUST-51965,App
UK-2026-103918,2026-05-21,West,Mumbai,Slim Fit Jeans,Fashion,1,1648,1648,CUST-59580,Marketplace
UK-2026-101599,2026-03-18,West,Surat,Vitamin C Serum,Beauty,1,695,695,CUST-57182,Website
UK-2026-100715,2026-01-19,West,Ahmedabad,Gym Gloves,Sports,1,479,479,CUST-41011,Marketplace
UK-2026-104378,2026-06-20,North,Delhi,Foldable Treadmill T2,Sports,1,25756,25756,CUST-25476,Website
UK-2026-102129,2026-03-24,West,Mumbai,Air Fryer 5L,Home & Kitchen,1,5246,5246,CUST-64203,App
UK-2026-101406,2026-02-26,East,Bhubaneswar,Foldable Treadmill T2,Sports,2,24784,49568,CUST-29144,App
UK-2026-104225,2026-06-08,West,Surat,Formal Shirt,Fashion,1,1111,1111,CUST-68434,Marketplace
UK-2026-103308,2026-05-02,South,Hyderabad,Mixer Grinder 750W,Home & Kitchen,1,3180,3180,CUST-49613,App
UK-2026-103287,2026-05-06,Central,Indore,Makeup Brush Set,Beauty,3,1337,4011,CUST-24530,App
UK-2026-103654,2026-05-25,Central,Raipur,Air Fryer 5L,Home & Kitchen,2,5575,11150,CUST-81665,App
UK-2026-103892,2026-05-28,East,Kolkata,Eau de Parfum 100ml,Beauty,1,1922,1922,CUST-56108,App
UK-2026-101427,2026-02-05,East,Guwahati,Denim Jacket,Fashion,2,2301,4602,CUST-22002,App
UK-2026-102581,2026-04-16,East,Guwahati,Power Bank 20000mAh,Electronics,1,1778,1778,CUST-41661,Marketplace
UK-2026-103914,2026-05-11,Central,Nagpur,Ionic Hair Dryer,Beauty,1,1859,1859,CUST-80013,Website
UK-2026-102392,2026-04-20,North,Gurugram,Cotton Kurta Set,Fashion,1,1263,1263,CUST-45666,App
UK-2026-101025,2026-02-24,Central,Raipur,Mirrorless Camera Lite,Electronics,1,28368,28368,CUST-81565,Website
UK-2026-104084,2026-06-28,West,Ahmedabad,Badminton Racket Set,Sports,1,2403,2403,CUST-59580,App
UK-2026-100233,2026-01-16,East,Patna,Mixer Grinder 750W,Home & Kitchen,1,3453,3453,CUST-96736,Website
UK-2026-104295,2026-06-09,South,Hyderabad,Wireless Earbuds Pro,Electronics,1,3129,3129,CUST-99678,Marketplace
UK-2026-104890,2026-06-04,North,Delhi,Makeup Brush Set,Beauty,2,1363,2726,CUST-28133,Website
UK-2026-102207,2026-03-11,North,Gurugram,Cycling Helmet,Sports,1,1530,1530,CUST-42689,Marketplace
UK-2026-100501,2026-01-25,West,Pune,Ionic Hair Dryer,Beauty,2,1990,3980,CUST-76625,App
UK-2026-101112,2026-02-27,South,Kochi,Ultrabook Air 14,Electronics,4,29907,119628,CUST-80013,Marketplace
UK-2026-100941,2026-02-25,Central,Raipur,Gym Gloves,Sports,1,519,519,CUST-76111,Website
UK-2026-100436,2026-01-01,South,Kochi,Badminton Racket Set,Sports,1,2471,2471,CUST-27386,Marketplace
UK-2026-104246,2026-06-17,West,Pune,Noise-Cancelling Headphones,Electronics,1,8833,8833,CUST-54441,Marketplace
UK-2026-102193,2026-03-12,Central,Nagpur,Dinner Set 24pc,Home & Kitchen,1,2422,2422,CUST-87072,App
UK-2026-103098,2026-05-14,East,Patna,Slim Fit Jeans,Fashion,4,1618,6472,CUST-38493,App
UK-2026-101581,2026-03-07,South,Bengaluru,Cotton Kurta Set,Fashion,1,1293,1293,CUST-99075,App
UK-2026-104530,2026-06-20,Central,Indore,Leather Wallet,Fashion,3,917,2751,CUST-22389,App
UK-2026-103091,2026-05-12,North,Chandigarh,Adjustable Dumbbells 15kg,Sports,4,5103,20412,CUST-48544,App
UK-2026-100576,2026-01-06,West,Mumbai,Makeup Brush Set,Beauty,2,1268,2536,CUST-90630,App
UK-2026-100718,2026-01-11,West,Ahmedabad,Mirrorless Camera Lite,Electronics,1,29203,29203,CUST-46827,Website
UK-2026-104243,2026-06-15,North,Noida,Slim Fit Jeans,Fashion,1,1616,1616,CUST-39680,Website
UK-2026-103345,2026-05-16,Central,Nagpur,Wireless Earbuds Pro,Electronics,1,2979,2979,CUST-84995,App
UK-2026-102835,2026-04-11,West,Ahmedabad,Smart Watch X2,Electronics,1,4646,4646,CUST-79353,Marketplace
UK-2026-101299,2026-02-05,East,Guwahati,Non-Stick Cookware Set,Home & Kitchen,1,3026,3026,CUST-28943,Website
UK-2026-104384,2026-06-21,North,Noida,Foldable Treadmill T2,Sports,1,25875,25875,CUST-67862,App
UK-2026-101004,2026-02-13,South,Hyderabad,Noise-Cancelling Headphones,Electronics,1,8712,8712,CUST-29972,Marketplace
UK-2026-101924,2026-03-12,West,Ahmedabad,Wireless Earbuds Pro,Electronics,2,3029,6058,CUST-73214,App
UK-2026-100881,2026-02-02,West,Pune,Sunscreen SPF50,Beauty,2,537,1074,CUST-69309,Marketplace
UK-2026-103331,2026-05-26,North,Delhi,Robot Vacuum R7,Home & Kitchen,1,19556,19556,CUST-26314,App
UK-2026-100430,2026-01-28,North,Gurugram,Dinner Set 24pc,Home & Kitchen,1,2414,2414,CUST-93472,Marketplace
UK-2026-104834,2026-06-23,West,Ahmedabad,Gym Gloves,Sports,1,516,516,CUST-99344,Marketplace
UK-2026-102153,2026-03-10,North,Gurugram,43-inch Smart TV,Electronics,2,26220,52440,CUST-53739,Website
UK-2026-100014,2026-01-05,South,Bengaluru,Smart Watch X2,Electronics,1,4292,4292,CUST-31729,Website
UK-2026-103802,2026-05-24,South,Kochi,43-inch Smart TV,Electronics,2,25622,51244,CUST-64119,Marketplace
UK-2026-103852,2026-05-11,South,Hyderabad,Mirrorless Camera Lite,Electronics,2,28166,56332,CUST-40523,Website
UK-2026-100208,2026-01-04,South,Chennai,Vitamin C Serum,Beauty,3,687,2061,CUST-72542,App
UK-2026-102148,2026-03-17,West,Pune,Leather Wallet,Fashion,4,856,3424,CUST-40238,App
UK-2026-102027,2026-03-23,South,Chennai,Mixer Grinder 750W,Home & Kitchen,1,3358,3358,CUST-47220,Website
UK-2026-103590,2026-05-03,East,Patna,Face Wash Combo,Beauty,2,445,890,CUST-41451,Website
UK-2026-100631,2026-01-05,West,Surat,43-inch Smart TV,Electronics,1,25147,25147,CUST-78246,Website
UK-2026-102037,2026-03-25,West,Surat,Gym Gloves,Sports,1,476,476,CUST-55698,Website
UK-2026-104396,2026-06-10,West,Ahmedabad,Robot Vacuum R7,Home & Kitchen,1,19320,19320,CUST-21826,App
UK-2026-104381,2026-06-08,East,Patna,Smart Watch X2,Electronics,1,4647,4647,CUST-66459,App
UK-2026-104711,2026-06-28,East,Patna,Robot Vacuum R7,Home & Kitchen,1,18633,18633,CUST-71538,Website
UK-2026-102200,2026-03-16,South,Hyderabad,Cricket Bat English Willow,Sports,1,9145,9145,CUST-97436,Marketplace
UK-2026-104663,2026-06-19,East,Bhubaneswar,Air Fryer 5L,Home & Kitchen,2,5272,10544,CUST-73999,App
UK-2026-102928,2026-04-17,Central,Indore,Air Fryer 5L,Home & Kitchen,2,5274,10548,CUST-30803,App
UK-2026-100137,2026-01-29,South,Chennai,Wireless Earbuds Pro,Electronics,1,2954,2954,CUST-29578,App
UK-2026-102772,2026-04-30,Central,Raipur,Vitamin C Serum,Beauty,1,706,706,CUST-55385,App
UK-2026-102787,2026-04-14,Central,Nagpur,Formal Shirt,Fashion,1,1111,1111,CUST-16897,Website
UK-2026-102603,2026-04-20,West,Mumbai,43-inch Smart TV,Electronics,1,25076,25076,CUST-99591,App
UK-2026-103987,2026-05-21,West,Ahmedabad,Slim Fit Jeans,Fashion,2,1659,3318,CUST-48211,App
UK-2026-104671,2026-06-25,South,Chennai,Leather Wallet,Fashion,1,938,938,CUST-20470,Website
UK-2026-100432,2026-01-08,West,Mumbai,Gym Gloves,Sports,1,486,486,CUST-83287,Marketplace
UK-2026-101059,2026-02-25,Central,Indore,Vitamin C Serum,Beauty,1,734,734,CUST-80323,Website
UK-2026-104942,2026-06-23,North,Chandigarh,Football Size 5,Sports,1,887,887,CUST-46349,Website
UK-2026-104847,2026-06-07,East,Bhubaneswar,Ionic Hair Dryer,Beauty,1,1821,1821,CUST-81047,Marketplace
UK-2026-103208,2026-05-23,West,Pune,Ultrabook Air 14,Electronics,2,30778,61556,CUST-41865,Marketplace
UK-2026-102263,2026-04-23,South,Hyderabad,43-inch Smart TV,Electronics,2,27097,54194,CUST-49791,Website
UK-2026-100027,2026-01-16,East,Kolkata,Non-Stick Cookware Set,Home & Kitchen,1,2905,2905,CUST-55600,App
UK-2026-104760,2026-06-30,West,Mumbai,Noise-Cancelling Headphones,Electronics,1,9152,9152,CUST-80323,App
UK-2026-102630,2026-04-19,North,Noida,Face Wash Combo,Beauty,1,470,470,CUST-69309,Website
UK-2026-102794,2026-04-27,North,Delhi,Smart Watch X2,Electronics,2,4716,9432,CUST-94196,Website
UK-2026-103497,2026-05-24,South,Chennai,Running Sneakers,Fashion,1,2767,2767,CUST-43251,Website
UK-2026-101779,2026-03-08,South,Hyderabad,Air Fryer 5L,Home & Kitchen,1,5270,5270,CUST-53307,Website
UK-2026-101871,2026-03-08,South,Kochi,Robot Vacuum R7,Home & Kitchen,2,19825,39650,CUST-95941,Website
UK-2026-103831,2026-05-04,South,Chennai,Cricket Bat English Willow,Sports,1,8924,8924,CUST-50417,Website
UK-2026-103049,2026-04-11,North,Delhi,Mixer Grinder 750W,Home & Kitchen,1,3450,3450,CUST-53285,App
UK-2026-104042,2026-06-11,South,Kochi,Formal Shirt,Fashion,1,1148,1148,CUST-29308,App
UK-2026-102434,2026-04-27,South,Hyderabad,43-inch Smart TV,Electronics,2,26630,53260,CUST-15696,App
UK-2026-101531,2026-03-14,West,Pune,Silk Saree,Fashion,1,3641,3641,CUST-93990,Website
UK-2026-100221,2026-01-24,South,Chennai,Cotton Kurta Set,Fashion,1,1249,1249,CUST-79800,Website
UK-2026-104487,2026-06-09,East,Kolkata,Sunscreen SPF50,Beauty,1,531,531,CUST-13433,Website
UK-2026-104772,2026-06-11,North,Noida,Face Wash Combo,Beauty,1,433,433,CUST-85853,App
UK-2026-100527,2026-01-27,South,Chennai,Denim Jacket,Fashion,2,2304,4608,CUST-66939,Website
UK-2026-101244,2026-02-17,West,Surat,Gym Gloves,Sports,1,491,491,CUST-96760,App
UK-2026-100834,2026-02-01,Central,Bhopal,Wireless Earbuds Pro,Electronics,1,2978,2978,CUST-85559,Marketplace
UK-2026-100874,2026-02-15,South,Hyderabad,Electric Kettle 1.5L,Home & Kitchen,1,1139,1139,CUST-48557,App
UK-2026-100230,2026-01-09,South,Hyderabad,Modern Wall Clock,Home & Kitchen,1,799,799,CUST-29490,App
UK-2026-100642,2026-01-05,Central,Nagpur,Cycling Helmet,Sports,1,1648,1648,CUST-21683,Website
UK-2026-104832,2026-06-19,South,Kochi,Slim Fit Jeans,Fashion,1,1523,1523,CUST-33357,Website
UK-2026-102020,2026-03-30,West,Ahmedabad,Smart Watch X2,Electronics,2,4393,8786,CUST-54148,App
UK-2026-103116,2026-05-20,North,Chandigarh,Mixer Grinder 750W,Home & Kitchen,1,3272,3272,CUST-42970,Website
UK-2026-103619,2026-05-05,North,Gurugram,Cotton Bedsheet Set,Home & Kitchen,1,1440,1440,CUST-42232,App
UK-2026-101516,2026-03-29,South,Hyderabad,Cotton Kurta Set,Fashion,3,1259,3777,CUST-71518,Website
UK-2026-104146,2026-06-13,South,Kochi,Robot Vacuum R7,Home & Kitchen,1,19940,19940,CUST-33040,App
UK-2026-101553,2026-03-27,Central,Nagpur,Running Sneakers,Fashion,2,2699,5398,CUST-31413,App
UK-2026-102456,2026-04-11,West,Surat,Mirrorless Camera Lite,Electronics,1,29286,29286,CUST-88992,Website
UK-2026-101880,2026-03-15,South,Kochi,Adjustable Dumbbells 15kg,Sports,1,5067,5067,CUST-11015,App
UK-2026-100815,2026-02-10,South,Bengaluru,Badminton Racket Set,Sports,1,2603,2603,CUST-25915,Website
UK-2026-103397,2026-05-22,South,Chennai,Face Wash Combo,Beauty,1,460,460,CUST-31983,Website
UK-2026-100043,2026-01-14,Central,Nagpur,Leather Wallet,Fashion,1,937,937,CUST-18144,App
UK-2026-101805,2026-03-29,North,Noida,Smart Watch X2,Electronics,1,4477,4477,CUST-75346,App
UK-2026-103934,2026-05-03,South,Bengaluru,Cricket Bat English Willow,Sports,2,9414,18828,CUST-42073,Website
UK-2026-104696,2026-06-10,South,Hyderabad,Makeup Brush Set,Beauty,2,1290,2580,CUST-16093,App
UK-2026-100409,2026-01-08,Central,Raipur,Wireless Earbuds Pro,Electronics,1,3061,3061,CUST-91847,App
UK-2026-101541,2026-03-01,South,Hyderabad,Electric Kettle 1.5L,Home & Kitchen,1,1106,1106,CUST-84794,App
UK-2026-103694,2026-05-02,East,Guwahati,Wireless Earbuds Pro,Electronics,1,3051,3051,CUST-75791,Website
UK-2026-100515,2026-01-18,South,Kochi,Running Sneakers,Fashion,1,2855,2855,CUST-80551,Website
UK-2026-103408,2026-05-01,North,Delhi,Makeup Brush Set,Beauty,1,1235,1235,CUST-75742,Website
UK-2026-102531,2026-04-10,West,Pune,Denim Jacket,Fashion,1,2143,2143,CUST-48228,Marketplace
UK-2026-101692,2026-03-07,Central,Raipur,Running Sneakers,Fashion,1,2753,2753,CUST-21170,App
UK-2026-101524,2026-03-04,North,Delhi,Silk Saree,Fashion,2,3517,7034,CUST-94762,Website
UK-2026-101430,2026-02-20,West,Ahmedabad,Beard Grooming Kit,Beauty,2,1032,2064,CUST-46030,App
UK-2026-100018,2026-01-11,East,Bhubaneswar,Sunscreen SPF50,Beauty,1,563,563,CUST-32389,App
UK-2026-104363,2026-06-05,North,Gurugram,Non-Stick Cookware Set,Home & Kitchen,3,2834,8502,CUST-20955,Marketplace
UK-2026-102773,2026-04-18,East,Guwahati,Bluetooth Speaker Mini,Electronics,2,1565,3130,CUST-41313,Marketplace
UK-2026-101104,2026-02-24,North,Gurugram,Denim Jacket,Fashion,2,2208,4416,CUST-63283,Marketplace
UK-2026-100750,2026-02-14,West,Mumbai,Denim Jacket,Fashion,1,2108,2108,CUST-66963,App
UK-2026-104205,2026-06-26,South,Bengaluru,Cotton Kurta Set,Fashion,1,1259,1259,CUST-24530,App
UK-2026-101652,2026-03-30,North,Delhi,Slim Fit Jeans,Fashion,1,1552,1552,CUST-15675,App
UK-2026-101196,2026-02-21,Central,Indore,Foldable Treadmill T2,Sports,1,25249,25249,CUST-33669,App
UK-2026-103406,2026-05-07,West,Pune,Mixer Grinder 750W,Home & Kitchen,1,3150,3150,CUST-43146,App
UK-2026-104939,2026-06-01,West,Ahmedabad,Ionic Hair Dryer,Beauty,1,1882,1882,CUST-50711,Website
UK-2026-104201,2026-06-19,Central,Indore,Non-Stick Cookware Set,Home & Kitchen,2,2959,5918,CUST-83078,Marketplace
UK-2026-104364,2026-06-02,South,Kochi,Face Wash Combo,Beauty,1,436,436,CUST-93193,App
UK-2026-100779,2026-02-22,North,Delhi,Air Fryer 5L,Home & Kitchen,1,5367,5367,CUST-42325,App
UK-2026-104069,2026-06-04,South,Kochi,Robot Vacuum R7,Home & Kitchen,1,18575,18575,CUST-53485,Marketplace
UK-2026-104319,2026-06-19,South,Hyderabad,Electric Kettle 1.5L,Home & Kitchen,1,1046,1046,CUST-31481,Website
UK-2026-102889,2026-04-20,West,Surat,Running Sneakers,Fashion,1,2874,2874,CUST-22029,App
UK-2026-102341,2026-04-28,South,Kochi,Cricket Bat English Willow,Sports,1,8848,8848,CUST-77998,App
UK-2026-103680,2026-05-03,South,Hyderabad,Vitamin C Serum,Beauty,2,707,1414,CUST-38211,Website
UK-2026-102218,2026-03-08,West,Mumbai,Air Fryer 5L,Home & Kitchen,1,5254,5254,CUST-17422,Website
UK-2026-103758,2026-05-16,Central,Nagpur,Air Fryer 5L,Home & Kitchen,4,5516,22064,CUST-88350,Marketplace
UK-2026-100785,2026-02-04,North,Noida,Noise-Cancelling Headphones,Electronics,1,9275,9275,CUST-17299,App
UK-2026-103375,2026-05-26,North,Delhi,Power Bank 20000mAh,Electronics,1,1725,1725,CUST-54930,App
UK-2026-101628,2026-03-18,West,Pune,Noise-Cancelling Headphones,Electronics,1,9413,9413,CUST-85853,App
UK-2026-100265,2026-01-18,North,Noida,Adjustable Dumbbells 15kg,Sports,1,4889,4889,CUST-80067,Website
UK-2026-102266,2026-04-28,West,Surat,Bluetooth Speaker Mini,Electronics,1,1547,1547,CUST-62530,App
UK-2026-101075,2026-02-15,South,Hyderabad,Power Bank 20000mAh,Electronics,1,1884,1884,CUST-20955,Marketplace
UK-2026-102065,2026-03-06,Central,Raipur,Smart Watch X2,Electronics,1,4710,4710,CUST-57906,Website
UK-2026-103714,2026-05-02,South,Bengaluru,Ethnic Dupatta,Fashion,1,486,486,CUST-85147,Marketplace
UK-2026-100558,2026-01-19,North,Noida,Sunscreen SPF50,Beauty,2,569,1138,CUST-79476,App
UK-2026-101975,2026-03-25,South,Kochi,Electric Kettle 1.5L,Home & Kitchen,1,1102,1102,CUST-56576,Website
UK-2026-101256,2026-02-04,West,Ahmedabad,Sunscreen SPF50,Beauty,1,553,553,CUST-76190,App
UK-2026-102595,2026-04-13,West,Mumbai,Bluetooth Speaker Mini,Electronics,1,1568,1568,CUST-94549,Marketplace
UK-2026-101111,2026-02-20,South,Kochi,Formal Shirt,Fashion,1,1150,1150,CUST-29878,App
UK-2026-103664,2026-05-08,South,Hyderabad,Face Wash Combo,Beauty,1,462,462,CUST-43807,App
UK-2026-101737,2026-03-29,North,Delhi,Ultrabook Air 14,Electronics,1,31282,31282,CUST-13240,Marketplace
UK-2026-103604,2026-05-09,South,Hyderabad,Noise-Cancelling Headphones,Electronics,2,9405,18810,CUST-41011,Website
UK-2026-101528,2026-03-22,North,Noida,Badminton Racket Set,Sports,1,2410,2410,CUST-77068,Website
UK-2026-103385,2026-05-19,East,Patna,Smart Watch X2,Electronics,1,4393,4393,CUST-84023,App
UK-2026-101334,2026-02-25,Central,Bhopal,Power Bank 20000mAh,Electronics,1,1713,1713,CUST-81364,App
UK-2026-103558,2026-05-31,West,Ahmedabad,Wireless Earbuds Pro,Electronics,1,3143,3143,CUST-86635,Marketplace
UK-2026-103193,2026-05-21,West,Surat,Leather Wallet,Fashion,2,923,1846,CUST-70115,App
UK-2026-102938,2026-04-10,West,Mumbai,Eau de Parfum 100ml,Beauty,2,2053,4106,CUST-70353,Website
UK-2026-100914,2026-02-20,South,Bengaluru,Cycling Helmet,Sports,1,1634,1634,CUST-77068,Marketplace
UK-2026-102087,2026-03-15,West,Pune,Ultrabook Air 14,Electronics,1,30176,30176,CUST-38577,Website
UK-2026-101497,2026-03-17,South,Hyderabad,Modern Wall Clock,Home & Kitchen,1,782,782,CUST-75824,Website
UK-2026-104908,2026-06-19,North,Delhi,Cycling Helmet,Sports,3,1564,4692,CUST-48339,Website
UK-2026-104678,2026-06-26,Central,Nagpur,Bluetooth Speaker Mini,Electronics,1,1477,1477,CUST-32955,Website
UK-2026-103207,2026-05-21,South,Kochi,Adjustable Dumbbells 15kg,Sports,1,5066,5066,CUST-34950,Website
UK-2026-101243,2026-02-05,South,Bengaluru,Bluetooth Speaker Mini,Electronics,1,1462,1462,CUST-28069,Marketplace
UK-2026-103093,2026-05-01,South,Hyderabad,Wireless Earbuds Pro,Electronics,4,2930,11720,CUST-41451,Marketplace
UK-2026-103950,2026-05-26,West,Mumbai,Noise-Cancelling Headphones,Electronics,1,8759,8759,CUST-95759,App
UK-2026-104203,2026-06-02,South,Kochi,Denim Jacket,Fashion,1,2269,2269,CUST-82467,App
UK-2026-104504,2026-06-28,West,Surat,Wireless Earbuds Pro,Electronics,1,2904,2904,CUST-74182,App
UK-2026-101158,2026-02-09,East,Bhubaneswar,Face Wash Combo,Beauty,1,435,435,CUST-32347,Website
UK-2026-100396,2026-01-18,West,Pune,Vitamin C Serum,Beauty,4,730,2920,CUST-65023,Website
UK-2026-101067,2026-02-14,South,Bengaluru,Formal Shirt,Fashion,3,1078,3234,CUST-85302,App
UK-2026-102673,2026-04-24,West,Surat,Cricket Bat English Willow,Sports,1,8569,8569,CUST-98778,App
UK-2026-103938,2026-05-10,North,Gurugram,Yoga Mat Pro,Sports,1,1238,1238,CUST-70965,Website
UK-2026-100916,2026-02-18,North,Noida,Gym Gloves,Sports,1,479,479,CUST-56738,Website
UK-2026-100810,2026-02-04,Central,Raipur,Power Bank 20000mAh,Electronics,1,1860,1860,CUST-71356,App
UK-2026-104550,2026-06-10,East,Kolkata,Dinner Set 24pc,Home & Kitchen,1,2383,2383,CUST-69765,App
UK-2026-101021,2026-02-16,West,Ahmedabad,Mirrorless Camera Lite,Electronics,1,30368,30368,CUST-47942,Marketplace
UK-2026-105000,2026-06-22,West,Mumbai,Cricket Bat English Willow,Sports,1,8787,8787,CUST-89769,Website
UK-2026-100036,2026-01-05,East,Bhubaneswar,Sunscreen SPF50,Beauty,1,556,556,CUST-95641,App
UK-2026-101537,2026-03-05,North,Noida,Face Wash Combo,Beauty,1,447,447,CUST-66371,App
UK-2026-100317,2026-01-23,West,Ahmedabad,Bluetooth Speaker Mini,Electronics,1,1446,1446,CUST-20108,App
UK-2026-101084,2026-02-27,North,Gurugram,Sunscreen SPF50,Beauty,1,525,525,CUST-26733,App
UK-2026-104457,2026-06-03,North,Chandigarh,Makeup Brush Set,Beauty,1,1357,1357,CUST-38071,App
UK-2026-103959,2026-05-03,East,Kolkata,Power Bank 20000mAh,Electronics,1,1781,1781,CUST-55642,Marketplace
UK-2026-102961,2026-04-16,South,Kochi,Cotton Bedsheet Set,Home & Kitchen,1,1451,1451,CUST-54084,App
UK-2026-101570,2026-03-18,North,Delhi,Non-Stick Cookware Set,Home & Kitchen,1,2982,2982,CUST-66720,App
UK-2026-104489,2026-06-11,North,Delhi,Makeup Brush Set,Beauty,1,1291,1291,CUST-83198,App
UK-2026-104837,2026-06-15,West,Pune,Formal Shirt,Fashion,2,1112,2224,CUST-65315,App
UK-2026-100162,2026-01-10,East,Kolkata,Gym Gloves,Sports,1,482,482,CUST-32611,App
UK-2026-100058,2026-01-21,South,Chennai,Wireless Earbuds Pro,Electronics,2,3103,6206,CUST-62217,Marketplace
UK-2026-103264,2026-05-21,North,Chandigarh,Air Fryer 5L,Home & Kitchen,2,5442,10884,CUST-59939,Website
UK-2026-101051,2026-02-21,North,Gurugram,Cotton Kurta Set,Fashion,1,1302,1302,CUST-87297,App
UK-2026-100693,2026-01-20,West,Mumbai,Air Fryer 5L,Home & Kitchen,1,5653,5653,CUST-64302,App
UK-2026-103883,2026-05-29,South,Kochi,Cricket Bat English Willow,Sports,2,9065,18130,CUST-55251,Website
UK-2026-102573,2026-04-15,South,Hyderabad,Formal Shirt,Fashion,1,1053,1053,CUST-35933,Website
UK-2026-102449,2026-04-01,North,Delhi,Power Bank 20000mAh,Electronics,1,1881,1881,CUST-70091,App
UK-2026-104283,2026-06-01,South,Hyderabad,Dinner Set 24pc,Home & Kitchen,2,2392,4784,CUST-56357,Marketplace
UK-2026-102101,2026-03-17,South,Kochi,Adjustable Dumbbells 15kg,Sports,1,4759,4759,CUST-46030,App
UK-2026-101670,2026-03-06,South,Kochi,Eau de Parfum 100ml,Beauty,1,1976,1976,CUST-76187,Website
UK-2026-104596,2026-06-21,Central,Bhopal,Ultrabook Air 14,Electronics,2,29279,58558,CUST-98097,Marketplace
UK-2026-102319,2026-04-24,North,Delhi,Ultrabook Air 14,Electronics,2,28819,57638,CUST-40047,Website
UK-2026-104394,2026-06-03,North,Chandigarh,Mirrorless Camera Lite,Electronics,2,28495,56990,CUST-75248,App
UK-2026-100135,2026-01-22,East,Patna,Robot Vacuum R7,Home & Kitchen,1,19684,19684,CUST-77210,App
UK-2026-102241,2026-04-29,West,Surat,Cricket Bat English Willow,Sports,1,9056,9056,CUST-26733,App
UK-2026-102723,2026-04-25,West,Mumbai,Mirrorless Camera Lite,Electronics,1,27594,27594,CUST-42938,Marketplace
UK-2026-100394,2026-01-18,West,Ahmedabad,Sunscreen SPF50,Beauty,2,543,1086,CUST-31095,App
UK-2026-100583,2026-01-27,North,Delhi,Formal Shirt,Fashion,1,1049,1049,CUST-13468,Website
UK-2026-100601,2026-01-27,North,Gurugram,Denim Jacket,Fashion,1,2090,2090,CUST-48231,Marketplace
UK-2026-104209,2026-06-16,West,Surat,Slim Fit Jeans,Fashion,3,1574,4722,CUST-48088,Website
UK-2026-101662,2026-03-08,South,Hyderabad,Dinner Set 24pc,Home & Kitchen,1,2421,2421,CUST-18090,Website
UK-2026-101872,2026-03-05,West,Pune,Wireless Earbuds Pro,Electronics,2,2980,5960,CUST-83182,Marketplace
UK-2026-101665,2026-03-22,North,Delhi,Modern Wall Clock,Home & Kitchen,1,817,817,CUST-75488,App
UK-2026-100893,2026-02-10,West,Mumbai,Matte Lipstick Set,Beauty,1,896,896,CUST-99477,Website
UK-2026-101718,2026-03-01,North,Chandigarh,43-inch Smart TV,Electronics,2,26606,53212,CUST-33508,App
UK-2026-102297,2026-04-05,South,Hyderabad,Silk Saree,Fashion,1,3418,3418,CUST-99679,Website
UK-2026-100528,2026-01-12,South,Kochi,Cotton Bedsheet Set,Home & Kitchen,1,1380,1380,CUST-89773,App
UK-2026-100164,2026-01-12,North,Delhi,Mixer Grinder 750W,Home & Kitchen,3,3224,9672,CUST-71197,Website
UK-2026-104262,2026-06-04,East,Bhubaneswar,Running Sneakers,Fashion,1,2822,2822,CUST-55302,App
UK-2026-100320,2026-01-11,South,Hyderabad,Mirrorless Camera Lite,Electronics,1,28789,28789,CUST-66464,App
UK-2026-104009,2026-05-31,North,Noida,Air Fryer 5L,Home & Kitchen,1,5252,5252,CUST-80822,App
UK-2026-103071,2026-04-05,Central,Raipur,Power Bank 20000mAh,Electronics,2,1777,3554,CUST-26265,App
UK-2026-100065,2026-01-11,West,Surat,Ionic Hair Dryer,Beauty,1,1863,1863,CUST-96736,Website
UK-2026-104637,2026-06-30,North,Noida,Wireless Earbuds Pro,Electronics,1,2881,2881,CUST-91113,Marketplace
UK-2026-101689,2026-03-10,West,Pune,Dinner Set 24pc,Home & Kitchen,2,2510,5020,CUST-87396,Marketplace
UK-2026-103504,2026-05-12,South,Bengaluru,Power Bank 20000mAh,Electronics,3,1792,5376,CUST-87428,App
UK-2026-102539,2026-04-13,South,Hyderabad,Cotton Kurta Set,Fashion,1,1321,1321,CUST-53473,App
UK-2026-100671,2026-01-08,South,Kochi,Electric Kettle 1.5L,Home & Kitchen,2,1095,2190,CUST-31279,App
UK-2026-104599,2026-06-24,Central,Raipur,Sunscreen SPF50,Beauty,2,535,1070,CUST-14539,App
UK-2026-102177,2026-03-04,North,Noida,Dinner Set 24pc,Home & Kitchen,1,2620,2620,CUST-58440,Marketplace
UK-2026-101255,2026-02-18,East,Kolkata,Ethnic Dupatta,Fashion,1,498,498,CUST-70940,App
UK-2026-103163,2026-05-23,Central,Nagpur,Power Bank 20000mAh,Electronics,1,1840,1840,CUST-71655,Website
UK-2026-103476,2026-05-24,North,Chandigarh,Gym Gloves,Sports,2,517,1034,CUST-94762,App
UK-2026-101466,2026-03-12,South,Bengaluru,Air Fryer 5L,Home & Kitchen,2,5325,10650,CUST-43141,Marketplace
UK-2026-101631,2026-03-06,South,Hyderabad,Wireless Earbuds Pro,Electronics,1,3137,3137,CUST-41363,App
UK-2026-101876,2026-03-06,West,Ahmedabad,Dinner Set 24pc,Home & Kitchen,1,2575,2575,CUST-60200,App
UK-2026-104011,2026-05-06,South,Hyderabad,Ionic Hair Dryer,Beauty,1,1850,1850,CUST-44213,App
UK-2026-101072,2026-02-01,Central,Bhopal,Bluetooth Speaker Mini,Electronics,1,1540,1540,CUST-19726,Marketplace
UK-2026-101093,2026-02-05,West,Pune,Slim Fit Jeans,Fashion,1,1584,1584,CUST-86392,App
UK-2026-102179,2026-03-20,West,Pune,Robot Vacuum R7,Home & Kitchen,1,18171,18171,CUST-51536,Website
UK-2026-100800,2026-02-05,South,Kochi,Bluetooth Speaker Mini,Electronics,1,1560,1560,CUST-92283,App
UK-2026-104359,2026-06-20,North,Noida,Adjustable Dumbbells 15kg,Sports,3,5089,15267,CUST-96799,App
UK-2026-104597,2026-06-26,East,Bhubaneswar,Electric Kettle 1.5L,Home & Kitchen,1,1078,1078,CUST-75338,Website
UK-2026-101752,2026-03-24,West,Mumbai,Cycling Helmet,Sports,1,1589,1589,CUST-98932,App
UK-2026-102863,2026-04-21,West,Mumbai,Ethnic Dupatta,Fashion,1,509,509,CUST-62877,App
UK-2026-104461,2026-06-21,South,Chennai,Face Wash Combo,Beauty,1,451,451,CUST-40327,Website
UK-2026-101311,2026-02-19,South,Chennai,Ethnic Dupatta,Fashion,1,483,483,CUST-76389,App
UK-2026-104777,2026-06-17,West,Ahmedabad,Modern Wall Clock,Home & Kitchen,1,803,803,CUST-27405,Website
UK-2026-103979,2026-05-11,North,Gurugram,Smart Watch X2,Electronics,1,4438,4438,CUST-40908,App
UK-2026-100410,2026-01-08,South,Bengaluru,Cricket Bat English Willow,Sports,1,9110,9110,CUST-76305,App
UK-2026-103237,2026-05-09,South,Chennai,Non-Stick Cookware Set,Home & Kitchen,1,2859,2859,CUST-92225,Marketplace
UK-2026-100130,2026-01-23,West,Mumbai,Ultrabook Air 14,Electronics,1,30614,30614,CUST-30508,Website
UK-2026-100462,2026-01-10,North,Gurugram,Mirrorless Camera Lite,Electronics,1,30096,30096,CUST-97869,App
UK-2026-101395,2026-02-03,Central,Bhopal,43-inch Smart TV,Electronics,1,26750,26750,CUST-43146,Website
UK-2026-101215,2026-02-05,South,Chennai,Mirrorless Camera Lite,Electronics,1,28999,28999,CUST-81010,App
UK-2026-104535,2026-06-27,South,Chennai,Silk Saree,Fashion,2,3409,6818,CUST-91369,App
UK-2026-100468,2026-01-22,South,Kochi,Dinner Set 24pc,Home & Kitchen,1,2486,2486,CUST-54460,Website
UK-2026-103442,2026-05-05,North,Chandigarh,Dinner Set 24pc,Home & Kitchen,1,2490,2490,CUST-78935,App
UK-2026-103520,2026-05-23,South,Chennai,Slim Fit Jeans,Fashion,1,1596,1596,CUST-80907,Website
UK-2026-100163,2026-01-09,North,Noida,Wireless Earbuds Pro,Electronics,2,3037,6074,CUST-35089,Marketplace
UK-2026-101082,2026-02-04,South,Kochi,Dinner Set 24pc,Home & Kitchen,2,2527,5054,CUST-95988,App
UK-2026-104998,2026-06-11,West,Pune,Gym Gloves,Sports,2,499,998,CUST-27803,App
UK-2026-104362,2026-06-13,North,Chandigarh,Smart Watch X2,Electronics,1,4376,4376,CUST-15577,Website
UK-2026-104612,2026-06-21,East,Bhubaneswar,Formal Shirt,Fashion,1,1062,1062,CUST-86540,Marketplace
UK-2026-104924,2026-06-08,East,Bhubaneswar,Denim Jacket,Fashion,1,2289,2289,CUST-92485,App
UK-2026-101387,2026-02-09,East,Bhubaneswar,Eau de Parfum 100ml,Beauty,1,1945,1945,CUST-28943,App
UK-2026-102742,2026-04-19,Central,Nagpur,Leather Wallet,Fashion,3,883,2649,CUST-25026,Website
UK-2026-100851,2026-02-20,East,Patna,Running Sneakers,Fashion,2,2789,5578,CUST-21789,Website
UK-2026-100516,2026-01-27,South,Chennai,Gym Gloves,Sports,1,491,491,CUST-88657,Website
UK-2026-100932,2026-02-18,North,Chandigarh,Electric Kettle 1.5L,Home & Kitchen,1,1143,1143,CUST-54441,Marketplace
UK-2026-101728,2026-03-31,West,Mumbai,Robot Vacuum R7,Home & Kitchen,1,18871,18871,CUST-29924,App
UK-2026-104617,2026-06-18,South,Kochi,Running Sneakers,Fashion,1,2927,2927,CUST-19698,Website
UK-2026-101331,2026-02-03,West,Pune,Electric Kettle 1.5L,Home & Kitchen,1,1103,1103,CUST-14723,Marketplace
UK-2026-102670,2026-04-12,North,Noida,Cycling Helmet,Sports,1,1614,1614,CUST-42325,Website
UK-2026-103884,2026-05-12,North,Noida,Bluetooth Speaker Mini,Electronics,2,1444,2888,CUST-69309,Marketplace
UK-2026-102043,2026-03-02,South,Kochi,Mirrorless Camera Lite,Electronics,2,29341,58682,CUST-76457,Website
UK-2026-101812,2026-03-16,South,Chennai,Cotton Kurta Set,Fashion,1,1324,1324,CUST-99344,App
UK-2026-104926,2026-06-25,South,Kochi,Ultrabook Air 14,Electronics,1,29749,29749,CUST-55051,App
UK-2026-103498,2026-05-06,North,Gurugram,Cotton Bedsheet Set,Home & Kitchen,2,1378,2756,CUST-60878,App
UK-2026-103418,2026-05-31,Central,Raipur,Cotton Kurta Set,Fashion,1,1305,1305,CUST-96141,App
UK-2026-101583,2026-03-05,West,Ahmedabad,Non-Stick Cookware Set,Home & Kitchen,1,2930,2930,CUST-43812,Website
UK-2026-100724,2026-02-13,West,Pune,Running Sneakers,Fashion,1,2884,2884,CUST-91431,Website
UK-2026-100359,2026-01-28,West,Mumbai,Noise-Cancelling Headphones,Electronics,1,9313,9313,CUST-39497,Website
UK-2026-100904,2026-02-15,South,Hyderabad,Robot Vacuum R7,Home & Kitchen,1,19220,19220,CUST-30447,App
UK-2026-101095,2026-02-10,North,Delhi,Makeup Brush Set,Beauty,2,1276,2552,CUST-69053,Marketplace
UK-2026-101454,2026-03-04,Central,Nagpur,Dinner Set 24pc,Home & Kitchen,1,2420,2420,CUST-87708,Website
UK-2026-104626,2026-06-04,South,Bengaluru,Running Sneakers,Fashion,2,2761,5522,CUST-74211,Marketplace
UK-2026-101298,2026-02-13,East,Kolkata,Noise-Cancelling Headphones,Electronics,1,9245,9245,CUST-60824,App
UK-2026-103927,2026-05-27,West,Ahmedabad,43-inch Smart TV,Electronics,1,25176,25176,CUST-14539,Marketplace
UK-2026-101905,2026-03-30,West,Pune,Leather Wallet,Fashion,2,908,1816,CUST-25442,App
UK-2026-101170,2026-02-01,West,Mumbai,Denim Jacket,Fashion,1,2280,2280,CUST-35126,App
UK-2026-104103,2026-06-25,South,Chennai,Matte Lipstick Set,Beauty,1,934,934,CUST-56733,App
UK-2026-101326,2026-02-26,South,Kochi,Cycling Helmet,Sports,2,1647,3294,CUST-12050,App
UK-2026-104322,2026-06-01,South,Chennai,Cycling Helmet,Sports,1,1531,1531,CUST-22343,App
UK-2026-100520,2026-01-14,West,Pune,Wireless Earbuds Pro,Electronics,1,2875,2875,CUST-24799,Marketplace
UK-2026-100846,2026-02-16,South,Bengaluru,Electric Kettle 1.5L,Home & Kitchen,1,1105,1105,CUST-62784,App
UK-2026-101426,2026-02-08,South,Hyderabad,Vitamin C Serum,Beauty,1,731,731,CUST-59580,App
UK-2026-103221,2026-05-22,North,Chandigarh,Slim Fit Jeans,Fashion,2,1603,3206,CUST-19107,App
UK-2026-103875,2026-05-16,West,Surat,Slim Fit Jeans,Fashion,1,1559,1559,CUST-53836,Marketplace
UK-2026-103789,2026-05-22,East,Guwahati,Adjustable Dumbbells 15kg,Sports,1,5046,5046,CUST-59424,App
UK-2026-100928,2026-02-17,South,Chennai,Modern Wall Clock,Home & Kitchen,1,772,772,CUST-71707,Marketplace
UK-2026-102816,2026-04-29,Central,Raipur,Modern Wall Clock,Home & Kitchen,1,798,798,CUST-31983,Website
UK-2026-102175,2026-03-06,West,Mumbai,Mirrorless Camera Lite,Electronics,3,29641,88923,CUST-58255,Marketplace
UK-2026-100976,2026-02-02,South,Kochi,Yoga Mat Pro,Sports,2,1178,2356,CUST-81010,App
UK-2026-100408,2026-01-06,Central,Bhopal,Noise-Cancelling Headphones,Electronics,1,9159,9159,CUST-13400,App
UK-2026-103112,2026-05-11,South,Chennai,Eau de Parfum 100ml,Beauty,2,1949,3898,CUST-60008,App
UK-2026-102955,2026-04-15,North,Chandigarh,Cycling Helmet,Sports,1,1654,1654,CUST-28133,Website
UK-2026-104033,2026-06-08,Central,Nagpur,Non-Stick Cookware Set,Home & Kitchen,3,2849,8547,CUST-79385,Website
UK-2026-104462,2026-06-07,Central,Nagpur,Eau de Parfum 100ml,Beauty,4,2023,8092,CUST-93438,Website
UK-2026-103152,2026-05-27,South,Hyderabad,Slim Fit Jeans,Fashion,1,1651,1651,CUST-64594,Website
UK-2026-101346,2026-02-26,North,Chandigarh,Power Bank 20000mAh,Electronics,1,1776,1776,CUST-75953,Website
UK-2026-100074,2026-01-21,North,Noida,Ethnic Dupatta,Fashion,1,516,516,CUST-48278,App
UK-2026-100106,2026-01-11,North,Chandigarh,Air Fryer 5L,Home & Kitchen,1,5441,5441,CUST-17964,Website
UK-2026-104630,2026-06-16,South,Bengaluru,Vitamin C Serum,Beauty,1,675,675,CUST-85567,App
UK-2026-101157,2026-02-08,West,Mumbai,Mixer Grinder 750W,Home & Kitchen,1,3419,3419,CUST-48021,App
UK-2026-103015,2026-04-24,South,Chennai,Formal Shirt,Fashion,2,1054,2108,CUST-58445,Website
UK-2026-101088,2026-02-16,East,Patna,Cricket Bat English Willow,Sports,1,9435,9435,CUST-65963,Website
UK-2026-104021,2026-06-24,West,Ahmedabad,Power Bank 20000mAh,Electronics,2,1808,3616,CUST-72166,App
UK-2026-102127,2026-03-13,Central,Raipur,Foldable Treadmill T2,Sports,1,24436,24436,CUST-72530,Website
UK-2026-101561,2026-03-04,West,Ahmedabad,Cotton Kurta Set,Fashion,1,1293,1293,CUST-79627,App
UK-2026-103037,2026-04-17,South,Kochi,Gym Gloves,Sports,1,524,524,CUST-79089,App
UK-2026-103536,2026-05-18,West,Ahmedabad,Wireless Earbuds Pro,Electronics,1,2900,2900,CUST-22825,Marketplace
UK-2026-103173,2026-05-20,South,Kochi,Gym Gloves,Sports,1,484,484,CUST-99146,App
UK-2026-103041,2026-04-19,East,Patna,Noise-Cancelling Headphones,Electronics,2,8935,17870,CUST-66532,Marketplace
UK-2026-103861,2026-05-20,West,Ahmedabad,Matte Lipstick Set,Beauty,3,896,2688,CUST-14914,Website
UK-2026-103134,2026-05-26,West,Ahmedabad,Power Bank 20000mAh,Electronics,1,1822,1822,CUST-68141,Marketplace
UK-2026-101881,2026-03-07,North,Chandigarh,Wireless Earbuds Pro,Electronics,1,3131,3131,CUST-26682,App
UK-2026-102433,2026-04-26,North,Chandigarh,Mirrorless Camera Lite,Electronics,2,29553,59106,CUST-33796,Marketplace
UK-2026-104710,2026-06-02,West,Surat,Badminton Racket Set,Sports,2,2534,5068,CUST-45569,App
UK-2026-100789,2026-02-04,West,Ahmedabad,43-inch Smart TV,Electronics,2,27180,54360,CUST-33040,App
UK-2026-101129,2026-02-17,South,Chennai,Ultrabook Air 14,Electronics,3,31449,94347,CUST-27353,App
UK-2026-102484,2026-04-01,North,Gurugram,Smart Watch X2,Electronics,1,4556,4556,CUST-16751,App
UK-2026-102199,2026-03-12,West,Pune,Non-Stick Cookware Set,Home & Kitchen,1,2928,2928,CUST-41787,Marketplace
UK-2026-103240,2026-05-14,East,Guwahati,Ultrabook Air 14,Electronics,2,29627,59254,CUST-87396,Website
UK-2026-104532,2026-06-23,South,Bengaluru,Denim Jacket,Fashion,3,2128,6384,CUST-12789,App
UK-2026-102511,2026-04-23,North,Delhi,Silk Saree,Fashion,2,3391,6782,CUST-69095,Marketplace
UK-2026-103483,2026-05-15,East,Patna,Cotton Bedsheet Set,Home & Kitchen,1,1457,1457,CUST-46362,App
UK-2026-104542,2026-06-11,West,Ahmedabad,Makeup Brush Set,Beauty,1,1324,1324,CUST-55421,App
UK-2026-100295,2026-01-26,South,Bengaluru,Foldable Treadmill T2,Sports,2,24823,49646,CUST-56236,Website
UK-2026-100530,2026-01-18,South,Bengaluru,Cricket Bat English Willow,Sports,1,8968,8968,CUST-17479,App
UK-2026-100982,2026-02-04,West,Pune,Ethnic Dupatta,Fashion,1,507,507,CUST-86282,App
UK-2026-104043,2026-06-07,South,Hyderabad,Foldable Treadmill T2,Sports,1,24516,24516,CUST-99661,App
UK-2026-104976,2026-06-17,East,Guwahati,Eau de Parfum 100ml,Beauty,1,2015,2015,CUST-22684,App
UK-2026-103797,2026-05-20,South,Kochi,Slim Fit Jeans,Fashion,2,1643,3286,CUST-75587,Website
UK-2026-100337,2026-01-02,South,Bengaluru,Mixer Grinder 750W,Home & Kitchen,1,3396,3396,CUST-56342,Website
UK-2026-102017,2026-03-31,West,Ahmedabad,Power Bank 20000mAh,Electronics,1,1794,1794,CUST-46607,App
UK-2026-101487,2026-03-31,North,Chandigarh,Leather Wallet,Fashion,1,882,882,CUST-24797,Website
UK-2026-104985,2026-06-12,East,Guwahati,Mixer Grinder 750W,Home & Kitchen,1,3207,3207,CUST-17912,App
UK-2026-103662,2026-05-01,Central,Nagpur,Bluetooth Speaker Mini,Electronics,1,1522,1522,CUST-88170,Marketplace
UK-2026-104026,2026-06-11,South,Chennai,Noise-Cancelling Headphones,Electronics,2,9135,18270,CUST-57863,App
UK-2026-104731,2026-06-24,Central,Nagpur,Electric Kettle 1.5L,Home & Kitchen,1,1129,1129,CUST-27167,Website
UK-2026-103108,2026-05-20,West,Ahmedabad,Matte Lipstick Set,Beauty,2,881,1762,CUST-64628,App
UK-2026-100206,2026-01-24,North,Gurugram,Electric Kettle 1.5L,Home & Kitchen,2,1114,2228,CUST-83803,Marketplace
UK-2026-100402,2026-01-27,South,Kochi,Denim Jacket,Fashion,1,2226,2226,CUST-76707,App
UK-2026-102430,2026-04-08,Central,Raipur,Air Fryer 5L,Home & Kitchen,2,5529,11058,CUST-22472,Marketplace
UK-2026-104107,2026-06-12,South,Hyderabad,Mirrorless Camera Lite,Electronics,2,27822,55644,CUST-17422,Marketplace
UK-2026-103352,2026-05-25,West,Ahmedabad,Adjustable Dumbbells 15kg,Sports,1,5084,5084,CUST-55973,Marketplace
UK-2026-104690,2026-06-03,West,Ahmedabad,Foldable Treadmill T2,Sports,1,25314,25314,CUST-27290,Website
UK-2026-104615,2026-06-11,North,Delhi,Formal Shirt,Fashion,1,1088,1088,CUST-67830,Marketplace
UK-2026-103138,2026-05-04,South,Kochi,Noise-Cancelling Headphones,Electronics,1,8652,8652,CUST-33508,Marketplace
UK-2026-103470,2026-05-10,North,Gurugram,Air Fryer 5L,Home & Kitchen,1,5547,5547,CUST-93267,Website
UK-2026-102264,2026-04-23,North,Gurugram,Bluetooth Speaker Mini,Electronics,3,1518,4554,CUST-63937,App
UK-2026-102016,2026-03-06,South,Chennai,Silk Saree,Fashion,1,3399,3399,CUST-42402,Website
UK-2026-100887,2026-02-22,West,Mumbai,Mirrorless Camera Lite,Electronics,1,28558,28558,CUST-95395,App
UK-2026-102404,2026-04-08,North,Chandigarh,Mixer Grinder 750W,Home & Kitchen,1,3340,3340,CUST-28595,Website
UK-2026-101210,2026-02-15,North,Noida,Leather Wallet,Fashion,4,899,3596,CUST-20108,Website
UK-2026-101371,2026-02-20,South,Chennai,Running Sneakers,Fashion,1,2829,2829,CUST-35617,Marketplace
UK-2026-100278,2026-01-26,East,Patna,Smart Watch X2,Electronics,2,4306,8612,CUST-90568,Website
UK-2026-101618,2026-03-25,North,Gurugram,Formal Shirt,Fashion,1,1113,1113,CUST-43256,App
UK-2026-103342,2026-05-21,East,Kolkata,Silk Saree,Fashion,1,3596,3596,CUST-86509,App
UK-2026-104298,2026-06-20,West,Ahmedabad,Bluetooth Speaker Mini,Electronics,1,1496,1496,CUST-62544,Marketplace
UK-2026-103133,2026-05-22,South,Hyderabad,Electric Kettle 1.5L,Home & Kitchen,1,1136,1136,CUST-48294,Marketplace
UK-2026-103110,2026-05-25,North,Gurugram,Denim Jacket,Fashion,2,2182,4364,CUST-47130,Marketplace
UK-2026-103430,2026-05-11,East,Bhubaneswar,Air Fryer 5L,Home & Kitchen,1,5726,5726,CUST-87964,App
UK-2026-102718,2026-04-01,North,Delhi,Cotton Bedsheet Set,Home & Kitchen,2,1360,2720,CUST-20679,Marketplace
UK-2026-102984,2026-04-28,South,Chennai,Badminton Racket Set,Sports,1,2613,2613,CUST-22494,App
UK-2026-100524,2026-01-02,East,Guwahati,43-inch Smart TV,Electronics,1,25794,25794,CUST-14914,Website
UK-2026-100120,2026-01-09,North,Gurugram,Ultrabook Air 14,Electronics,2,30507,61014,CUST-13587,Website
UK-2026-103058,2026-04-09,South,Chennai,Football Size 5,Sports,2,880,1760,CUST-60162,App
UK-2026-104245,2026-06-09,East,Guwahati,Cricket Bat English Willow,Sports,1,9204,9204,CUST-28153,Marketplace
UK-2026-101887,2026-03-07,South,Kochi,Ultrabook Air 14,Electronics,1,28509,28509,CUST-87291,Marketplace
UK-2026-104623,2026-06-12,South,Hyderabad,Robot Vacuum R7,Home & Kitchen,1,18944,18944,CUST-89900,App
UK-2026-100196,2026-01-11,West,Surat,Modern Wall Clock,Home & Kitchen,1,826,826,CUST-48841,Website
UK-2026-100413,2026-01-01,South,Bengaluru,Eau de Parfum 100ml,Beauty,1,2048,2048,CUST-53163,Website
UK-2026-102656,2026-04-08,South,Chennai,Slim Fit Jeans,Fashion,1,1610,1610,CUST-83182,App
UK-2026-104355,2026-06-21,North,Noida,Robot Vacuum R7,Home & Kitchen,1,18264,18264,CUST-22343,App
UK-2026-101502,2026-03-24,South,Kochi,Robot Vacuum R7,Home & Kitchen,1,18105,18105,CUST-15003,Marketplace
UK-2026-103291,2026-05-12,North,Gurugram,Beard Grooming Kit,Beauty,2,975,1950,CUST-73790,App
UK-2026-103053,2026-04-16,North,Gurugram,Modern Wall Clock,Home & Kitchen,1,821,821,CUST-83263,Website
UK-2026-103311,2026-05-28,North,Gurugram,Air Fryer 5L,Home & Kitchen,1,5233,5233,CUST-14539,App
UK-2026-103932,2026-05-11,Central,Raipur,Vitamin C Serum,Beauty,1,680,680,CUST-83214,Website
UK-2026-102145,2026-03-15,South,Hyderabad,Adjustable Dumbbells 15kg,Sports,1,5073,5073,CUST-86725,Website
UK-2026-100347,2026-01-01,North,Delhi,Dinner Set 24pc,Home & Kitchen,1,2577,2577,CUST-96333,Website
UK-2026-103491,2026-05-29,North,Delhi,Mixer Grinder 750W,Home & Kitchen,1,3246,3246,CUST-25845,Website
UK-2026-102452,2026-04-28,South,Hyderabad,Ultrabook Air 14,Electronics,3,29429,88287,CUST-47809,Website
UK-2026-101840,2026-03-23,West,Mumbai,Noise-Cancelling Headphones,Electronics,1,8808,8808,CUST-71133,Marketplace
UK-2026-103147,2026-05-08,West,Mumbai,Cotton Bedsheet Set,Home & Kitchen,1,1420,1420,CUST-47160,App
UK-2026-103972,2026-05-02,North,Chandigarh,Makeup Brush Set,Beauty,2,1322,2644,CUST-56611,Website
UK-2026-103160,2026-05-26,East,Guwahati,Matte Lipstick Set,Beauty,1,929,929,CUST-54711,App
UK-2026-100782,2026-02-18,Central,Bhopal,Silk Saree,Fashion,1,3466,3466,CUST-76603,App
UK-2026-100848,2026-02-05,South,Hyderabad,Cotton Kurta Set,Fashion,1,1298,1298,CUST-62582,App
UK-2026-100591,2026-01-24,West,Ahmedabad,Smart Watch X2,Electronics,1,4595,4595,CUST-86127,Marketplace
UK-2026-102919,2026-04-05,North,Chandigarh,Non-Stick Cookware Set,Home & Kitchen,1,2859,2859,CUST-97773,Marketplace
UK-2026-104684,2026-06-03,West,Mumbai,Dinner Set 24pc,Home & Kitchen,1,2515,2515,CUST-98118,Website
UK-2026-101425,2026-02-13,North,Gurugram,Slim Fit Jeans,Fashion,2,1606,3212,CUST-63845,App
UK-2026-103044,2026-04-20,South,Hyderabad,Mirrorless Camera Lite,Electronics,1,29373,29373,CUST-12368,Website
UK-2026-102783,2026-04-17,West,Surat,Electric Kettle 1.5L,Home & Kitchen,1,1076,1076,CUST-74850,App
UK-2026-103414,2026-05-18,South,Kochi,Silk Saree,Fashion,2,3458,6916,CUST-31875,App
UK-2026-104752,2026-06-01,East,Kolkata,Ultrabook Air 14,Electronics,1,29888,29888,CUST-75451,App
UK-2026-102671,2026-04-01,South,Hyderabad,Ultrabook Air 14,Electronics,1,30955,30955,CUST-77779,App
UK-2026-100935,2026-02-28,North,Noida,Mixer Grinder 750W,Home & Kitchen,2,3427,6854,CUST-11207,App
UK-2026-102675,2026-04-13,Central,Raipur,Electric Kettle 1.5L,Home & Kitchen,2,1098,2196,CUST-74998,Website
UK-2026-104058,2026-06-09,West,Mumbai,Power Bank 20000mAh,Electronics,3,1826,5478,CUST-76671,App
UK-2026-100615,2026-01-12,West,Pune,Bluetooth Speaker Mini,Electronics,1,1508,1508,CUST-66319,App
UK-2026-100571,2026-01-07,North,Gurugram,Cotton Kurta Set,Fashion,1,1342,1342,CUST-95704,Website
UK-2026-103428,2026-05-21,West,Ahmedabad,Cricket Bat English Willow,Sports,2,8848,17696,CUST-91431,Marketplace
UK-2026-102292,2026-04-26,South,Hyderabad,Gym Gloves,Sports,2,478,956,CUST-66370,Marketplace
UK-2026-101679,2026-03-29,South,Chennai,Non-Stick Cookware Set,Home & Kitchen,1,2807,2807,CUST-24070,Website
UK-2026-104859,2026-06-08,North,Gurugram,Gym Gloves,Sports,1,505,505,CUST-94084,App
UK-2026-101407,2026-02-04,West,Surat,Matte Lipstick Set,Beauty,1,860,860,CUST-39663,App
UK-2026-102047,2026-03-19,South,Bengaluru,Cricket Bat English Willow,Sports,3,8803,26409,CUST-22029,App
UK-2026-100617,2026-01-10,West,Surat,Power Bank 20000mAh,Electronics,1,1735,1735,CUST-34080,Website
UK-2026-100924,2026-02-21,West,Pune,Air Fryer 5L,Home & Kitchen,1,5459,5459,CUST-95605,App
UK-2026-101659,2026-03-08,North,Noida,Noise-Cancelling Headphones,Electronics,1,9375,9375,CUST-17912,Website
UK-2026-104769,2026-06-01,East,Kolkata,Modern Wall Clock,Home & Kitchen,1,776,776,CUST-64969,App
UK-2026-100565,2026-01-23,South,Bengaluru,Ethnic Dupatta,Fashion,1,518,518,CUST-33312,App
UK-2026-101007,2026-02-03,North,Noida,Air Fryer 5L,Home & Kitchen,1,5708,5708,CUST-38764,Website
UK-2026-103494,2026-05-23,South,Kochi,Eau de Parfum 100ml,Beauty,1,1936,1936,CUST-94510,App
UK-2026-103443,2026-05-02,Central,Indore,Badminton Racket Set,Sports,1,2537,2537,CUST-46349,App
UK-2026-104607,2026-06-10,West,Surat,Badminton Racket Set,Sports,2,2520,5040,CUST-41451,Website
UK-2026-102268,2026-04-20,West,Surat,Dinner Set 24pc,Home & Kitchen,2,2426,4852,CUST-75768,App
UK-2026-102868,2026-04-17,West,Surat,Matte Lipstick Set,Beauty,2,896,1792,CUST-34080,App
UK-2026-101572,2026-03-01,West,Surat,Formal Shirt,Fashion,1,1089,1089,CUST-17338,Marketplace
UK-2026-104576,2026-06-18,East,Patna,Football Size 5,Sports,1,896,896,CUST-46749,App
UK-2026-102699,2026-04-23,East,Bhubaneswar,Slim Fit Jeans,Fashion,2,1576,3152,CUST-95000,Website
UK-2026-104310,2026-06-18,East,Kolkata,Running Sneakers,Fashion,2,2855,5710,CUST-24891,App
UK-2026-103045,2026-04-04,South,Chennai,Smart Watch X2,Electronics,1,4633,4633,CUST-59331,Website
UK-2026-104824,2026-06-23,East,Patna,Running Sneakers,Fashion,1,2814,2814,CUST-54930,Website
UK-2026-100342,2026-01-04,North,Gurugram,Matte Lipstick Set,Beauty,1,918,918,CUST-71707,Website
UK-2026-101991,2026-03-25,South,Bengaluru,Modern Wall Clock,Home & Kitchen,3,769,2307,CUST-56342,Website
UK-2026-104091,2026-06-02,South,Hyderabad,Noise-Cancelling Headphones,Electronics,1,9446,9446,CUST-51853,Marketplace
UK-2026-104977,2026-06-05,Central,Bhopal,Mirrorless Camera Lite,Electronics,2,30330,60660,CUST-95941,App
UK-2026-100125,2026-01-24,South,Hyderabad,Non-Stick Cookware Set,Home & Kitchen,1,2796,2796,CUST-76821,App
UK-2026-103130,2026-05-14,North,Noida,Face Wash Combo,Beauty,1,456,456,CUST-22218,App
UK-2026-102885,2026-04-11,Central,Bhopal,Running Sneakers,Fashion,1,2774,2774,CUST-69309,Website
UK-2026-101954,2026-03-19,Central,Raipur,Cycling Helmet,Sports,2,1605,3210,CUST-61652,Website
UK-2026-101394,2026-02-21,South,Chennai,Mirrorless Camera Lite,Electronics,1,27833,27833,CUST-72785,Marketplace
UK-2026-104724,2026-06-27,West,Surat,Ionic Hair Dryer,Beauty,2,1853,3706,CUST-12942,Website
UK-2026-101867,2026-03-04,South,Bengaluru,Cotton Kurta Set,Fashion,2,1262,2524,CUST-12937,Website
UK-2026-102331,2026-04-27,South,Kochi,Robot Vacuum R7,Home & Kitchen,1,18840,18840,CUST-72905,App
UK-2026-100880,2026-02-25,West,Surat,Ultrabook Air 14,Electronics,1,31399,31399,CUST-98800,App
UK-2026-100942,2026-02-19,North,Noida,Air Fryer 5L,Home & Kitchen,1,5359,5359,CUST-84202,Marketplace
UK-2026-100404,2026-01-04,Central,Bhopal,Wireless Earbuds Pro,Electronics,2,3107,6214,CUST-21826,Website
UK-2026-104955,2026-06-14,West,Surat,Dinner Set 24pc,Home & Kitchen,1,2559,2559,CUST-47758,Website
UK-2026-103796,2026-05-25,South,Chennai,Beard Grooming Kit,Beauty,2,999,1998,CUST-41313,Website
UK-2026-104093,2026-06-03,West,Ahmedabad,Gym Gloves,Sports,2,515,1030,CUST-69460,Marketplace
UK-2026-104257,2026-06-12,West,Mumbai,Ultrabook Air 14,Electronics,3,30648,91944,CUST-97165,App
UK-2026-102015,2026-03-18,West,Ahmedabad,Noise-Cancelling Headphones,Electronics,1,8877,8877,CUST-99506,Website
UK-2026-103319,2026-05-09,North,Gurugram,Noise-Cancelling Headphones,Electronics,1,9036,9036,CUST-78211,App
UK-2026-104907,2026-06-03,East,Patna,Mirrorless Camera Lite,Electronics,1,30447,30447,CUST-34840,Website
UK-2026-101287,2026-02-09,North,Gurugram,Denim Jacket,Fashion,1,2306,2306,CUST-85181,App
UK-2026-100713,2026-01-25,North,Chandigarh,Yoga Mat Pro,Sports,2,1225,2450,CUST-28133,App
UK-2026-104388,2026-06-20,West,Pune,Wireless Earbuds Pro,Electronics,2,2992,5984,CUST-44213,Marketplace
UK-2026-101738,2026-03-11,Central,Nagpur,Formal Shirt,Fashion,2,1128,2256,CUST-85619,Website
UK-2026-100012,2026-01-23,North,Chandigarh,Yoga Mat Pro,Sports,2,1199,2398,CUST-17964,Marketplace
UK-2026-101332,2026-02-24,South,Bengaluru,Ultrabook Air 14,Electronics,4,31360,125440,CUST-19238,Website
UK-2026-100742,2026-02-18,West,Mumbai,Smart Watch X2,Electronics,1,4496,4496,CUST-42353,App
UK-2026-100422,2026-01-30,South,Hyderabad,Mixer Grinder 750W,Home & Kitchen,1,3180,3180,CUST-83561,Website
UK-2026-104370,2026-06-16,South,Bengaluru,Ultrabook Air 14,Electronics,2,30409,60818,CUST-58120,App
UK-2026-100477,2026-01-05,South,Hyderabad,Bluetooth Speaker Mini,Electronics,1,1479,1479,CUST-58621,App
UK-2026-102869,2026-04-01,Central,Indore,Noise-Cancelling Headphones,Electronics,3,8879,26637,CUST-53931,App
UK-2026-101235,2026-02-05,East,Kolkata,Running Sneakers,Fashion,1,2741,2741,CUST-94621,App
UK-2026-102802,2026-04-14,West,Ahmedabad,Yoga Mat Pro,Sports,1,1158,1158,CUST-84682,App
UK-2026-103032,2026-04-16,South,Chennai,Bluetooth Speaker Mini,Electronics,2,1567,3134,CUST-86527,App
UK-2026-100966,2026-02-15,East,Kolkata,Beard Grooming Kit,Beauty,1,999,999,CUST-51671,App
UK-2026-102764,2026-04-18,West,Mumbai,Football Size 5,Sports,1,879,879,CUST-52014,Marketplace
UK-2026-104280,2026-06-13,West,Ahmedabad,Mirrorless Camera Lite,Electronics,4,29646,118584,CUST-25027,Website
UK-2026-104010,2026-05-06,South,Hyderabad,Wireless Earbuds Pro,Electronics,1,3096,3096,CUST-57927,App
UK-2026-104082,2026-06-21,North,Gurugram,Cotton Bedsheet Set,Home & Kitchen,1,1426,1426,CUST-87302,App
UK-2026-103178,2026-05-16,South,Bengaluru,Matte Lipstick Set,Beauty,4,870,3480,CUST-82707,App
UK-2026-101523,2026-03-10,West,Pune,Matte Lipstick Set,Beauty,2,878,1756,CUST-55600,App
UK-2026-100481,2026-01-28,South,Kochi,Sunscreen SPF50,Beauty,1,531,531,CUST-70436,App
UK-2026-100478,2026-01-11,South,Chennai,Gym Gloves,Sports,1,514,514,CUST-32309,Marketplace
UK-2026-103628,2026-05-26,West,Surat,Beard Grooming Kit,Beauty,2,1008,2016,CUST-88420,App
UK-2026-101282,2026-02-22,North,Delhi,Mirrorless Camera Lite,Electronics,4,30030,120120,CUST-86581,App
UK-2026-100709,2026-01-02,South,Chennai,Running Sneakers,Fashion,2,2813,5626,CUST-12789,Website
UK-2026-104160,2026-06-01,Central,Bhopal,Mirrorless Camera Lite,Electronics,2,29950,59900,CUST-66535,App
UK-2026-103873,2026-05-26,Central,Indore,Cotton Kurta Set,Fashion,1,1301,1301,CUST-77029,Website
UK-2026-103082,2026-04-01,South,Kochi,Face Wash Combo,Beauty,1,469,469,CUST-38071,App
UK-2026-100406,2026-01-11,West,Ahmedabad,Denim Jacket,Fashion,1,2246,2246,CUST-48281,App
UK-2026-104464,2026-06-18,Central,Nagpur,Bluetooth Speaker Mini,Electronics,3,1533,4599,CUST-77230,Marketplace
UK-2026-102929,2026-04-09,South,Bengaluru,Gym Gloves,Sports,1,489,489,CUST-88002,Marketplace
UK-2026-102760,2026-04-02,South,Kochi,Slim Fit Jeans,Fashion,1,1604,1604,CUST-86892,Website
UK-2026-101740,2026-03-10,South,Bengaluru,Smart Watch X2,Electronics,2,4496,8992,CUST-42120,App
UK-2026-102122,2026-03-15,West,Pune,Cricket Bat English Willow,Sports,1,8695,8695,CUST-19267,App
UK-2026-101845,2026-03-19,North,Noida,43-inch Smart TV,Electronics,1,26636,26636,CUST-54134,App
UK-2026-104304,2026-06-09,Central,Nagpur,Cotton Kurta Set,Fashion,4,1256,5024,CUST-55251,App
UK-2026-100725,2026-02-14,North,Chandigarh,Running Sneakers,Fashion,1,2871,2871,CUST-51303,App
UK-2026-101888,2026-03-03,South,Kochi,Wireless Earbuds Pro,Electronics,3,2855,8565,CUST-86928,App
UK-2026-101703,2026-03-05,Central,Bhopal,Robot Vacuum R7,Home & Kitchen,2,19164,38328,CUST-19379,Website
UK-2026-100921,2026-02-08,West,Ahmedabad,Denim Jacket,Fashion,1,2136,2136,CUST-18839,Website
UK-2026-101018,2026-02-04,South,Chennai,Cotton Kurta Set,Fashion,2,1322,2644,CUST-94621,App
UK-2026-100689,2026-01-14,North,Chandigarh,Face Wash Combo,Beauty,1,441,441,CUST-85381,Website
UK-2026-103986,2026-05-13,Central,Nagpur,Bluetooth Speaker Mini,Electronics,1,1541,1541,CUST-49613,App
UK-2026-103811,2026-05-31,North,Chandigarh,Matte Lipstick Set,Beauty,2,885,1770,CUST-10658,App
UK-2026-102820,2026-04-02,South,Bengaluru,Noise-Cancelling Headphones,Electronics,1,9094,9094,CUST-97832,Marketplace
UK-2026-101254,2026-02-04,North,Delhi,Power Bank 20000mAh,Electronics,2,1840,3680,CUST-30255,Marketplace
UK-2026-104271,2026-06-11,North,Delhi,Smart Watch X2,Electronics,2,4309,8618,CUST-46826,Marketplace
UK-2026-104220,2026-06-19,West,Surat,Sunscreen SPF50,Beauty,1,550,550,CUST-21616,App
UK-2026-101512,2026-03-26,West,Mumbai,Makeup Brush Set,Beauty,1,1301,1301,CUST-97733,Website
UK-2026-103118,2026-05-05,West,Ahmedabad,Cotton Bedsheet Set,Home & Kitchen,2,1455,2910,CUST-22429,App
UK-2026-104320,2026-06-14,South,Bengaluru,Eau de Parfum 100ml,Beauty,1,1999,1999,CUST-49101,App
UK-2026-104582,2026-06-04,East,Bhubaneswar,Robot Vacuum R7,Home & Kitchen,2,18402,36804,CUST-59534,Website
UK-2026-104482,2026-06-23,North,Delhi,Gym Gloves,Sports,1,488,488,CUST-85058,Marketplace
UK-2026-101382,2026-02-05,North,Chandigarh,Ethnic Dupatta,Fashion,1,504,504,CUST-14672,App
UK-2026-104030,2026-06-01,North,Gurugram,Modern Wall Clock,Home & Kitchen,1,822,822,CUST-88420,App
UK-2026-103284,2026-05-08,East,Kolkata,Badminton Racket Set,Sports,1,2435,2435,CUST-11648,Marketplace
UK-2026-102832,2026-04-16,North,Delhi,Electric Kettle 1.5L,Home & Kitchen,2,1077,2154,CUST-15977,App
UK-2026-104802,2026-06-10,North,Gurugram,Silk Saree,Fashion,1,3455,3455,CUST-15577,Website
UK-2026-104922,2026-06-06,Central,Nagpur,Bluetooth Speaker Mini,Electronics,1,1510,1510,CUST-37561,Marketplace
UK-2026-104097,2026-06-21,South,Chennai,Cycling Helmet,Sports,1,1677,1677,CUST-50453,Website
UK-2026-104005,2026-05-30,North,Noida,43-inch Smart TV,Electronics,1,24729,24729,CUST-77599,App
UK-2026-104598,2026-06-13,South,Chennai,Ultrabook Air 14,Electronics,3,31297,93891,CUST-34559,Website
UK-2026-100674,2026-01-25,North,Chandigarh,Gym Gloves,Sports,1,504,504,CUST-74739,Marketplace
UK-2026-103804,2026-05-07,Central,Nagpur,Eau de Parfum 100ml,Beauty,1,2044,2044,CUST-58061,App
UK-2026-100329,2026-01-22,West,Pune,Bluetooth Speaker Mini,Electronics,1,1490,1490,CUST-26078,Marketplace
UK-2026-101261,2026-02-17,West,Pune,Ethnic Dupatta,Fashion,1,494,494,CUST-64302,Marketplace
UK-2026-100294,2026-01-22,South,Hyderabad,Mirrorless Camera Lite,Electronics,1,27779,27779,CUST-92590,App
UK-2026-102410,2026-04-30,North,Gurugram,Ethnic Dupatta,Fashion,2,509,1018,CUST-17431,Website
UK-2026-102412,2026-04-13,South,Hyderabad,43-inch Smart TV,Electronics,1,26143,26143,CUST-25705,App
UK-2026-102364,2026-04-04,East,Guwahati,Cricket Bat English Willow,Sports,1,9226,9226,CUST-12675,App
UK-2026-102413,2026-04-18,South,Chennai,Formal Shirt,Fashion,2,1109,2218,CUST-61636,Website
UK-2026-101068,2026-02-22,West,Ahmedabad,Ultrabook Air 14,Electronics,1,28623,28623,CUST-66986,Marketplace
UK-2026-104083,2026-06-11,North,Gurugram,Mirrorless Camera Lite,Electronics,2,29450,58900,CUST-49613,Website
UK-2026-104631,2026-06-13,Central,Nagpur,Wireless Earbuds Pro,Electronics,2,3103,6206,CUST-82744,Marketplace
UK-2026-104782,2026-06-02,South,Bengaluru,Running Sneakers,Fashion,1,2878,2878,CUST-43865,Website
UK-2026-102382,2026-04-15,North,Gurugram,Electric Kettle 1.5L,Home & Kitchen,2,1146,2292,CUST-20174,App
UK-2026-104613,2026-06-20,North,Chandigarh,Smart Watch X2,Electronics,1,4590,4590,CUST-80030,Marketplace
UK-2026-101600,2026-03-26,South,Kochi,Smart Watch X2,Electronics,1,4692,4692,CUST-89543,Marketplace
UK-2026-103818,2026-05-30,Central,Indore,Cotton Kurta Set,Fashion,1,1246,1246,CUST-32571,Website
UK-2026-101780,2026-03-18,West,Mumbai,Noise-Cancelling Headphones,Electronics,2,9125,18250,CUST-66514,App
UK-2026-104264,2026-06-09,West,Pune,Mirrorless Camera Lite,Electronics,2,29687,59374,CUST-58127,Marketplace
UK-2026-103554,2026-05-17,South,Hyderabad,Cotton Bedsheet Set,Home & Kitchen,1,1424,1424,CUST-51643,App
UK-2026-101619,2026-03-04,South,Kochi,Ethnic Dupatta,Fashion,2,507,1014,CUST-41560,App
UK-2026-104121,2026-06-07,East,Guwahati,Football Size 5,Sports,1,914,914,CUST-85104,Website
UK-2026-102654,2026-04-29,North,Noida,Slim Fit Jeans,Fashion,1,1618,1618,CUST-29578,Website
UK-2026-101822,2026-03-20,West,Mumbai,Running Sneakers,Fashion,1,2804,2804,CUST-91238,Website
UK-2026-102585,2026-04-24,Central,Indore,Slim Fit Jeans,Fashion,1,1635,1635,CUST-29070,App
UK-2026-101222,2026-02-03,East,Guwahati,Electric Kettle 1.5L,Home & Kitchen,1,1050,1050,CUST-59424,Marketplace
UK-2026-104676,2026-06-23,West,Ahmedabad,Wireless Earbuds Pro,Electronics,1,2992,2992,CUST-13596,Marketplace
UK-2026-104485,2026-06-01,West,Surat,Yoga Mat Pro,Sports,2,1249,2498,CUST-57529,Marketplace
UK-2026-100778,2026-02-05,West,Pune,Cotton Bedsheet Set,Home & Kitchen,1,1411,1411,CUST-39680,App
UK-2026-100940,2026-02-24,Central,Raipur,Cotton Kurta Set,Fashion,2,1294,2588,CUST-96322,App
UK-2026-100732,2026-02-06,South,Bengaluru,Cricket Bat English Willow,Sports,2,8780,17560,CUST-83270,App
UK-2026-103705,2026-05-07,Central,Indore,Mixer Grinder 750W,Home & Kitchen,1,3317,3317,CUST-81119,Website
UK-2026-101501,2026-03-06,West,Surat,Ultrabook Air 14,Electronics,2,28767,57534,CUST-29257,App
UK-2026-102665,2026-04-09,South,Bengaluru,Non-Stick Cookware Set,Home & Kitchen,2,2766,5532,CUST-66370,Website
UK-2026-101849,2026-03-02,North,Gurugram,Cotton Bedsheet Set,Home & Kitchen,1,1363,1363,CUST-81119,Website
UK-2026-101944,2026-03-06,East,Kolkata,Dinner Set 24pc,Home & Kitchen,1,2407,2407,CUST-58773,App
UK-2026-103856,2026-05-18,North,Gurugram,Football Size 5,Sports,1,881,881,CUST-31404,Marketplace
UK-2026-100499,2026-01-28,West,Pune,Robot Vacuum R7,Home & Kitchen,1,18466,18466,CUST-99076,Website
UK-2026-104208,2026-06-15,West,Pune,Cotton Bedsheet Set,Home & Kitchen,1,1373,1373,CUST-15027,App
UK-2026-102473,2026-04-16,North,Delhi,Electric Kettle 1.5L,Home & Kitchen,1,1129,1129,CUST-55600,App
UK-2026-104294,2026-06-17,South,Kochi,Makeup Brush Set,Beauty,2,1354,2708,CUST-22218,App
UK-2026-101373,2026-02-06,North,Delhi,Vitamin C Serum,Beauty,1,713,713,CUST-86509,App
UK-2026-104648,2026-06-06,South,Hyderabad,Makeup Brush Set,Beauty,1,1248,1248,CUST-50464,App
UK-2026-101472,2026-03-11,North,Chandigarh,Denim Jacket,Fashion,1,2283,2283,CUST-46394,App
UK-2026-102967,2026-04-03,West,Pune,Cotton Bedsheet Set,Home & Kitchen,2,1441,2882,CUST-97844,App
UK-2026-103778,2026-05-06,Central,Nagpur,Cycling Helmet,Sports,2,1619,3238,CUST-82467,Website
UK-2026-104715,2026-06-07,East,Kolkata,Badminton Racket Set,Sports,2,2419,4838,CUST-55925,Website
UK-2026-103919,2026-05-24,East,Patna,Cricket Bat English Willow,Sports,1,9420,9420,CUST-78468,Website
UK-2026-100832,2026-02-25,East,Guwahati,Dinner Set 24pc,Home & Kitchen,1,2517,2517,CUST-94299,App
UK-2026-100712,2026-01-16,South,Hyderabad,Non-Stick Cookware Set,Home & Kitchen,1,2813,2813,CUST-39276,Website
UK-2026-104965,2026-06-04,West,Ahmedabad,Foldable Treadmill T2,Sports,2,24318,48636,CUST-76538,App
UK-2026-103723,2026-05-28,Central,Indore,Cricket Bat English Willow,Sports,1,8593,8593,CUST-93869,App
UK-2026-104819,2026-06-17,North,Noida,Robot Vacuum R7,Home & Kitchen,1,19216,19216,CUST-83758,Marketplace
UK-2026-104008,2026-05-02,Central,Bhopal,Adjustable Dumbbells 15kg,Sports,2,4835,9670,CUST-80078,App
UK-2026-101767,2026-03-28,South,Bengaluru,Power Bank 20000mAh,Electronics,2,1729,3458,CUST-34559,App
UK-2026-101644,2026-03-20,Central,Raipur,Dinner Set 24pc,Home & Kitchen,1,2392,2392,CUST-54536,App
UK-2026-104778,2026-06-15,North,Chandigarh,Formal Shirt,Fashion,1,1115,1115,CUST-62994,Website
UK-2026-101783,2026-03-27,West,Mumbai,Matte Lipstick Set,Beauty,1,907,907,CUST-25476,Website
UK-2026-103290,2026-05-12,Central,Nagpur,Foldable Treadmill T2,Sports,1,26079,26079,CUST-37491,Marketplace
UK-2026-104259,2026-06-07,East,Patna,Vitamin C Serum,Beauty,1,724,724,CUST-97832,App
UK-2026-102476,2026-04-08,South,Hyderabad,Cotton Bedsheet Set,Home & Kitchen,1,1339,1339,CUST-17418,App
UK-2026-103241,2026-05-23,South,Chennai,Cotton Kurta Set,Fashion,1,1279,1279,CUST-73219,App
UK-2026-102287,2026-04-15,South,Hyderabad,Leather Wallet,Fashion,1,870,870,CUST-48557,App
UK-2026-101139,2026-02-03,West,Pune,Ethnic Dupatta,Fashion,1,496,496,CUST-33094,Website
UK-2026-102289,2026-04-28,Central,Nagpur,Silk Saree,Fashion,1,3674,3674,CUST-53760,App
UK-2026-104638,2026-06-17,West,Mumbai,Cotton Kurta Set,Fashion,1,1241,1241,CUST-73839,Website
UK-2026-101378,2026-02-20,Central,Raipur,Smart Watch X2,Electronics,3,4433,13299,CUST-86726,Website
UK-2026-103334,2026-05-02,West,Ahmedabad,Face Wash Combo,Beauty,1,459,459,CUST-50679,Website
UK-2026-102440,2026-04-03,West,Pune,Beard Grooming Kit,Beauty,1,955,955,CUST-79627,App
UK-2026-100598,2026-01-14,South,Bengaluru,Non-Stick Cookware Set,Home & Kitchen,3,3004,9012,CUST-55889,App
UK-2026-102223,2026-03-01,West,Mumbai,Electric Kettle 1.5L,Home & Kitchen,1,1142,1142,CUST-27926,App
UK-2026-102328,2026-04-05,South,Hyderabad,Cycling Helmet,Sports,1,1664,1664,CUST-71029,App
UK-2026-100824,2026-02-19,North,Noida,Robot Vacuum R7,Home & Kitchen,1,18785,18785,CUST-46749,App
UK-2026-104966,2026-06-17,South,Kochi,Smart Watch X2,Electronics,3,4321,12963,CUST-11703,App
UK-2026-103423,2026-05-05,Central,Raipur,Beard Grooming Kit,Beauty,1,987,987,CUST-82118,App
UK-2026-102966,2026-04-09,South,Kochi,Eau de Parfum 100ml,Beauty,1,2095,2095,CUST-61140,Marketplace
UK-2026-104231,2026-06-21,Central,Indore,43-inch Smart TV,Electronics,1,25057,25057,CUST-61024,App
UK-2026-103827,2026-05-04,North,Gurugram,Face Wash Combo,Beauty,2,460,920,CUST-41560,App
UK-2026-102621,2026-04-13,West,Pune,Noise-Cancelling Headphones,Electronics,1,9311,9311,CUST-42353,Website
UK-2026-102465,2026-04-09,East,Guwahati,Non-Stick Cookware Set,Home & Kitchen,1,2867,2867,CUST-87040,Marketplace
UK-2026-100643,2026-01-09,South,Bengaluru,Denim Jacket,Fashion,1,2260,2260,CUST-58907,App
UK-2026-103247,2026-05-12,West,Ahmedabad,Vitamin C Serum,Beauty,2,733,1466,CUST-25459,App
UK-2026-101253,2026-02-19,East,Bhubaneswar,Ethnic Dupatta,Fashion,1,512,512,CUST-35964,App
UK-2026-103474,2026-05-14,North,Gurugram,Smart Watch X2,Electronics,1,4692,4692,CUST-74366,App
UK-2026-104693,2026-06-07,South,Kochi,Noise-Cancelling Headphones,Electronics,1,9239,9239,CUST-92058,App
UK-2026-100296,2026-01-24,North,Gurugram,Non-Stick Cookware Set,Home & Kitchen,1,3020,3020,CUST-10530,App
UK-2026-103828,2026-05-27,West,Surat,Robot Vacuum R7,Home & Kitchen,2,18984,37968,CUST-53171,Marketplace
UK-2026-104959,2026-06-13,South,Kochi,Adjustable Dumbbells 15kg,Sports,2,4881,9762,CUST-34539,App
UK-2026-102633,2026-04-11,North,Gurugram,Modern Wall Clock,Home & Kitchen,1,765,765,CUST-94401,Website
UK-2026-101181,2026-02-24,West,Pune,Dinner Set 24pc,Home & Kitchen,1,2486,2486,CUST-63845,Website
UK-2026-100967,2026-02-12,North,Noida,Adjustable Dumbbells 15kg,Sports,4,5061,20244,CUST-28408,App
UK-2026-104014,2026-05-31,East,Guwahati,Electric Kettle 1.5L,Home & Kitchen,4,1136,4544,CUST-35015,Website
UK-2026-104992,2026-06-16,Central,Raipur,Beard Grooming Kit,Beauty,1,971,971,CUST-71518,App
UK-2026-100216,2026-01-19,North,Noida,Bluetooth Speaker Mini,Electronics,1,1445,1445,CUST-13211,Website
UK-2026-104659,2026-06-21,Central,Nagpur,Noise-Cancelling Headphones,Electronics,2,8741,17482,CUST-83327,Website
UK-2026-100794,2026-02-15,South,Hyderabad,Bluetooth Speaker Mini,Electronics,1,1495,1495,CUST-47113,Website
UK-2026-102615,2026-04-20,West,Ahmedabad,Sunscreen SPF50,Beauty,2,531,1062,CUST-38764,Marketplace
UK-2026-101440,2026-02-15,West,Ahmedabad,Ethnic Dupatta,Fashion,1,517,517,CUST-48108,App
UK-2026-101061,2026-02-06,South,Chennai,Slim Fit Jeans,Fashion,1,1548,1548,CUST-79581,App
UK-2026-102044,2026-03-24,North,Delhi,Air Fryer 5L,Home & Kitchen,1,5732,5732,CUST-86527,Website
UK-2026-100828,2026-02-04,West,Pune,Air Fryer 5L,Home & Kitchen,2,5716,11432,CUST-27388,Website
UK-2026-104569,2026-06-09,North,Gurugram,Bluetooth Speaker Mini,Electronics,2,1439,2878,CUST-13069,Marketplace
UK-2026-100506,2026-01-27,South,Hyderabad,Noise-Cancelling Headphones,Electronics,1,9305,9305,CUST-99067,Website
UK-2026-101743,2026-03-24,South,Hyderabad,43-inch Smart TV,Electronics,1,26117,26117,CUST-25728,Marketplace
UK-2026-102152,2026-03-12,North,Chandigarh,Makeup Brush Set,Beauty,2,1243,2486,CUST-83960,App
UK-2026-101161,2026-02-15,South,Kochi,Cotton Bedsheet Set,Home & Kitchen,1,1448,1448,CUST-86928,Website
UK-2026-103574,2026-05-22,West,Mumbai,Cotton Kurta Set,Fashion,1,1282,1282,CUST-54189,Marketplace
UK-2026-102529,2026-04-13,North,Chandigarh,43-inch Smart TV,Electronics,2,26586,53172,CUST-91033,Website
UK-2026-104816,2026-06-07,West,Surat,Ultrabook Air 14,Electronics,2,28658,57316,CUST-66131,Marketplace
UK-2026-101257,2026-02-19,North,Noida,Ionic Hair Dryer,Beauty,1,1842,1842,CUST-12915,App
UK-2026-100852,2026-02-27,West,Ahmedabad,Air Fryer 5L,Home & Kitchen,1,5736,5736,CUST-63759,App
UK-2026-101864,2026-03-06,Central,Indore,Air Fryer 5L,Home & Kitchen,1,5737,5737,CUST-78168,Marketplace
UK-2026-103752,2026-05-06,West,Pune,Wireless Earbuds Pro,Electronics,2,2959,5918,CUST-10275,App
UK-2026-103054,2026-04-24,West,Surat,Power Bank 20000mAh,Electronics,1,1719,1719,CUST-55077,App
UK-2026-100835,2026-02-08,West,Mumbai,Smart Watch X2,Electronics,1,4623,4623,CUST-45853,Website
UK-2026-104007,2026-05-16,South,Chennai,Wireless Earbuds Pro,Electronics,3,2856,8568,CUST-32065,App
UK-2026-101597,2026-03-13,North,Noida,Power Bank 20000mAh,Electronics,1,1831,1831,CUST-65315,Website
UK-2026-101481,2026-03-15,Central,Bhopal,Robot Vacuum R7,Home & Kitchen,1,19660,19660,CUST-80925,App
UK-2026-101206,2026-02-14,North,Chandigarh,Vitamin C Serum,Beauty,2,705,1410,CUST-85060,Website
UK-2026-101761,2026-03-08,Central,Nagpur,Ultrabook Air 14,Electronics,1,29230,29230,CUST-71133,Website
UK-2026-103101,2026-05-07,East,Kolkata,Power Bank 20000mAh,Electronics,1,1754,1754,CUST-30222,Marketplace
UK-2026-102090,2026-03-26,West,Surat,Yoga Mat Pro,Sports,1,1227,1227,CUST-95839,Marketplace
UK-2026-102709,2026-04-16,East,Kolkata,Modern Wall Clock,Home & Kitchen,4,826,3304,CUST-18318,Website
UK-2026-102824,2026-04-29,Central,Bhopal,Electric Kettle 1.5L,Home & Kitchen,2,1072,2144,CUST-85805,App
UK-2026-101782,2026-03-24,South,Bengaluru,Non-Stick Cookware Set,Home & Kitchen,2,2939,5878,CUST-22429,App
UK-2026-103665,2026-05-27,South,Bengaluru,Air Fryer 5L,Home & Kitchen,3,5299,15897,CUST-96725,Marketplace
UK-2026-104562,2026-06-15,East,Kolkata,Air Fryer 5L,Home & Kitchen,1,5516,5516,CUST-56465,App
UK-2026-100608,2026-01-18,South,Kochi,Dinner Set 24pc,Home & Kitchen,3,2425,7275,CUST-48111,Website
UK-2026-100253,2026-01-28,North,Noida,Yoga Mat Pro,Sports,1,1242,1242,CUST-82808,Website
UK-2026-100704,2026-01-16,South,Chennai,Ultrabook Air 14,Electronics,1,29005,29005,CUST-79590,App
UK-2026-104805,2026-06-15,South,Bengaluru,Silk Saree,Fashion,2,3581,7162,CUST-26682,Website
UK-2026-103073,2026-04-19,North,Gurugram,Foldable Treadmill T2,Sports,1,25254,25254,CUST-28921,App
UK-2026-104683,2026-06-21,North,Delhi,Air Fryer 5L,Home & Kitchen,1,5744,5744,CUST-34265,App
UK-2026-103720,2026-05-20,Central,Raipur,Eau de Parfum 100ml,Beauty,1,1930,1930,CUST-12789,App
UK-2026-100769,2026-02-02,South,Kochi,Slim Fit Jeans,Fashion,1,1569,1569,CUST-60602,Website
UK-2026-102120,2026-03-26,East,Guwahati,Running Sneakers,Fashion,1,2779,2779,CUST-51163,App
UK-2026-101827,2026-03-23,West,Pune,Beard Grooming Kit,Beauty,1,1017,1017,CUST-31463,Website
UK-2026-104775,2026-06-29,South,Bengaluru,Mixer Grinder 750W,Home & Kitchen,2,3284,6568,CUST-71843,App
UK-2026-103420,2026-05-23,West,Mumbai,43-inch Smart TV,Electronics,2,26731,53462,CUST-34340,Marketplace
UK-2026-104702,2026-06-18,East,Guwahati,Dinner Set 24pc,Home & Kitchen,1,2549,2549,CUST-29212,Website
UK-2026-100073,2026-01-28,West,Surat,Badminton Racket Set,Sports,2,2406,4812,CUST-41019,App
UK-2026-101362,2026-02-01,South,Hyderabad,Badminton Racket Set,Sports,1,2446,2446,CUST-81932,Marketplace
UK-2026-102416,2026-04-06,Central,Bhopal,Robot Vacuum R7,Home & Kitchen,1,18514,18514,CUST-55788,Website
UK-2026-104435,2026-06-30,North,Chandigarh,Cotton Bedsheet Set,Home & Kitchen,2,1372,2744,CUST-84202,Marketplace
UK-2026-104746,2026-06-01,North,Gurugram,Running Sneakers,Fashion,2,2787,5574,CUST-10983,App
UK-2026-100464,2026-01-29,East,Kolkata,Modern Wall Clock,Home & Kitchen,1,838,838,CUST-17468,App
UK-2026-103618,2026-05-15,North,Delhi,Mixer Grinder 750W,Home & Kitchen,3,3377,10131,CUST-81160,Website
UK-2026-100523,2026-01-30,East,Kolkata,Dinner Set 24pc,Home & Kitchen,3,2500,7500,CUST-62087,Marketplace
UK-2026-104645,2026-06-10,West,Ahmedabad,Modern Wall Clock,Home & Kitchen,2,795,1590,CUST-58488,App
UK-2026-104306,2026-06-30,West,Ahmedabad,Running Sneakers,Fashion,1,2738,2738,CUST-12975,Marketplace
UK-2026-100375,2026-01-30,South,Hyderabad,Smart Watch X2,Electronics,1,4521,4521,CUST-41654,App
UK-2026-103896,2026-05-20,North,Gurugram,Ionic Hair Dryer,Beauty,1,1932,1932,CUST-53739,App
UK-2026-103410,2026-05-24,North,Gurugram,Electric Kettle 1.5L,Home & Kitchen,1,1109,1109,CUST-23591,App
UK-2026-101316,2026-02-09,West,Pune,Electric Kettle 1.5L,Home & Kitchen,2,1133,2266,CUST-79600,App
UK-2026-104013,2026-05-14,Central,Raipur,Electric Kettle 1.5L,Home & Kitchen,2,1112,2224,CUST-86073,App
UK-2026-101857,2026-03-30,North,Delhi,Gym Gloves,Sports,1,483,483,CUST-19570,Website
UK-2026-100786,2026-02-08,South,Bengaluru,Noise-Cancelling Headphones,Electronics,1,9167,9167,CUST-64183,App
UK-2026-103356,2026-05-28,West,Surat,Cycling Helmet,Sports,1,1550,1550,CUST-84861,App
UK-2026-103003,2026-04-25,West,Ahmedabad,Leather Wallet,Fashion,1,876,876,CUST-34168,Website
UK-2026-103865,2026-05-15,Central,Raipur,Ethnic Dupatta,Fashion,1,503,503,CUST-33040,Website
UK-2026-104186,2026-06-28,North,Gurugram,Cycling Helmet,Sports,1,1605,1605,CUST-86726,Website
UK-2026-102149,2026-03-20,Central,Bhopal,Leather Wallet,Fashion,2,892,1784,CUST-94736,App
UK-2026-101664,2026-03-29,South,Kochi,Sunscreen SPF50,Beauty,1,552,552,CUST-28938,App
UK-2026-101676,2026-03-10,South,Kochi,Denim Jacket,Fashion,1,2144,2144,CUST-43835,App
UK-2026-100543,2026-01-08,East,Patna,Beard Grooming Kit,Beauty,1,1020,1020,CUST-92789,Website
UK-2026-100696,2026-01-25,South,Kochi,Wireless Earbuds Pro,Electronics,1,3028,3028,CUST-65942,Website
UK-2026-101826,2026-03-12,West,Mumbai,Sunscreen SPF50,Beauty,1,547,547,CUST-46349,Website
UK-2026-103781,2026-05-20,North,Delhi,Electric Kettle 1.5L,Home & Kitchen,1,1115,1115,CUST-53836,App
UK-2026-100658,2026-01-24,North,Chandigarh,Electric Kettle 1.5L,Home & Kitchen,1,1066,1066,CUST-91334,Website
UK-2026-104454,2026-06-26,Central,Indore,Leather Wallet,Fashion,1,925,925,CUST-36879,Website
UK-2026-100268,2026-01-03,West,Ahmedabad,Gym Gloves,Sports,1,523,523,CUST-50900,App
UK-2026-103216,2026-05-14,South,Hyderabad,Ultrabook Air 14,Electronics,1,29700,29700,CUST-80580,App
UK-2026-104660,2026-06-28,South,Hyderabad,Formal Shirt,Fashion,1,1089,1089,CUST-95993,App
UK-2026-104278,2026-06-10,Central,Nagpur,Face Wash Combo,Beauty,1,471,471,CUST-18093,App
UK-2026-104956,2026-06-01,West,Pune,Makeup Brush Set,Beauty,1,1330,1330,CUST-23451,App
UK-2026-102641,2026-04-01,South,Chennai,Running Sneakers,Fashion,1,2689,2689,CUST-89518,Website
UK-2026-102068,2026-03-24,South,Bengaluru,Dinner Set 24pc,Home & Kitchen,1,2454,2454,CUST-26265,Website
UK-2026-104913,2026-06-16,East,Patna,Mixer Grinder 750W,Home & Kitchen,1,3163,3163,CUST-76231,App
UK-2026-100052,2026-01-27,North,Gurugram,Ultrabook Air 14,Electronics,1,30195,30195,CUST-87649,Website
UK-2026-100951,2026-02-20,Central,Bhopal,Matte Lipstick Set,Beauty,1,935,935,CUST-67862,Website
UK-2026-102597,2026-04-02,North,Gurugram,Denim Jacket,Fashion,1,2211,2211,CUST-39276,Website
UK-2026-104099,2026-06-20,West,Pune,Leather Wallet,Fashion,1,866,866,CUST-86362,Website
UK-2026-101123,2026-02-17,North,Delhi,Ethnic Dupatta,Fashion,2,475,950,CUST-26245,App
UK-2026-101453,2026-03-11,Central,Nagpur,Ethnic Dupatta,Fashion,1,505,505,CUST-13347,App
UK-2026-100842,2026-02-18,Central,Raipur,Mixer Grinder 750W,Home & Kitchen,1,3323,3323,CUST-35964,App
UK-2026-103412,2026-05-18,East,Guwahati,Football Size 5,Sports,1,869,869,CUST-26245,Marketplace
UK-2026-101891,2026-03-16,South,Kochi,Matte Lipstick Set,Beauty,1,872,872,CUST-70180,App
UK-2026-101921,2026-03-15,East,Patna,43-inch Smart TV,Electronics,1,25334,25334,CUST-93896,Website
UK-2026-104428,2026-06-15,Central,Bhopal,Mirrorless Camera Lite,Electronics,1,28334,28334,CUST-31481,App
UK-2026-101904,2026-03-19,West,Ahmedabad,Foldable Treadmill T2,Sports,2,24963,49926,CUST-51587,Website
UK-2026-100113,2026-01-27,West,Surat,Gym Gloves,Sports,1,497,497,CUST-46394,App
UK-2026-103279,2026-05-25,North,Gurugram,Slim Fit Jeans,Fashion,4,1599,6396,CUST-80200,App
UK-2026-103168,2026-05-31,North,Chandigarh,Mirrorless Camera Lite,Electronics,1,28190,28190,CUST-76457,Marketplace
UK-2026-104436,2026-06-30,South,Hyderabad,Formal Shirt,Fashion,2,1066,2132,CUST-69460,Website
UK-2026-101510,2026-03-05,West,Pune,Noise-Cancelling Headphones,Electronics,1,9315,9315,CUST-77320,App
UK-2026-102695,2026-04-05,South,Kochi,Matte Lipstick Set,Beauty,3,883,2649,CUST-24530,App
UK-2026-101763,2026-03-29,South,Kochi,Denim Jacket,Fashion,1,2115,2115,CUST-88714,Website
UK-2026-103061,2026-04-07,North,Gurugram,Power Bank 20000mAh,Electronics,1,1851,1851,CUST-99146,App
UK-2026-100703,2026-01-09,South,Hyderabad,Cotton Kurta Set,Fashion,1,1307,1307,CUST-73389,App
UK-2026-100997,2026-02-02,North,Noida,Sunscreen SPF50,Beauty,4,530,2120,CUST-54999,App
UK-2026-100918,2026-02-08,North,Chandigarh,Smart Watch X2,Electronics,1,4415,4415,CUST-24070,Marketplace
UK-2026-102257,2026-04-02,East,Guwahati,Eau de Parfum 100ml,Beauty,4,2075,8300,CUST-88117,App
UK-2026-103909,2026-05-04,North,Delhi,Leather Wallet,Fashion,2,923,1846,CUST-94869,Website
UK-2026-101855,2026-03-06,North,Delhi,Ionic Hair Dryer,Beauty,2,1831,3662,CUST-72166,App
UK-2026-103248,2026-05-01,West,Ahmedabad,Silk Saree,Fashion,1,3324,3324,CUST-22494,App
UK-2026-101551,2026-03-15,Central,Indore,Ultrabook Air 14,Electronics,1,30234,30234,CUST-42165,App
UK-2026-104266,2026-06-14,West,Mumbai,43-inch Smart TV,Electronics,2,25741,51482,CUST-99506,Marketplace
UK-2026-100010,2026-01-01,West,Mumbai,Dinner Set 24pc,Home & Kitchen,1,2420,2420,CUST-11777,Website
UK-2026-102862,2026-04-05,South,Kochi,Cotton Kurta Set,Fashion,1,1276,1276,CUST-34049,Marketplace
UK-2026-101333,2026-02-11,South,Kochi,Cotton Bedsheet Set,Home & Kitchen,1,1413,1413,CUST-39523,Marketplace
UK-2026-100525,2026-01-09,North,Gurugram,Wireless Earbuds Pro,Electronics,1,3063,3063,CUST-74705,Marketplace
UK-2026-102508,2026-04-12,South,Chennai,Matte Lipstick Set,Beauty,2,866,1732,CUST-38207,Marketplace
UK-2026-103117,2026-05-23,South,Chennai,Smart Watch X2,Electronics,1,4632,4632,CUST-54223,Marketplace
UK-2026-103102,2026-05-14,North,Gurugram,Ionic Hair Dryer,Beauty,1,1821,1821,CUST-67830,App
UK-2026-103898,2026-05-02,East,Patna,Face Wash Combo,Beauty,1,465,465,CUST-34950,App
UK-2026-102911,2026-04-29,North,Chandigarh,Power Bank 20000mAh,Electronics,2,1848,3696,CUST-73389,Marketplace
UK-2026-104887,2026-06-11,North,Noida,Matte Lipstick Set,Beauty,1,873,873,CUST-41300,App
UK-2026-101811,2026-03-26,North,Noida,Smart Watch X2,Electronics,4,4677,18708,CUST-87040,Marketplace
UK-2026-100960,2026-02-21,North,Chandigarh,Cotton Bedsheet Set,Home & Kitchen,1,1418,1418,CUST-90880,App
UK-2026-103874,2026-05-25,North,Delhi,Mirrorless Camera Lite,Electronics,2,29363,58726,CUST-81087,App
UK-2026-101952,2026-03-20,East,Bhubaneswar,Cotton Kurta Set,Fashion,1,1326,1326,CUST-10431,Website
UK-2026-102989,2026-04-23,Central,Indore,43-inch Smart TV,Electronics,1,25291,25291,CUST-75488,Marketplace
UK-2026-101914,2026-03-01,South,Hyderabad,Football Size 5,Sports,1,858,858,CUST-79237,Marketplace
UK-2026-100488,2026-01-07,North,Chandigarh,Ionic Hair Dryer,Beauty,2,1974,3948,CUST-36476,App
UK-2026-100282,2026-01-17,North,Gurugram,Eau de Parfum 100ml,Beauty,1,1991,1991,CUST-29684,Website
UK-2026-102445,2026-04-02,South,Chennai,Ethnic Dupatta,Fashion,2,514,1028,CUST-77266,App
UK-2026-103127,2026-05-28,South,Bengaluru,Slim Fit Jeans,Fashion,1,1663,1663,CUST-42689,App
UK-2026-100861,2026-02-26,South,Chennai,Bluetooth Speaker Mini,Electronics,1,1458,1458,CUST-17206,App
UK-2026-104799,2026-06-11,Central,Bhopal,Foldable Treadmill T2,Sports,1,24911,24911,CUST-58551,Marketplace
UK-2026-100995,2026-02-07,North,Noida,Robot Vacuum R7,Home & Kitchen,1,18791,18791,CUST-38922,App
UK-2026-103595,2026-05-24,North,Delhi,43-inch Smart TV,Electronics,1,25370,25370,CUST-91369,App
UK-2026-102084,2026-03-09,West,Mumbai,Vitamin C Serum,Beauty,1,706,706,CUST-57661,App
UK-2026-102173,2026-03-17,East,Patna,Smart Watch X2,Electronics,1,4504,4504,CUST-32571,Marketplace
UK-2026-103516,2026-05-09,South,Chennai,Mirrorless Camera Lite,Electronics,3,27646,82938,CUST-17468,Marketplace
UK-2026-100160,2026-01-06,East,Kolkata,Cycling Helmet,Sports,3,1562,4686,CUST-53188,App
UK-2026-102306,2026-04-12,South,Chennai,Denim Jacket,Fashion,1,2111,2111,CUST-77804,Website
UK-2026-104481,2026-06-12,South,Hyderabad,Adjustable Dumbbells 15kg,Sports,1,4802,4802,CUST-60456,App
UK-2026-103380,2026-05-12,South,Kochi,Air Fryer 5L,Home & Kitchen,1,5388,5388,CUST-73389,Website
UK-2026-100699,2026-01-19,Central,Bhopal,Silk Saree,Fashion,1,3586,3586,CUST-92181,App
UK-2026-102011,2026-03-03,North,Noida,Ethnic Dupatta,Fashion,2,487,974,CUST-13050,App
UK-2026-101319,2026-02-05,South,Bengaluru,Dinner Set 24pc,Home & Kitchen,1,2599,2599,CUST-97832,Website
UK-2026-100551,2026-01-16,West,Surat,Football Size 5,Sports,1,880,880,CUST-33040,Marketplace
UK-2026-104155,2026-06-02,South,Hyderabad,Ethnic Dupatta,Fashion,3,499,1497,CUST-85559,Marketplace
UK-2026-104258,2026-06-21,East,Patna,Beard Grooming Kit,Beauty,1,1012,1012,CUST-29144,App
UK-2026-100931,2026-02-22,North,Chandigarh,Denim Jacket,Fashion,1,2217,2217,CUST-69616,App
UK-2026-103214,2026-05-11,West,Surat,Bluetooth Speaker Mini,Electronics,1,1525,1525,CUST-81364,Marketplace
UK-2026-103923,2026-05-17,North,Noida,Electric Kettle 1.5L,Home & Kitchen,1,1081,1081,CUST-97436,App
UK-2026-103033,2026-04-19,North,Chandigarh,Ionic Hair Dryer,Beauty,1,1857,1857,CUST-71518,Website
UK-2026-100682,2026-01-30,South,Chennai,Wireless Earbuds Pro,Electronics,1,2925,2925,CUST-40687,App
UK-2026-104936,2026-06-25,South,Hyderabad,Wireless Earbuds Pro,Electronics,1,2871,2871,CUST-39276,Marketplace
UK-2026-103006,2026-04-02,South,Hyderabad,Mirrorless Camera Lite,Electronics,1,27634,27634,CUST-15977,Marketplace
UK-2026-103293,2026-05-16,East,Kolkata,Mixer Grinder 750W,Home & Kitchen,2,3441,6882,CUST-38207,Website
UK-2026-101294,2026-02-18,South,Bengaluru,Electric Kettle 1.5L,Home & Kitchen,2,1046,2092,CUST-25773,Website
UK-2026-102871,2026-04-04,South,Kochi,Cotton Kurta Set,Fashion,1,1303,1303,CUST-33040,Marketplace
UK-2026-104967,2026-06-19,North,Delhi,Non-Stick Cookware Set,Home & Kitchen,1,2850,2850,CUST-54223,App
UK-2026-102836,2026-04-25,West,Pune,Adjustable Dumbbells 15kg,Sports,2,5031,10062,CUST-92590,App
UK-2026-100323,2026-01-23,East,Guwahati,Modern Wall Clock,Home & Kitchen,2,795,1590,CUST-86540,App
UK-2026-101577,2026-03-12,North,Delhi,Noise-Cancelling Headphones,Electronics,1,9190,9190,CUST-28448,Website
UK-2026-103392,2026-05-08,South,Bengaluru,Badminton Racket Set,Sports,1,2535,2535,CUST-79165,Website
UK-2026-101957,2026-03-11,Central,Indore,Smart Watch X2,Electronics,1,4429,4429,CUST-12378,Website
UK-2026-101970,2026-03-11,South,Bengaluru,Bluetooth Speaker Mini,Electronics,1,1456,1456,CUST-18423,App
UK-2026-103731,2026-05-01,South,Bengaluru,Sunscreen SPF50,Beauty,1,542,542,CUST-63937,App
UK-2026-100155,2026-01-30,East,Bhubaneswar,Vitamin C Serum,Beauty,1,729,729,CUST-77071,Website
UK-2026-101663,2026-03-29,North,Gurugram,Formal Shirt,Fashion,1,1094,1094,CUST-85905,Marketplace
UK-2026-102362,2026-04-09,West,Ahmedabad,Ionic Hair Dryer,Beauty,2,1916,3832,CUST-56733,App
UK-2026-102196,2026-03-24,West,Ahmedabad,Badminton Racket Set,Sports,1,2563,2563,CUST-67887,App
UK-2026-101199,2026-02-01,North,Chandigarh,Air Fryer 5L,Home & Kitchen,2,5488,10976,CUST-41090,Marketplace
UK-2026-103507,2026-05-10,North,Delhi,Wireless Earbuds Pro,Electronics,1,2892,2892,CUST-29730,Marketplace
UK-2026-102277,2026-04-18,North,Delhi,Robot Vacuum R7,Home & Kitchen,1,19337,19337,CUST-77937,Website
UK-2026-101438,2026-02-20,South,Kochi,43-inch Smart TV,Electronics,1,25390,25390,CUST-16694,Website
UK-2026-103056,2026-04-22,South,Bengaluru,Cotton Bedsheet Set,Home & Kitchen,2,1444,2888,CUST-48231,App
UK-2026-100809,2026-02-04,South,Hyderabad,Non-Stick Cookware Set,Home & Kitchen,1,3028,3028,CUST-90625,Website
UK-2026-103364,2026-05-22,East,Bhubaneswar,Eau de Parfum 100ml,Beauty,1,2033,2033,CUST-86928,App
UK-2026-101145,2026-02-02,North,Chandigarh,Running Sneakers,Fashion,1,2667,2667,CUST-77071,App
UK-2026-104274,2026-06-30,South,Kochi,Leather Wallet,Fashion,1,904,904,CUST-37617,Website
UK-2026-101357,2026-02-14,South,Bengaluru,Power Bank 20000mAh,Electronics,1,1825,1825,CUST-55925,Website
UK-2026-104888,2026-06-28,Central,Bhopal,43-inch Smart TV,Electronics,1,25533,25533,CUST-66473,Marketplace
UK-2026-101653,2026-03-23,West,Ahmedabad,Bluetooth Speaker Mini,Electronics,1,1516,1516,CUST-13468,App
UK-2026-100192,2026-01-23,North,Chandigarh,Slim Fit Jeans,Fashion,1,1536,1536,CUST-73238,App
UK-2026-102214,2026-03-16,North,Chandigarh,Smart Watch X2,Electronics,1,4338,4338,CUST-62994,Website
UK-2026-102637,2026-04-21,West,Mumbai,43-inch Smart TV,Electronics,1,26162,26162,CUST-70180,Website
UK-2026-104300,2026-06-25,South,Bengaluru,Dinner Set 24pc,Home & Kitchen,1,2585,2585,CUST-28153,App
UK-2026-102007,2026-03-27,South,Hyderabad,Power Bank 20000mAh,Electronics,1,1803,1803,CUST-88904,Marketplace
UK-2026-104441,2026-06-17,West,Mumbai,Cotton Bedsheet Set,Home & Kitchen,2,1405,2810,CUST-21826,App
UK-2026-104712,2026-06-20,North,Gurugram,Dinner Set 24pc,Home & Kitchen,1,2571,2571,CUST-64496,Website
UK-2026-102933,2026-04-06,South,Bengaluru,43-inch Smart TV,Electronics,2,24803,49606,CUST-21363,Website
UK-2026-103985,2026-05-13,Central,Indore,Makeup Brush Set,Beauty,2,1346,2692,CUST-84202,App
UK-2026-104440,2026-06-15,South,Chennai,Wireless Earbuds Pro,Electronics,1,2950,2950,CUST-88180,Marketplace
UK-2026-104373,2026-06-21,South,Chennai,Cotton Bedsheet Set,Home & Kitchen,2,1406,2812,CUST-71518,Marketplace
UK-2026-104491,2026-06-29,South,Kochi,Modern Wall Clock,Home & Kitchen,1,800,800,CUST-86292,Website
UK-2026-103622,2026-05-07,East,Bhubaneswar,Smart Watch X2,Electronics,4,4291,17164,CUST-12691,App
UK-2026-103370,2026-05-04,West,Mumbai,Air Fryer 5L,Home & Kitchen,1,5258,5258,CUST-18093,Website
UK-2026-100753,2026-02-05,West,Mumbai,Non-Stick Cookware Set,Home & Kitchen,2,2951,5902,CUST-40908,Marketplace
UK-2026-104969,2026-06-23,West,Pune,Electric Kettle 1.5L,Home & Kitchen,1,1108,1108,CUST-56209,App
UK-2026-103701,2026-05-19,North,Gurugram,Electric Kettle 1.5L,Home & Kitchen,2,1113,2226,CUST-96333,Website
UK-2026-101642,2026-03-22,East,Patna,Running Sneakers,Fashion,1,2782,2782,CUST-84202,App
UK-2026-104211,2026-06-23,North,Gurugram,Matte Lipstick Set,Beauty,3,916,2748,CUST-29431,App
UK-2026-104072,2026-06-24,North,Gurugram,Slim Fit Jeans,Fashion,1,1619,1619,CUST-79828,Marketplace
UK-2026-101435,2026-02-04,South,Kochi,Sunscreen SPF50,Beauty,1,545,545,CUST-20543,Website
UK-2026-101856,2026-03-27,West,Surat,Running Sneakers,Fashion,1,2846,2846,CUST-77180,Marketplace
UK-2026-101967,2026-03-24,West,Pune,Electric Kettle 1.5L,Home & Kitchen,1,1152,1152,CUST-54778,App
UK-2026-100165,2026-01-31,North,Gurugram,Beard Grooming Kit,Beauty,1,1026,1026,CUST-83635,App
UK-2026-102842,2026-04-11,North,Noida,Running Sneakers,Fashion,2,2840,5680,CUST-91347,Website
UK-2026-104055,2026-06-16,South,Hyderabad,Bluetooth Speaker Mini,Electronics,2,1468,2936,CUST-68296,Marketplace
UK-2026-103461,2026-05-21,Central,Indore,Air Fryer 5L,Home & Kitchen,2,5321,10642,CUST-89493,Website
UK-2026-100850,2026-02-19,East,Patna,Non-Stick Cookware Set,Home & Kitchen,1,2838,2838,CUST-54870,Website
UK-2026-100661,2026-01-20,North,Delhi,Cycling Helmet,Sports,1,1606,1606,CUST-10587,Website
UK-2026-104677,2026-06-14,South,Kochi,Ethnic Dupatta,Fashion,1,486,486,CUST-79237,App
UK-2026-102801,2026-04-07,North,Chandigarh,Ultrabook Air 14,Electronics,2,30017,60034,CUST-33219,App
UK-2026-104223,2026-06-06,North,Gurugram,Air Fryer 5L,Home & Kitchen,1,5613,5613,CUST-21734,Website
UK-2026-103179,2026-05-08,North,Delhi,Power Bank 20000mAh,Electronics,1,1741,1741,CUST-49997,App
UK-2026-103957,2026-05-09,South,Chennai,Power Bank 20000mAh,Electronics,1,1850,1850,CUST-77029,Website
UK-2026-102407,2026-04-30,East,Bhubaneswar,Formal Shirt,Fashion,1,1079,1079,CUST-24530,Marketplace
UK-2026-102542,2026-04-06,South,Chennai,Modern Wall Clock,Home & Kitchen,1,816,816,CUST-97308,Website
UK-2026-103530,2026-05-02,West,Mumbai,Noise-Cancelling Headphones,Electronics,2,8620,17240,CUST-60855,App
UK-2026-100172,2026-01-21,South,Hyderabad,Formal Shirt,Fashion,2,1117,2234,CUST-21295,Website
UK-2026-103278,2026-05-12,South,Chennai,Wireless Earbuds Pro,Electronics,4,2941,11764,CUST-28066,App
UK-2026-101650,2026-03-08,South,Kochi,Silk Saree,Fashion,1,3525,3525,CUST-49613,App
UK-2026-102220,2026-03-11,North,Noida,Sunscreen SPF50,Beauty,1,533,533,CUST-99621,App
UK-2026-104568,2026-06-10,South,Hyderabad,Noise-Cancelling Headphones,Electronics,2,8774,17548,CUST-34464,Marketplace
UK-2026-102025,2026-03-05,South,Kochi,Beard Grooming Kit,Beauty,1,984,984,CUST-21477,Website
UK-2026-102086,2026-03-26,West,Surat,Sunscreen SPF50,Beauty,1,568,568,CUST-26633,Website
UK-2026-102023,2026-03-11,North,Chandigarh,Cycling Helmet,Sports,1,1536,1536,CUST-84480,Website
UK-2026-100293,2026-01-26,West,Pune,Matte Lipstick Set,Beauty,1,883,883,CUST-79271,Website
UK-2026-100299,2026-01-10,West,Mumbai,Cotton Kurta Set,Fashion,1,1241,1241,CUST-99774,Marketplace
UK-2026-101950,2026-03-03,Central,Nagpur,Electric Kettle 1.5L,Home & Kitchen,1,1142,1142,CUST-17172,Website
UK-2026-103365,2026-05-02,East,Bhubaneswar,Ethnic Dupatta,Fashion,1,509,509,CUST-54700,App
UK-2026-100313,2026-01-24,East,Patna,Makeup Brush Set,Beauty,1,1302,1302,CUST-25194,App
UK-2026-103170,2026-05-12,Central,Raipur,Modern Wall Clock,Home & Kitchen,1,818,818,CUST-41451,App
UK-2026-102552,2026-04-13,South,Hyderabad,Power Bank 20000mAh,Electronics,1,1886,1886,CUST-54148,Marketplace
UK-2026-102823,2026-04-07,Central,Nagpur,Cricket Bat English Willow,Sports,1,8970,8970,CUST-65757,Website
UK-2026-103337,2026-05-17,South,Chennai,Ionic Hair Dryer,Beauty,1,1992,1992,CUST-71100,Website
UK-2026-104950,2026-06-11,West,Mumbai,Dinner Set 24pc,Home & Kitchen,1,2470,2470,CUST-26733,Marketplace
UK-2026-101432,2026-02-20,West,Pune,Yoga Mat Pro,Sports,1,1175,1175,CUST-76251,Marketplace
UK-2026-103268,2026-05-26,North,Chandigarh,Beard Grooming Kit,Beauty,3,1003,3009,CUST-88657,Website
UK-2026-100189,2026-01-05,South,Kochi,Football Size 5,Sports,2,890,1780,CUST-80471,App
UK-2026-100096,2026-01-19,South,Kochi,Smart Watch X2,Electronics,1,4563,4563,CUST-29972,Marketplace
UK-2026-100668,2026-01-06,East,Bhubaneswar,Ultrabook Air 14,Electronics,4,30930,123720,CUST-26643,App
UK-2026-104707,2026-06-03,Central,Raipur,Ionic Hair Dryer,Beauty,1,1911,1911,CUST-13211,Marketplace
UK-2026-103274,2026-05-17,West,Mumbai,Noise-Cancelling Headphones,Electronics,1,9056,9056,CUST-51288,App
UK-2026-102491,2026-04-01,West,Mumbai,Cotton Kurta Set,Fashion,1,1310,1310,CUST-73857,Website
UK-2026-101266,2026-02-01,South,Kochi,Ultrabook Air 14,Electronics,1,30242,30242,CUST-66131,App
UK-2026-100853,2026-02-09,East,Kolkata,Foldable Treadmill T2,Sports,1,24511,24511,CUST-25459,App
UK-2026-102700,2026-04-29,North,Gurugram,Yoga Mat Pro,Sports,1,1200,1200,CUST-68553,App
UK-2026-102141,2026-03-09,East,Bhubaneswar,Silk Saree,Fashion,1,3430,3430,CUST-38211,App
UK-2026-102685,2026-04-09,Central,Nagpur,Makeup Brush Set,Beauty,1,1336,1336,CUST-99797,Website
UK-2026-101056,2026-02-04,South,Hyderabad,Face Wash Combo,Beauty,1,459,459,CUST-76671,Website
UK-2026-100258,2026-01-16,East,Guwahati,Face Wash Combo,Beauty,1,458,458,CUST-89543,App
UK-2026-101837,2026-03-02,Central,Indore,Denim Jacket,Fashion,2,2306,4612,CUST-85083,App
UK-2026-101540,2026-03-11,West,Mumbai,Smart Watch X2,Electronics,1,4394,4394,CUST-19282,Marketplace
UK-2026-100766,2026-02-01,South,Kochi,Leather Wallet,Fashion,1,920,920,CUST-91847,App
UK-2026-104937,2026-06-29,West,Mumbai,Leather Wallet,Fashion,4,913,3652,CUST-55964,App
UK-2026-100466,2026-01-21,North,Noida,Bluetooth Speaker Mini,Electronics,1,1456,1456,CUST-89296,Website
UK-2026-101499,2026-03-22,North,Gurugram,43-inch Smart TV,Electronics,1,25495,25495,CUST-61525,Website
UK-2026-100383,2026-01-23,West,Mumbai,Ultrabook Air 14,Electronics,1,30993,30993,CUST-67667,Website
UK-2026-104605,2026-06-18,North,Delhi,Formal Shirt,Fashion,1,1126,1126,CUST-80925,App
UK-2026-101832,2026-03-15,South,Hyderabad,Makeup Brush Set,Beauty,2,1344,2688,CUST-88423,App
UK-2026-101416,2026-02-04,West,Mumbai,Noise-Cancelling Headphones,Electronics,3,8997,26991,CUST-61525,Website
UK-2026-104167,2026-06-21,East,Bhubaneswar,Electric Kettle 1.5L,Home & Kitchen,1,1067,1067,CUST-41485,App
UK-2026-101148,2026-02-07,South,Kochi,Matte Lipstick Set,Beauty,2,938,1876,CUST-42564,App
UK-2026-103765,2026-05-07,South,Kochi,Running Sneakers,Fashion,1,2828,2828,CUST-49613,Marketplace
UK-2026-101169,2026-02-14,West,Ahmedabad,Gym Gloves,Sports,1,476,476,CUST-30872,App
UK-2026-104911,2026-06-13,West,Ahmedabad,Eau de Parfum 100ml,Beauty,2,1935,3870,CUST-93193,Website
UK-2026-102111,2026-03-14,South,Kochi,Robot Vacuum R7,Home & Kitchen,1,18624,18624,CUST-91847,App
UK-2026-100166,2026-01-15,North,Delhi,Noise-Cancelling Headphones,Electronics,2,8799,17598,CUST-75824,App
UK-2026-100267,2026-01-12,West,Ahmedabad,Cotton Kurta Set,Fashion,1,1353,1353,CUST-82605,Website
UK-2026-104538,2026-06-06,South,Chennai,Mirrorless Camera Lite,Electronics,1,30043,30043,CUST-86656,Website
UK-2026-103930,2026-05-29,South,Chennai,Vitamin C Serum,Beauty,2,722,1444,CUST-17964,Marketplace
UK-2026-101896,2026-03-24,North,Delhi,Formal Shirt,Fashion,1,1152,1152,CUST-12482,App
UK-2026-103227,2026-05-06,West,Mumbai,Beard Grooming Kit,Beauty,2,982,1964,CUST-86581,Website
UK-2026-104403,2026-06-03,East,Kolkata,Noise-Cancelling Headphones,Electronics,2,8698,17396,CUST-37491,Marketplace
UK-2026-100193,2026-01-16,South,Hyderabad,Robot Vacuum R7,Home & Kitchen,1,18327,18327,CUST-82808,Marketplace
UK-2026-101302,2026-02-26,North,Chandigarh,Ultrabook Air 14,Electronics,1,28679,28679,CUST-22935,Website
UK-2026-102381,2026-04-12,North,Chandigarh,Ionic Hair Dryer,Beauty,1,1925,1925,CUST-16266,App
UK-2026-102624,2026-04-22,South,Hyderabad,Leather Wallet,Fashion,3,861,2583,CUST-63274,App
UK-2026-104545,2026-06-18,Central,Nagpur,Non-Stick Cookware Set,Home & Kitchen,2,3000,6000,CUST-62582,App
UK-2026-101893,2026-03-24,South,Bengaluru,Mirrorless Camera Lite,Electronics,1,28777,28777,CUST-66737,Website
UK-2026-102683,2026-04-24,South,Kochi,Sunscreen SPF50,Beauty,1,529,529,CUST-58712,App
UK-2026-102799,2026-04-07,Central,Nagpur,Dinner Set 24pc,Home & Kitchen,3,2588,7764,CUST-71560,Marketplace
UK-2026-100250,2026-01-26,North,Gurugram,Noise-Cancelling Headphones,Electronics,1,8719,8719,CUST-10616,Website
UK-2026-104358,2026-06-24,South,Bengaluru,Slim Fit Jeans,Fashion,1,1575,1575,CUST-81932,Website
UK-2026-103645,2026-05-12,West,Mumbai,Power Bank 20000mAh,Electronics,1,1876,1876,CUST-32955,Marketplace
UK-2026-102228,2026-03-06,West,Surat,Leather Wallet,Fashion,1,924,924,CUST-11777,Website
UK-2026-102383,2026-04-09,West,Mumbai,Formal Shirt,Fashion,1,1149,1149,CUST-55385,App
UK-2026-103943,2026-05-16,South,Hyderabad,Air Fryer 5L,Home & Kitchen,1,5663,5663,CUST-88420,Website
UK-2026-101985,2026-03-03,Central,Indore,Yoga Mat Pro,Sports,1,1152,1152,CUST-96010,Marketplace
UK-2026-102227,2026-03-23,Central,Nagpur,Ethnic Dupatta,Fashion,2,514,1028,CUST-23417,Marketplace
UK-2026-102997,2026-04-03,East,Patna,Ionic Hair Dryer,Beauty,1,1849,1849,CUST-12648,App
UK-2026-100480,2026-01-26,North,Noida,Bluetooth Speaker Mini,Electronics,1,1514,1514,CUST-62232,Website
UK-2026-103373,2026-05-08,North,Chandigarh,Mixer Grinder 750W,Home & Kitchen,1,3411,3411,CUST-55642,Website
UK-2026-102850,2026-04-04,West,Ahmedabad,Adjustable Dumbbells 15kg,Sports,1,5141,5141,CUST-10658,App
UK-2026-101621,2026-03-16,West,Mumbai,Sunscreen SPF50,Beauty,1,523,523,CUST-94964,App
UK-2026-101820,2026-03-17,South,Kochi,Ethnic Dupatta,Fashion,2,519,1038,CUST-28066,App
UK-2026-100814,2026-02-09,North,Delhi,Cotton Bedsheet Set,Home & Kitchen,1,1454,1454,CUST-34080,Website
UK-2026-101592,2026-03-28,South,Hyderabad,Silk Saree,Fashion,1,3617,3617,CUST-82772,Website
UK-2026-102368,2026-04-04,North,Delhi,Ethnic Dupatta,Fashion,1,485,485,CUST-74225,Website
UK-2026-102448,2026-04-08,West,Pune,Smart Watch X2,Electronics,1,4473,4473,CUST-73509,Website
UK-2026-101063,2026-02-14,North,Gurugram,Beard Grooming Kit,Beauty,1,959,959,CUST-49101,Website
UK-2026-102308,2026-04-30,Central,Bhopal,Bluetooth Speaker Mini,Electronics,2,1512,3024,CUST-49787,Marketplace
UK-2026-100845,2026-02-22,Central,Indore,Formal Shirt,Fashion,1,1136,1136,CUST-30447,Website
UK-2026-101121,2026-02-23,Central,Indore,Leather Wallet,Fashion,1,928,928,CUST-35997,App
UK-2026-102664,2026-04-10,South,Chennai,Mirrorless Camera Lite,Electronics,2,29741,59482,CUST-90847,App
UK-2026-104653,2026-06-13,South,Kochi,Running Sneakers,Fashion,2,2811,5622,CUST-25875,Website
UK-2026-104407,2026-06-24,South,Chennai,Dinner Set 24pc,Home & Kitchen,1,2410,2410,CUST-11951,App
UK-2026-102618,2026-04-28,West,Surat,Wireless Earbuds Pro,Electronics,2,2902,5804,CUST-48689,Marketplace
UK-2026-102754,2026-04-15,North,Noida,Wireless Earbuds Pro,Electronics,1,3105,3105,CUST-60825,Marketplace
UK-2026-103209,2026-05-26,South,Chennai,Sunscreen SPF50,Beauty,1,562,562,CUST-65009,Website
UK-2026-104332,2026-06-29,West,Mumbai,Vitamin C Serum,Beauty,1,668,668,CUST-98040,App
UK-2026-101327,2026-02-10,South,Chennai,Cotton Bedsheet Set,Home & Kitchen,2,1354,2708,CUST-16636,Website
UK-2026-103381,2026-05-20,East,Patna,43-inch Smart TV,Electronics,2,26637,53274,CUST-85382,Website
UK-2026-104036,2026-06-08,South,Chennai,43-inch Smart TV,Electronics,1,25301,25301,CUST-90630,Website
UK-2026-100539,2026-01-06,East,Kolkata,Power Bank 20000mAh,Electronics,1,1884,1884,CUST-20500,Website
UK-2026-103453,2026-05-13,West,Surat,Leather Wallet,Fashion,1,929,929,CUST-27684,Website
UK-2026-101041,2026-02-10,Central,Nagpur,Smart Watch X2,Electronics,2,4378,8756,CUST-17479,App
UK-2026-101463,2026-03-12,Central,Nagpur,Bluetooth Speaker Mini,Electronics,1,1503,1503,CUST-67582,Website
UK-2026-104750,2026-06-11,South,Chennai,Bluetooth Speaker Mini,Electronics,1,1438,1438,CUST-46349,App
UK-2026-102798,2026-04-09,Central,Nagpur,Power Bank 20000mAh,Electronics,1,1781,1781,CUST-15151,Marketplace
UK-2026-100254,2026-01-13,West,Mumbai,Noise-Cancelling Headphones,Electronics,1,8782,8782,CUST-60695,Website
UK-2026-100609,2026-01-05,Central,Raipur,Running Sneakers,Fashion,1,2748,2748,CUST-75587,Website
UK-2026-104228,2026-06-08,North,Chandigarh,Modern Wall Clock,Home & Kitchen,2,829,1658,CUST-97165,App
UK-2026-101617,2026-03-17,West,Pune,Dinner Set 24pc,Home & Kitchen,1,2432,2432,CUST-45666,Website
UK-2026-103368,2026-05-16,North,Noida,Bluetooth Speaker Mini,Electronics,1,1536,1536,CUST-42087,Marketplace
UK-2026-104244,2026-06-21,North,Gurugram,Smart Watch X2,Electronics,2,4569,9138,CUST-46074,App
UK-2026-104669,2026-06-16,East,Kolkata,Leather Wallet,Fashion,1,922,922,CUST-15137,Website
UK-2026-100871,2026-02-05,North,Noida,43-inch Smart TV,Electronics,1,27265,27265,CUST-75516,App
UK-2026-103585,2026-05-18,North,Gurugram,Leather Wallet,Fashion,4,941,3764,CUST-16661,Website
UK-2026-102601,2026-04-04,West,Pune,43-inch Smart TV,Electronics,2,25310,50620,CUST-39918,App
UK-2026-102776,2026-04-09,South,Hyderabad,Mirrorless Camera Lite,Electronics,1,30366,30366,CUST-78125,App
UK-2026-100144,2026-01-03,South,Bengaluru,Running Sneakers,Fashion,2,2778,5556,CUST-23096,App
UK-2026-102613,2026-04-13,West,Pune,Ethnic Dupatta,Fashion,1,523,523,CUST-82744,App
UK-2026-104700,2026-06-23,West,Ahmedabad,Cotton Kurta Set,Fashion,1,1352,1352,CUST-96370,Website
UK-2026-101983,2026-03-05,East,Bhubaneswar,Running Sneakers,Fashion,1,2691,2691,CUST-79180,App
UK-2026-102652,2026-04-11,East,Patna,Bluetooth Speaker Mini,Electronics,1,1454,1454,CUST-81010,App
UK-2026-102555,2026-04-04,North,Gurugram,Beard Grooming Kit,Beauty,1,1014,1014,CUST-22588,App
UK-2026-101841,2026-03-29,West,Ahmedabad,Ethnic Dupatta,Fashion,1,499,499,CUST-98157,Website
UK-2026-103552,2026-05-08,South,Bengaluru,Wireless Earbuds Pro,Electronics,1,2876,2876,CUST-96316,App
UK-2026-104265,2026-06-15,North,Chandigarh,Robot Vacuum R7,Home & Kitchen,2,18357,36714,CUST-82333,Website
UK-2026-104870,2026-06-17,East,Bhubaneswar,Vitamin C Serum,Beauty,1,679,679,CUST-34012,Website
UK-2026-101906,2026-03-29,East,Kolkata,Sunscreen SPF50,Beauty,1,524,524,CUST-33153,Website
UK-2026-101506,2026-03-30,Central,Indore,Gym Gloves,Sports,1,502,502,CUST-74225,App
UK-2026-102726,2026-04-20,Central,Raipur,Adjustable Dumbbells 15kg,Sports,3,4799,14397,CUST-80715,Marketplace
UK-2026-104110,2026-06-24,East,Bhubaneswar,Bluetooth Speaker Mini,Electronics,1,1569,1569,CUST-96982,Marketplace
UK-2026-103924,2026-05-19,West,Ahmedabad,Running Sneakers,Fashion,1,2864,2864,CUST-45731,App
UK-2026-104006,2026-05-21,West,Surat,Running Sneakers,Fashion,1,2874,2874,CUST-48841,App
UK-2026-104135,2026-06-16,Central,Indore,Noise-Cancelling Headphones,Electronics,1,8585,8585,CUST-69999,Marketplace
UK-2026-104546,2026-06-23,East,Patna,Dinner Set 24pc,Home & Kitchen,1,2418,2418,CUST-94621,App
UK-2026-103672,2026-05-07,North,Gurugram,Sunscreen SPF50,Beauty,2,565,1130,CUST-55385,Website
UK-2026-102444,2026-04-13,North,Gurugram,Makeup Brush Set,Beauty,1,1242,1242,CUST-10767,Website
UK-2026-104426,2026-06-11,South,Bengaluru,Ethnic Dupatta,Fashion,2,511,1022,CUST-14164,Website
UK-2026-102472,2026-04-15,North,Gurugram,43-inch Smart TV,Electronics,2,25244,50488,CUST-68296,App
UK-2026-101165,2026-02-22,South,Kochi,Wireless Earbuds Pro,Electronics,1,3041,3041,CUST-71843,App
UK-2026-100401,2026-01-11,South,Kochi,Denim Jacket,Fashion,1,2299,2299,CUST-94964,App
UK-2026-102399,2026-04-19,North,Gurugram,Bluetooth Speaker Mini,Electronics,2,1483,2966,CUST-97331,Website
UK-2026-104865,2026-06-26,North,Gurugram,Adjustable Dumbbells 15kg,Sports,2,4988,9976,CUST-58621,Website
UK-2026-103305,2026-05-20,West,Mumbai,Sunscreen SPF50,Beauty,2,551,1102,CUST-44209,App
UK-2026-101681,2026-03-27,North,Chandigarh,Dinner Set 24pc,Home & Kitchen,4,2416,9664,CUST-17859,Marketplace
UK-2026-100594,2026-01-15,West,Mumbai,Smart Watch X2,Electronics,1,4348,4348,CUST-53226,Marketplace
UK-2026-101171,2026-02-20,South,Hyderabad,Modern Wall Clock,Home & Kitchen,1,788,788,CUST-76231,Website
UK-2026-100186,2026-01-30,West,Surat,Cricket Bat English Willow,Sports,1,8556,8556,CUST-86374,App
UK-2026-100234,2026-01-30,North,Delhi,Cycling Helmet,Sports,1,1555,1555,CUST-66202,App
UK-2026-104162,2026-06-21,Central,Bhopal,Denim Jacket,Fashion,3,2186,6558,CUST-85224,Website
UK-2026-100078,2026-01-05,Central,Bhopal,Mirrorless Camera Lite,Electronics,1,29240,29240,CUST-80149,Marketplace
UK-2026-104073,2026-06-12,North,Delhi,Ethnic Dupatta,Fashion,2,520,1040,CUST-83078,App
UK-2026-104253,2026-06-11,North,Noida,Cotton Bedsheet Set,Home & Kitchen,1,1427,1427,CUST-12915,Website
UK-2026-102048,2026-03-06,Central,Bhopal,Cotton Bedsheet Set,Home & Kitchen,1,1429,1429,CUST-34559,App
UK-2026-102667,2026-04-18,West,Surat,Non-Stick Cookware Set,Home & Kitchen,1,2891,2891,CUST-78928,App
UK-2026-100247,2026-01-31,West,Pune,Power Bank 20000mAh,Electronics,4,1861,7444,CUST-91652,App
UK-2026-102584,2026-04-28,Central,Raipur,Mirrorless Camera Lite,Electronics,1,30429,30429,CUST-37808,Marketplace
UK-2026-101661,2026-03-16,West,Ahmedabad,Mirrorless Camera Lite,Electronics,3,30146,90438,CUST-25166,Website
UK-2026-100820,2026-02-07,East,Patna,Cricket Bat English Willow,Sports,1,8613,8613,CUST-49955,Website
UK-2026-104792,2026-06-24,South,Hyderabad,Foldable Treadmill T2,Sports,4,26131,104524,CUST-99344,Marketplace
UK-2026-101119,2026-02-10,South,Hyderabad,Non-Stick Cookware Set,Home & Kitchen,3,3015,9045,CUST-84682,App
UK-2026-100146,2026-01-07,South,Chennai,Denim Jacket,Fashion,2,2102,4204,CUST-25978,App
UK-2026-104406,2026-06-05,Central,Indore,Running Sneakers,Fashion,2,2833,5666,CUST-42165,Marketplace
UK-2026-101143,2026-02-21,Central,Nagpur,Gym Gloves,Sports,1,492,492,CUST-48689,Website
UK-2026-100634,2026-01-31,South,Bengaluru,Denim Jacket,Fashion,1,2249,2249,CUST-34333,App
UK-2026-102243,2026-04-22,North,Delhi,Vitamin C Serum,Beauty,1,721,721,CUST-92918,App
UK-2026-104948,2026-06-23,Central,Raipur,Cotton Bedsheet Set,Home & Kitchen,2,1363,2726,CUST-98040,App
UK-2026-103674,2026-05-18,Central,Raipur,Non-Stick Cookware Set,Home & Kitchen,2,2829,5658,CUST-43807,App
UK-2026-104610,2026-06-08,East,Guwahati,Cotton Kurta Set,Fashion,1,1284,1284,CUST-40908,Marketplace
UK-2026-102026,2026-03-12,East,Kolkata,Cycling Helmet,Sports,1,1558,1558,CUST-74182,Marketplace
UK-2026-102488,2026-04-06,North,Gurugram,43-inch Smart TV,Electronics,1,24756,24756,CUST-63759,Marketplace
UK-2026-104556,2026-06-18,East,Patna,Eau de Parfum 100ml,Beauty,2,1944,3888,CUST-46074,Website
UK-2026-103517,2026-05-26,South,Kochi,Bluetooth Speaker Mini,Electronics,1,1488,1488,CUST-14719,Website
UK-2026-101037,2026-02-13,West,Ahmedabad,Bluetooth Speaker Mini,Electronics,1,1429,1429,CUST-37811,Website
UK-2026-104744,2026-06-21,South,Chennai,Air Fryer 5L,Home & Kitchen,2,5432,10864,CUST-24530,Website
UK-2026-103564,2026-05-06,West,Mumbai,Ionic Hair Dryer,Beauty,1,1871,1871,CUST-38288,Website
UK-2026-100783,2026-02-20,Central,Nagpur,Electric Kettle 1.5L,Home & Kitchen,1,1097,1097,CUST-73238,Marketplace
UK-2026-100973,2026-02-25,Central,Indore,Sunscreen SPF50,Beauty,1,554,554,CUST-69999,Website
UK-2026-104534,2026-06-30,South,Hyderabad,Air Fryer 5L,Home & Kitchen,1,5353,5353,CUST-15654,Marketplace
UK-2026-102593,2026-04-06,West,Mumbai,Running Sneakers,Fashion,1,2904,2904,CUST-37561,App
UK-2026-101589,2026-03-25,South,Kochi,Leather Wallet,Fashion,1,897,897,CUST-74831,Website
UK-2026-104078,2026-06-22,North,Gurugram,Robot Vacuum R7,Home & Kitchen,1,18146,18146,CUST-41192,App
UK-2026-100159,2026-01-13,North,Noida,43-inch Smart TV,Electronics,3,24979,74937,CUST-43887,App
UK-2026-103239,2026-05-19,North,Delhi,Noise-Cancelling Headphones,Electronics,2,8598,17196,CUST-72184,Marketplace
UK-2026-101503,2026-03-19,South,Kochi,Wireless Earbuds Pro,Electronics,1,2929,2929,CUST-45536,Website
UK-2026-102317,2026-04-08,South,Bengaluru,Wireless Earbuds Pro,Electronics,1,3053,3053,CUST-89296,Website
UK-2026-103315,2026-05-25,East,Bhubaneswar,Adjustable Dumbbells 15kg,Sports,1,4911,4911,CUST-38207,Website
UK-2026-102812,2026-04-22,North,Chandigarh,Eau de Parfum 100ml,Beauty,1,2087,2087,CUST-95033,App
UK-2026-101965,2026-03-06,West,Mumbai,Formal Shirt,Fashion,2,1082,2164,CUST-29296,App
UK-2026-103879,2026-05-07,West,Surat,Football Size 5,Sports,1,898,898,CUST-35374,App
UK-2026-102925,2026-04-28,East,Guwahati,Makeup Brush Set,Beauty,1,1325,1325,CUST-33247,Website
UK-2026-100876,2026-02-19,East,Guwahati,Badminton Racket Set,Sports,2,2516,5032,CUST-26682,App
UK-2026-101677,2026-03-27,North,Chandigarh,Electric Kettle 1.5L,Home & Kitchen,1,1115,1115,CUST-37617,Website
UK-2026-100559,2026-01-10,North,Delhi,Noise-Cancelling Headphones,Electronics,1,9010,9010,CUST-60652,App
UK-2026-104458,2026-06-18,West,Pune,Mixer Grinder 750W,Home & Kitchen,1,3188,3188,CUST-65023,Website
UK-2026-101945,2026-03-06,West,Pune,Bluetooth Speaker Mini,Electronics,1,1543,1543,CUST-84023,App
UK-2026-101533,2026-03-03,South,Chennai,Mixer Grinder 750W,Home & Kitchen,1,3284,3284,CUST-48278,Marketplace
UK-2026-103891,2026-05-13,South,Chennai,43-inch Smart TV,Electronics,2,27268,54536,CUST-36521,Website
UK-2026-100552,2026-01-04,West,Pune,Yoga Mat Pro,Sports,1,1225,1225,CUST-89801,Website
UK-2026-100836,2026-02-09,West,Pune,Formal Shirt,Fashion,1,1080,1080,CUST-67750,App
UK-2026-101962,2026-03-12,South,Bengaluru,Ionic Hair Dryer,Beauty,1,1904,1904,CUST-27353,App
UK-2026-103416,2026-05-14,West,Mumbai,Ultrabook Air 14,Electronics,1,30268,30268,CUST-91240,App
UK-2026-104156,2026-06-27,Central,Raipur,Mixer Grinder 750W,Home & Kitchen,3,3381,10143,CUST-88714,App
UK-2026-100023,2026-01-14,North,Chandigarh,Cotton Bedsheet Set,Home & Kitchen,1,1414,1414,CUST-15021,App
UK-2026-101517,2026-03-03,South,Kochi,Bluetooth Speaker Mini,Electronics,2,1439,2878,CUST-98046,App
UK-2026-103177,2026-05-17,West,Surat,Electric Kettle 1.5L,Home & Kitchen,2,1129,2258,CUST-23591,Marketplace
UK-2026-101992,2026-03-17,South,Bengaluru,Badminton Racket Set,Sports,1,2610,2610,CUST-94299,Website
UK-2026-101907,2026-03-19,South,Bengaluru,Slim Fit Jeans,Fashion,1,1540,1540,CUST-91516,App
UK-2026-101544,2026-03-31,North,Gurugram,Noise-Cancelling Headphones,Electronics,1,9041,9041,CUST-74688,App
UK-2026-104588,2026-06-24,West,Pune,Cotton Bedsheet Set,Home & Kitchen,1,1446,1446,CUST-37901,Website
UK-2026-100141,2026-01-04,West,Mumbai,Makeup Brush Set,Beauty,1,1350,1350,CUST-77029,Website
UK-2026-104960,2026-06-06,South,Chennai,Ethnic Dupatta,Fashion,2,507,1014,CUST-64060,Marketplace
UK-2026-104424,2026-06-01,South,Chennai,Electric Kettle 1.5L,Home & Kitchen,4,1045,4180,CUST-62877,Website
UK-2026-102066,2026-03-17,West,Ahmedabad,Ethnic Dupatta,Fashion,1,486,486,CUST-64137,Website
UK-2026-104045,2026-06-07,Central,Indore,Dinner Set 24pc,Home & Kitchen,1,2610,2610,CUST-11509,App
UK-2026-100264,2026-01-22,Central,Indore,Smart Watch X2,Electronics,1,4318,4318,CUST-88714,App
UK-2026-102570,2026-04-09,South,Kochi,Electric Kettle 1.5L,Home & Kitchen,2,1119,2238,CUST-66319,Website
UK-2026-102963,2026-04-21,Central,Indore,Robot Vacuum R7,Home & Kitchen,2,19876,39752,CUST-80078,Marketplace
UK-2026-102917,2026-04-27,South,Hyderabad,Ultrabook Air 14,Electronics,1,31288,31288,CUST-82744,App
UK-2026-103333,2026-05-23,North,Gurugram,Electric Kettle 1.5L,Home & Kitchen,1,1119,1119,CUST-17912,Marketplace
UK-2026-101467,2026-03-02,South,Bengaluru,Mirrorless Camera Lite,Electronics,3,28743,86229,CUST-37491,Marketplace
UK-2026-103411,2026-05-09,West,Surat,Wireless Earbuds Pro,Electronics,1,3143,3143,CUST-77779,Website
UK-2026-102914,2026-04-05,North,Chandigarh,Ultrabook Air 14,Electronics,1,29666,29666,CUST-28336,Marketplace
UK-2026-103812,2026-05-19,South,Bengaluru,Noise-Cancelling Headphones,Electronics,1,9241,9241,CUST-89743,App
UK-2026-101192,2026-02-21,South,Hyderabad,Cotton Kurta Set,Fashion,1,1298,1298,CUST-58625,App
UK-2026-103143,2026-05-01,South,Chennai,Matte Lipstick Set,Beauty,2,862,1724,CUST-96760,Website
UK-2026-101651,2026-03-07,North,Delhi,Cycling Helmet,Sports,2,1577,3154,CUST-75488,App
UK-2026-102236,2026-03-27,South,Bengaluru,Wireless Earbuds Pro,Electronics,1,2891,2891,CUST-56342,App
UK-2026-102759,2026-04-17,West,Surat,Cotton Kurta Set,Fashion,1,1349,1349,CUST-52899,Marketplace
UK-2026-100930,2026-02-26,North,Delhi,Running Sneakers,Fashion,4,2823,11292,CUST-92349,App
UK-2026-100796,2026-02-18,Central,Raipur,Electric Kettle 1.5L,Home & Kitchen,1,1109,1109,CUST-52359,Website
UK-2026-103675,2026-05-24,East,Guwahati,Modern Wall Clock,Home & Kitchen,1,799,799,CUST-80945,App
UK-2026-101450,2026-02-19,South,Chennai,Formal Shirt,Fashion,1,1103,1103,CUST-50900,App
UK-2026-102694,2026-04-27,West,Surat,Cricket Bat English Willow,Sports,2,9025,18050,CUST-80747,Marketplace
UK-2026-100067,2026-01-14,North,Delhi,43-inch Smart TV,Electronics,1,25711,25711,CUST-64496,App
UK-2026-100341,2026-01-03,South,Hyderabad,Non-Stick Cookware Set,Home & Kitchen,1,2829,2829,CUST-15382,App
UK-2026-104629,2026-06-12,South,Bengaluru,Football Size 5,Sports,1,898,898,CUST-58120,App
UK-2026-104506,2026-06-19,North,Chandigarh,Matte Lipstick Set,Beauty,2,924,1848,CUST-69791,Website
UK-2026-104759,2026-06-03,North,Gurugram,Matte Lipstick Set,Beauty,1,864,864,CUST-24530,App
UK-2026-101003,2026-02-28,West,Mumbai,Bluetooth Speaker Mini,Electronics,1,1543,1543,CUST-10142,Marketplace
UK-2026-102746,2026-04-01,North,Delhi,Eau de Parfum 100ml,Beauty,1,2034,2034,CUST-57236,Website
UK-2026-101660,2026-03-12,East,Patna,Makeup Brush Set,Beauty,1,1287,1287,CUST-25875,Website
UK-2026-103616,2026-05-05,North,Chandigarh,Mirrorless Camera Lite,Electronics,1,29913,29913,CUST-77210,Marketplace
UK-2026-100451,2026-01-28,East,Kolkata,Cotton Bedsheet Set,Home & Kitchen,2,1344,2688,CUST-69220,App
UK-2026-101459,2026-03-17,North,Delhi,Bluetooth Speaker Mini,Electronics,1,1485,1485,CUST-30872,Marketplace
UK-2026-102553,2026-04-16,South,Chennai,Leather Wallet,Fashion,1,907,907,CUST-71197,App
UK-2026-104302,2026-06-15,West,Surat,Beard Grooming Kit,Beauty,1,1035,1035,CUST-12657,App
UK-2026-104204,2026-06-25,South,Hyderabad,Vitamin C Serum,Beauty,3,708,2124,CUST-10782,Marketplace
UK-2026-103089,2026-04-05,North,Chandigarh,Cricket Bat English Willow,Sports,1,9129,9129,CUST-47220,Website
UK-2026-104974,2026-06-20,North,Delhi,Robot Vacuum R7,Home & Kitchen,2,18667,37334,CUST-25773,App
UK-2026-103445,2026-05-24,South,Bengaluru,Cotton Kurta Set,Fashion,1,1278,1278,CUST-66464,App
UK-2026-103378,2026-05-19,North,Gurugram,Yoga Mat Pro,Sports,1,1234,1234,CUST-56733,Marketplace
UK-2026-100122,2026-01-20,North,Chandigarh,Dinner Set 24pc,Home & Kitchen,1,2455,2455,CUST-22280,Website
UK-2026-104649,2026-06-09,West,Mumbai,Football Size 5,Sports,1,933,933,CUST-55346,App
UK-2026-100281,2026-01-09,North,Delhi,Noise-Cancelling Headphones,Electronics,1,8557,8557,CUST-51536,Website
UK-2026-100090,2026-01-26,South,Bengaluru,Badminton Racket Set,Sports,2,2602,5204,CUST-71031,App
UK-2026-102973,2026-04-02,Central,Raipur,Running Sneakers,Fashion,2,2661,5322,CUST-96799,App
UK-2026-103982,2026-05-11,North,Noida,Running Sneakers,Fashion,2,2858,5716,CUST-28595,App
UK-2026-101337,2026-02-23,South,Kochi,Mirrorless Camera Lite,Electronics,1,29960,29960,CUST-63638,Website
UK-2026-103043,2026-04-12,South,Bengaluru,Eau de Parfum 100ml,Beauty,2,2016,4032,CUST-24748,App
UK-2026-101480,2026-03-25,West,Mumbai,Cotton Bedsheet Set,Home & Kitchen,3,1365,4095,CUST-79165,Website
UK-2026-103236,2026-05-31,South,Hyderabad,Noise-Cancelling Headphones,Electronics,2,9224,18448,CUST-77078,App
UK-2026-100479,2026-01-21,North,Gurugram,Foldable Treadmill T2,Sports,2,24270,48540,CUST-75478,App
UK-2026-100190,2026-01-30,West,Mumbai,Cricket Bat English Willow,Sports,1,9110,9110,CUST-10963,App
UK-2026-100799,2026-02-13,South,Chennai,Foldable Treadmill T2,Sports,3,25811,77433,CUST-46749,Website
UK-2026-104868,2026-06-13,Central,Raipur,Makeup Brush Set,Beauty,3,1244,3732,CUST-49997,App
UK-2026-104276,2026-06-27,West,Pune,43-inch Smart TV,Electronics,1,26278,26278,CUST-91431,Marketplace
UK-2026-102251,2026-04-19,North,Delhi,Leather Wallet,Fashion,1,921,921,CUST-63183,Website
UK-2026-104709,2026-06-17,Central,Raipur,Noise-Cancelling Headphones,Electronics,1,9184,9184,CUST-47130,Marketplace
UK-2026-100640,2026-01-12,South,Kochi,Smart Watch X2,Electronics,1,4328,4328,CUST-33353,App
UK-2026-102274,2026-04-23,West,Surat,Robot Vacuum R7,Home & Kitchen,1,18665,18665,CUST-88117,App
UK-2026-103721,2026-05-24,West,Surat,Running Sneakers,Fashion,1,2870,2870,CUST-81861,App
UK-2026-103010,2026-04-13,North,Gurugram,Cotton Bedsheet Set,Home & Kitchen,1,1350,1350,CUST-65702,Marketplace
UK-2026-101073,2026-02-12,South,Hyderabad,Smart Watch X2,Electronics,1,4276,4276,CUST-55028,App
UK-2026-103965,2026-05-05,Central,Raipur,Running Sneakers,Fashion,1,2774,2774,CUST-71743,App
UK-2026-104794,2026-06-15,East,Guwahati,Smart Watch X2,Electronics,1,4363,4363,CUST-80323,Marketplace
UK-2026-100956,2026-02-14,East,Guwahati,Leather Wallet,Fashion,1,874,874,CUST-33884,App
UK-2026-103571,2026-05-03,West,Mumbai,Ethnic Dupatta,Fashion,2,492,984,CUST-42681,App
UK-2026-102233,2026-03-07,East,Patna,Slim Fit Jeans,Fashion,1,1606,1606,CUST-41417,App
UK-2026-100217,2026-01-06,West,Pune,Vitamin C Serum,Beauty,1,674,674,CUST-57863,App
UK-2026-100091,2026-01-08,North,Delhi,Mixer Grinder 750W,Home & Kitchen,1,3204,3204,CUST-11537,App
UK-2026-100151,2026-01-07,East,Patna,Cotton Kurta Set,Fashion,1,1317,1317,CUST-58372,Website
UK-2026-101997,2026-03-03,South,Kochi,Running Sneakers,Fashion,1,2745,2745,CUST-71029,Website
UK-2026-101152,2026-02-19,West,Surat,Cricket Bat English Willow,Sports,1,8563,8563,CUST-29144,App
UK-2026-104486,2026-06-23,East,Patna,Sunscreen SPF50,Beauty,1,549,549,CUST-22619,Marketplace
UK-2026-102512,2026-04-19,South,Hyderabad,Face Wash Combo,Beauty,1,445,445,CUST-76707,Website
UK-2026-104068,2026-06-25,Central,Indore,Cycling Helmet,Sports,2,1540,3080,CUST-97455,App
UK-2026-100004,2026-01-20,West,Ahmedabad,Slim Fit Jeans,Fashion,1,1557,1557,CUST-33929,App
UK-2026-104866,2026-06-06,East,Kolkata,Face Wash Combo,Beauty,3,434,1302,CUST-81364,App
UK-2026-100517,2026-01-30,South,Bengaluru,Eau de Parfum 100ml,Beauty,3,1991,5973,CUST-24670,App
UK-2026-102576,2026-04-07,East,Kolkata,Modern Wall Clock,Home & Kitchen,1,813,813,CUST-34458,Website
UK-2026-104938,2026-06-01,North,Noida,Beard Grooming Kit,Beauty,1,1002,1002,CUST-49096,App
UK-2026-104127,2026-06-11,South,Kochi,Makeup Brush Set,Beauty,1,1241,1241,CUST-39233,App
UK-2026-100232,2026-01-26,North,Noida,Running Sneakers,Fashion,1,2912,2912,CUST-86282,Website
UK-2026-100503,2026-01-17,South,Chennai,43-inch Smart TV,Electronics,2,26493,52986,CUST-15696,Website
UK-2026-103858,2026-05-05,West,Mumbai,Modern Wall Clock,Home & Kitchen,1,778,778,CUST-18058,App
UK-2026-103710,2026-05-11,North,Noida,Wireless Earbuds Pro,Electronics,1,3021,3021,CUST-17172,App
UK-2026-103206,2026-05-08,South,Chennai,Cycling Helmet,Sports,2,1592,3184,CUST-13793,Marketplace
UK-2026-100751,2026-02-15,East,Patna,Robot Vacuum R7,Home & Kitchen,1,18420,18420,CUST-97038,Marketplace
UK-2026-104429,2026-06-11,West,Mumbai,Cricket Bat English Willow,Sports,1,9339,9339,CUST-94621,Website
UK-2026-101048,2026-02-12,South,Hyderabad,Sunscreen SPF50,Beauty,2,541,1082,CUST-76670,Marketplace
UK-2026-104342,2026-06-23,West,Surat,Adjustable Dumbbells 15kg,Sports,1,4821,4821,CUST-64895,Marketplace
UK-2026-102669,2026-04-08,West,Mumbai,Bluetooth Speaker Mini,Electronics,1,1465,1465,CUST-34559,App
UK-2026-100086,2026-01-01,Central,Bhopal,Ethnic Dupatta,Fashion,1,493,493,CUST-32955,App
UK-2026-104182,2026-06-08,North,Noida,Silk Saree,Fashion,1,3365,3365,CUST-22588,App
UK-2026-104861,2026-06-19,West,Surat,Football Size 5,Sports,2,938,1876,CUST-51694,Website
UK-2026-103047,2026-04-11,West,Ahmedabad,Mirrorless Camera Lite,Electronics,2,28913,57826,CUST-33153,App
UK-2026-104422,2026-06-29,Central,Nagpur,Face Wash Combo,Beauty,1,442,442,CUST-39935,App
UK-2026-101398,2026-02-04,Central,Raipur,Adjustable Dumbbells 15kg,Sports,1,4834,4834,CUST-76413,Website
UK-2026-103945,2026-05-28,East,Patna,Cotton Kurta Set,Fashion,1,1261,1261,CUST-97857,App
UK-2026-102166,2026-03-15,Central,Nagpur,Matte Lipstick Set,Beauty,1,895,895,CUST-80078,App
UK-2026-101995,2026-03-27,North,Chandigarh,Adjustable Dumbbells 15kg,Sports,1,4933,4933,CUST-67701,App
UK-2026-104650,2026-06-07,South,Chennai,Cotton Bedsheet Set,Home & Kitchen,1,1363,1363,CUST-56209,Website
UK-2026-104822,2026-06-21,South,Hyderabad,Non-Stick Cookware Set,Home & Kitchen,1,2865,2865,CUST-12855,App
UK-2026-100174,2026-01-04,North,Chandigarh,Football Size 5,Sports,2,910,1820,CUST-25093,App
UK-2026-101209,2026-02-10,South,Kochi,Beard Grooming Kit,Beauty,1,991,991,CUST-42087,App
UK-2026-103139,2026-05-16,South,Chennai,Power Bank 20000mAh,Electronics,1,1868,1868,CUST-24530,App
UK-2026-100235,2026-01-14,Central,Indore,Ionic Hair Dryer,Beauty,1,1881,1881,CUST-89543,App
UK-2026-102139,2026-03-29,North,Chandigarh,Running Sneakers,Fashion,1,2679,2679,CUST-75485,App
UK-2026-101115,2026-02-04,North,Noida,Noise-Cancelling Headphones,Electronics,1,8805,8805,CUST-41876,Marketplace
UK-2026-103415,2026-05-28,South,Kochi,Bluetooth Speaker Mini,Electronics,1,1507,1507,CUST-27926,Marketplace
UK-2026-102239,2026-03-10,West,Mumbai,Power Bank 20000mAh,Electronics,1,1733,1733,CUST-33523,Marketplace
UK-2026-103503,2026-05-22,South,Hyderabad,Eau de Parfum 100ml,Beauty,1,1937,1937,CUST-99591,Website
UK-2026-103371,2026-05-03,West,Pune,Running Sneakers,Fashion,1,2810,2810,CUST-67830,Website
UK-2026-104020,2026-05-10,West,Surat,Robot Vacuum R7,Home & Kitchen,1,19917,19917,CUST-20785,Website
UK-2026-103724,2026-05-16,South,Chennai,Denim Jacket,Fashion,1,2102,2102,CUST-67582,Website
UK-2026-104475,2026-06-07,North,Chandigarh,43-inch Smart TV,Electronics,3,25810,77430,CUST-33508,App
UK-2026-102719,2026-04-26,North,Noida,Ethnic Dupatta,Fashion,3,515,1545,CUST-17859,Website
UK-2026-101972,2026-03-18,East,Patna,Foldable Treadmill T2,Sports,1,24332,24332,CUST-38638,App
UK-2026-103267,2026-05-06,East,Bhubaneswar,Electric Kettle 1.5L,Home & Kitchen,1,1112,1112,CUST-14346,Marketplace
UK-2026-103591,2026-05-31,East,Kolkata,Slim Fit Jeans,Fashion,1,1637,1637,CUST-68248,Website
UK-2026-104500,2026-06-30,South,Hyderabad,Noise-Cancelling Headphones,Electronics,1,8834,8834,CUST-37808,Website
UK-2026-101354,2026-02-09,Central,Indore,Cotton Bedsheet Set,Home & Kitchen,1,1347,1347,CUST-48111,App
UK-2026-100467,2026-01-17,South,Chennai,Silk Saree,Fashion,1,3486,3486,CUST-84176,App
UK-2026-103760,2026-05-14,East,Guwahati,Eau de Parfum 100ml,Beauty,3,1981,5943,CUST-48088,App
UK-2026-102487,2026-04-29,South,Hyderabad,Ultrabook Air 14,Electronics,1,30632,30632,CUST-72046,Marketplace
UK-2026-102103,2026-03-17,East,Bhubaneswar,Noise-Cancelling Headphones,Electronics,1,8721,8721,CUST-94269,Marketplace
UK-2026-102909,2026-04-24,North,Noida,Cotton Bedsheet Set,Home & Kitchen,4,1366,5464,CUST-66737,Website
UK-2026-104581,2026-06-22,South,Bengaluru,Ionic Hair Dryer,Beauty,1,1928,1928,CUST-40405,App
UK-2026-103587,2026-05-11,West,Mumbai,Wireless Earbuds Pro,Electronics,1,3065,3065,CUST-34374,Marketplace
UK-2026-102217,2026-03-28,South,Chennai,Leather Wallet,Fashion,2,870,1740,CUST-28745,Marketplace
UK-2026-100761,2026-02-27,East,Bhubaneswar,Cotton Bedsheet Set,Home & Kitchen,1,1379,1379,CUST-89773,Website
UK-2026-104040,2026-06-04,West,Pune,Ionic Hair Dryer,Beauty,1,1921,1921,CUST-15619,Website
UK-2026-101484,2026-03-12,South,Bengaluru,Wireless Earbuds Pro,Electronics,1,2967,2967,CUST-87979,Website
UK-2026-102625,2026-04-10,South,Hyderabad,Non-Stick Cookware Set,Home & Kitchen,1,2861,2861,CUST-41876,Marketplace
UK-2026-101023,2026-02-23,South,Bengaluru,Adjustable Dumbbells 15kg,Sports,1,4945,4945,CUST-77804,Website
UK-2026-104574,2026-06-05,North,Gurugram,Ethnic Dupatta,Fashion,1,495,495,CUST-35319,App
UK-2026-104820,2026-06-11,West,Pune,Power Bank 20000mAh,Electronics,2,1862,3724,CUST-58061,App
UK-2026-102131,2026-03-10,Central,Indore,Dinner Set 24pc,Home & Kitchen,1,2379,2379,CUST-81225,Website
UK-2026-104798,2026-06-25,Central,Indore,Wireless Earbuds Pro,Electronics,1,2946,2946,CUST-84609,Website
UK-2026-102691,2026-04-08,East,Guwahati,Yoga Mat Pro,Sports,1,1172,1172,CUST-21530,Website
UK-2026-102610,2026-04-15,East,Guwahati,Power Bank 20000mAh,Electronics,1,1818,1818,CUST-96141,Website
UK-2026-103087,2026-04-15,South,Bengaluru,Sunscreen SPF50,Beauty,2,536,1072,CUST-55489,Marketplace
UK-2026-100002,2026-01-16,South,Bengaluru,Wireless Earbuds Pro,Electronics,1,2895,2895,CUST-34464,Marketplace
UK-2026-104219,2026-06-01,North,Gurugram,Modern Wall Clock,Home & Kitchen,1,793,793,CUST-29576,App
UK-2026-100569,2026-01-10,South,Bengaluru,Foldable Treadmill T2,Sports,1,24571,24571,CUST-68773,Website
UK-2026-102945,2026-04-20,South,Kochi,Vitamin C Serum,Beauty,2,717,1434,CUST-33508,App
UK-2026-103164,2026-05-21,Central,Raipur,Silk Saree,Fashion,1,3458,3458,CUST-79559,App
UK-2026-101768,2026-03-06,South,Chennai,Non-Stick Cookware Set,Home & Kitchen,1,3018,3018,CUST-22429,App
UK-2026-103495,2026-05-26,North,Chandigarh,Leather Wallet,Fashion,1,937,937,CUST-71969,Website
UK-2026-104001,2026-05-27,West,Mumbai,Electric Kettle 1.5L,Home & Kitchen,1,1116,1116,CUST-64183,Marketplace
UK-2026-102854,2026-04-06,Central,Nagpur,Silk Saree,Fashion,1,3527,3527,CUST-17479,App
UK-2026-101829,2026-03-26,South,Chennai,Air Fryer 5L,Home & Kitchen,1,5494,5494,CUST-87708,Marketplace
UK-2026-102315,2026-04-23,Central,Bhopal,Air Fryer 5L,Home & Kitchen,2,5407,10814,CUST-37401,App
UK-2026-103579,2026-05-14,South,Bengaluru,Cotton Kurta Set,Fashion,1,1320,1320,CUST-88992,App
UK-2026-104365,2026-06-19,South,Chennai,Slim Fit Jeans,Fashion,1,1675,1675,CUST-19998,App
UK-2026-101690,2026-03-21,West,Surat,Electric Kettle 1.5L,Home & Kitchen,2,1052,2104,CUST-93957,Marketplace
UK-2026-102485,2026-04-13,Central,Bhopal,Electric Kettle 1.5L,Home & Kitchen,1,1108,1108,CUST-99683,Marketplace
UK-2026-100518,2026-01-19,East,Kolkata,Cricket Bat English Willow,Sports,2,8887,17774,CUST-67701,App
UK-2026-102423,2026-04-17,South,Bengaluru,Mixer Grinder 750W,Home & Kitchen,1,3219,3219,CUST-42681,App
UK-2026-103625,2026-05-08,West,Ahmedabad,Cotton Bedsheet Set,Home & Kitchen,2,1452,2904,CUST-24797,Marketplace
UK-2026-103794,2026-05-11,North,Chandigarh,Mirrorless Camera Lite,Electronics,1,28033,28033,CUST-71791,Marketplace
UK-2026-100675,2026-01-31,West,Ahmedabad,Non-Stick Cookware Set,Home & Kitchen,4,2807,11228,CUST-86849,App
UK-2026-102888,2026-04-23,South,Chennai,43-inch Smart TV,Electronics,1,26223,26223,CUST-28408,App
UK-2026-104595,2026-06-14,North,Delhi,Robot Vacuum R7,Home & Kitchen,1,19396,19396,CUST-99879,App
UK-2026-103630,2026-05-06,South,Kochi,Modern Wall Clock,Home & Kitchen,1,766,766,CUST-25728,Website
UK-2026-102813,2026-04-22,South,Bengaluru,Foldable Treadmill T2,Sports,2,26070,52140,CUST-10378,Marketplace
UK-2026-101060,2026-02-15,South,Chennai,Air Fryer 5L,Home & Kitchen,1,5641,5641,CUST-85218,Website
UK-2026-102766,2026-04-11,West,Pune,Ultrabook Air 14,Electronics,1,31225,31225,CUST-64201,Website
UK-2026-102436,2026-04-03,West,Mumbai,Cotton Kurta Set,Fashion,1,1303,1303,CUST-55346,App
UK-2026-102619,2026-04-23,North,Noida,Bluetooth Speaker Mini,Electronics,1,1432,1432,CUST-79476,Marketplace
UK-2026-100068,2026-01-20,South,Kochi,Ionic Hair Dryer,Beauty,1,1908,1908,CUST-28586,Website
UK-2026-100439,2026-01-02,South,Kochi,Adjustable Dumbbells 15kg,Sports,2,4932,9864,CUST-47666,App
UK-2026-103358,2026-05-07,West,Ahmedabad,Bluetooth Speaker Mini,Electronics,1,1442,1442,CUST-70965,Marketplace
UK-2026-103688,2026-05-14,North,Chandigarh,Modern Wall Clock,Home & Kitchen,1,811,811,CUST-74182,Website
UK-2026-103052,2026-04-03,North,Chandigarh,Face Wash Combo,Beauty,1,430,430,CUST-41564,Website
UK-2026-102369,2026-04-21,South,Bengaluru,Bluetooth Speaker Mini,Electronics,1,1440,1440,CUST-95944,Website
UK-2026-101913,2026-03-14,South,Bengaluru,Running Sneakers,Fashion,1,2708,2708,CUST-72255,App
UK-2026-104627,2026-06-09,South,Bengaluru,Noise-Cancelling Headphones,Electronics,1,9114,9114,CUST-18318,App
UK-2026-101000,2026-02-12,South,Bengaluru,Gym Gloves,Sports,1,476,476,CUST-46349,Website
UK-2026-104927,2026-06-10,East,Bhubaneswar,Gym Gloves,Sports,1,510,510,CUST-41363,Marketplace
UK-2026-102516,2026-04-20,West,Surat,Non-Stick Cookware Set,Home & Kitchen,1,2818,2818,CUST-33508,App
UK-2026-101892,2026-03-26,South,Hyderabad,Cotton Kurta Set,Fashion,2,1264,2528,CUST-76670,Website
UK-2026-101044,2026-02-26,West,Ahmedabad,Ionic Hair Dryer,Beauty,1,1921,1921,CUST-94320,App
UK-2026-102896,2026-04-20,West,Surat,Cotton Kurta Set,Fashion,1,1355,1355,CUST-55642,App
UK-2026-100032,2026-01-28,North,Gurugram,Ethnic Dupatta,Fashion,2,499,998,CUST-69124,App
UK-2026-104809,2026-06-21,South,Chennai,Ethnic Dupatta,Fashion,1,476,476,CUST-56465,App
UK-2026-100491,2026-01-06,South,Hyderabad,Slim Fit Jeans,Fashion,1,1552,1552,CUST-43196,Website
UK-2026-103634,2026-05-28,North,Noida,Cycling Helmet,Sports,1,1619,1619,CUST-80030,App
UK-2026-100776,2026-02-18,West,Pune,Power Bank 20000mAh,Electronics,1,1807,1807,CUST-37901,App
UK-2026-103292,2026-05-09,North,Chandigarh,Denim Jacket,Fashion,1,2209,2209,CUST-77571,Website
UK-2026-101936,2026-03-26,South,Kochi,Dinner Set 24pc,Home & Kitchen,2,2459,4918,CUST-53359,App
UK-2026-104117,2026-06-04,West,Surat,Mirrorless Camera Lite,Electronics,1,29057,29057,CUST-32075,Website
UK-2026-104745,2026-06-13,West,Surat,43-inch Smart TV,Electronics,1,26804,26804,CUST-58488,Marketplace
UK-2026-102913,2026-04-23,West,Surat,Cotton Bedsheet Set,Home & Kitchen,1,1346,1346,CUST-60602,App
UK-2026-103717,2026-05-06,East,Patna,Bluetooth Speaker Mini,Electronics,1,1476,1476,CUST-84869,Marketplace
UK-2026-101918,2026-03-19,West,Mumbai,Power Bank 20000mAh,Electronics,1,1844,1844,CUST-43141,Marketplace
UK-2026-102417,2026-04-01,South,Kochi,Non-Stick Cookware Set,Home & Kitchen,2,2922,5844,CUST-46607,App
UK-2026-104383,2026-06-23,South,Kochi,Leather Wallet,Fashion,2,941,1882,CUST-47160,Marketplace
UK-2026-104844,2026-06-17,West,Mumbai,Yoga Mat Pro,Sports,1,1198,1198,CUST-21826,App
UK-2026-100945,2026-02-09,West,Mumbai,Ultrabook Air 14,Electronics,2,30064,60128,CUST-67284,Website
UK-2026-103597,2026-05-18,South,Bengaluru,Badminton Racket Set,Sports,2,2599,5198,CUST-66055,App
UK-2026-102777,2026-04-08,West,Surat,43-inch Smart TV,Electronics,1,24936,24936,CUST-97832,Marketplace
UK-2026-101756,2026-03-10,Central,Raipur,Silk Saree,Fashion,1,3483,3483,CUST-13069,Website
UK-2026-100714,2026-01-02,East,Kolkata,Running Sneakers,Fashion,1,2730,2730,CUST-99549,App
UK-2026-102459,2026-04-07,East,Bhubaneswar,Smart Watch X2,Electronics,1,4598,4598,CUST-96010,App
UK-2026-101135,2026-02-20,Central,Indore,Makeup Brush Set,Beauty,1,1323,1323,CUST-13347,Marketplace
